date,compute_type,customer_segment,compute_hours
2023-07-01,GPU Training,Enterprise,9037
2023-07-01,GPU Training,Mid-Market,3113
2023-07-01,GPU Training,Startup,1465
2023-07-01,GPU Training,Research/Academic,2567
2023-07-01,GPU Inference,Enterprise,4955
2023-07-01,GPU Inference,Mid-Market,2139
2023-07-01,GPU Inference,Startup,1496
2023-07-01,GPU Inference,Research/Academic,783
2023-07-01,CPU Batch,Enterprise,3903
2023-07-01,CPU Batch,Mid-Market,1840
2023-07-01,CPU Batch,Startup,579
2023-07-01,CPU Batch,Research/Academic,1039
2023-07-01,CPU Interactive,Enterprise,2163
2023-07-01,CPU Interactive,Mid-Market,1167
2023-07-01,CPU Interactive,Startup,685
2023-07-01,CPU Interactive,Research/Academic,1259
2023-07-02,GPU Training,Enterprise,8500
2023-07-02,GPU Training,Mid-Market,2938
2023-07-02,GPU Training,Startup,1397
2023-07-02,GPU Training,Research/Academic,2224
2023-07-02,GPU Inference,Enterprise,4806
2023-07-02,GPU Inference,Mid-Market,2020
2023-07-02,GPU Inference,Startup,1543
2023-07-02,GPU Inference,Research/Academic,717
2023-07-02,CPU Batch,Enterprise,3292
2023-07-02,CPU Batch,Mid-Market,1634
2023-07-02,CPU Batch,Startup,476
2023-07-02,CPU Batch,Research/Academic,862
2023-07-02,CPU Interactive,Enterprise,1892
2023-07-02,CPU Interactive,Mid-Market,959
2023-07-02,CPU Interactive,Startup,722
2023-07-02,CPU Interactive,Research/Academic,1125
2023-07-03,GPU Training,Enterprise,10949
2023-07-03,GPU Training,Mid-Market,3960
2023-07-03,GPU Training,Startup,1807
2023-07-03,GPU Training,Research/Academic,3259
2023-07-03,GPU Inference,Enterprise,7422
2023-07-03,GPU Inference,Mid-Market,3078
2023-07-03,GPU Inference,Startup,1860
2023-07-03,GPU Inference,Research/Academic,1177
2023-07-03,CPU Batch,Enterprise,5867
2023-07-03,CPU Batch,Mid-Market,2958
2023-07-03,CPU Batch,Startup,701
2023-07-03,CPU Batch,Research/Academic,1450
2023-07-03,CPU Interactive,Enterprise,3741
2023-07-03,CPU Interactive,Mid-Market,1891
2023-07-03,CPU Interactive,Startup,1241
2023-07-03,CPU Interactive,Research/Academic,2368
2023-07-04,GPU Training,Enterprise,6636
2023-07-04,GPU Training,Mid-Market,2656
2023-07-04,GPU Training,Startup,1370
2023-07-04,GPU Training,Research/Academic,1645
2023-07-04,GPU Inference,Enterprise,4067
2023-07-04,GPU Inference,Mid-Market,2014
2023-07-04,GPU Inference,Startup,1532
2023-07-04,GPU Inference,Research/Academic,557
2023-07-04,CPU Batch,Enterprise,3190
2023-07-04,CPU Batch,Mid-Market,1954
2023-07-04,CPU Batch,Startup,529
2023-07-04,CPU Batch,Research/Academic,792
2023-07-04,CPU Interactive,Enterprise,2068
2023-07-04,CPU Interactive,Mid-Market,1179
2023-07-04,CPU Interactive,Startup,924
2023-07-04,CPU Interactive,Research/Academic,1316
2023-07-05,GPU Training,Enterprise,12665
2023-07-05,GPU Training,Mid-Market,4884
2023-07-05,GPU Training,Startup,1774
2023-07-05,GPU Training,Research/Academic,3158
2023-07-05,GPU Inference,Enterprise,8352
2023-07-05,GPU Inference,Mid-Market,3488
2023-07-05,GPU Inference,Startup,1911
2023-07-05,GPU Inference,Research/Academic,1103
2023-07-05,CPU Batch,Enterprise,5815
2023-07-05,CPU Batch,Mid-Market,3124
2023-07-05,CPU Batch,Startup,819
2023-07-05,CPU Batch,Research/Academic,1593
2023-07-05,CPU Interactive,Enterprise,4103
2023-07-05,CPU Interactive,Mid-Market,2111
2023-07-05,CPU Interactive,Startup,1351
2023-07-05,CPU Interactive,Research/Academic,2542
2023-07-06,GPU Training,Enterprise,12546
2023-07-06,GPU Training,Mid-Market,4415
2023-07-06,GPU Training,Startup,1774
2023-07-06,GPU Training,Research/Academic,3179
2023-07-06,GPU Inference,Enterprise,7702
2023-07-06,GPU Inference,Mid-Market,3663
2023-07-06,GPU Inference,Startup,2109
2023-07-06,GPU Inference,Research/Academic,1209
2023-07-06,CPU Batch,Enterprise,6152
2023-07-06,CPU Batch,Mid-Market,3114
2023-07-06,CPU Batch,Startup,872
2023-07-06,CPU Batch,Research/Academic,1496
2023-07-06,CPU Interactive,Enterprise,4215
2023-07-06,CPU Interactive,Mid-Market,2133
2023-07-06,CPU Interactive,Startup,1052
2023-07-06,CPU Interactive,Research/Academic,2383
2023-07-07,GPU Training,Enterprise,11160
2023-07-07,GPU Training,Mid-Market,4120
2023-07-07,GPU Training,Startup,1858
2023-07-07,GPU Training,Research/Academic,2911
2023-07-07,GPU Inference,Enterprise,7598
2023-07-07,GPU Inference,Mid-Market,3703
2023-07-07,GPU Inference,Startup,2043
2023-07-07,GPU Inference,Research/Academic,1222
2023-07-07,CPU Batch,Enterprise,5654
2023-07-07,CPU Batch,Mid-Market,2894
2023-07-07,CPU Batch,Startup,699
2023-07-07,CPU Batch,Research/Academic,1426
2023-07-07,CPU Interactive,Enterprise,4050
2023-07-07,CPU Interactive,Mid-Market,1736
2023-07-07,CPU Interactive,Startup,1240
2023-07-07,CPU Interactive,Research/Academic,2490
2023-07-08,GPU Training,Enterprise,8761
2023-07-08,GPU Training,Mid-Market,3045
2023-07-08,GPU Training,Startup,1362
2023-07-08,GPU Training,Research/Academic,2286
2023-07-08,GPU Inference,Enterprise,5449
2023-07-08,GPU Inference,Mid-Market,2371
2023-07-08,GPU Inference,Startup,1809
2023-07-08,GPU Inference,Research/Academic,790
2023-07-08,CPU Batch,Enterprise,3757
2023-07-08,CPU Batch,Mid-Market,1983
2023-07-08,CPU Batch,Startup,537
2023-07-08,CPU Batch,Research/Academic,1089
2023-07-08,CPU Interactive,Enterprise,2237
2023-07-08,CPU Interactive,Mid-Market,1110
2023-07-08,CPU Interactive,Startup,775
2023-07-08,CPU Interactive,Research/Academic,1227
2023-07-09,GPU Training,Enterprise,8204
2023-07-09,GPU Training,Mid-Market,2963
2023-07-09,GPU Training,Startup,1210
2023-07-09,GPU Training,Research/Academic,2003
2023-07-09,GPU Inference,Enterprise,5004
2023-07-09,GPU Inference,Mid-Market,2107
2023-07-09,GPU Inference,Startup,1132
2023-07-09,GPU Inference,Research/Academic,671
2023-07-09,CPU Batch,Enterprise,3398
2023-07-09,CPU Batch,Mid-Market,1780
2023-07-09,CPU Batch,Startup,569
2023-07-09,CPU Batch,Research/Academic,1058
2023-07-09,CPU Interactive,Enterprise,1897
2023-07-09,CPU Interactive,Mid-Market,872
2023-07-09,CPU Interactive,Startup,435
2023-07-09,CPU Interactive,Research/Academic,1189
2023-07-10,GPU Training,Enterprise,10870
2023-07-10,GPU Training,Mid-Market,4098
2023-07-10,GPU Training,Startup,1572
2023-07-10,GPU Training,Research/Academic,2949
2023-07-10,GPU Inference,Enterprise,7841
2023-07-10,GPU Inference,Mid-Market,3333
2023-07-10,GPU Inference,Startup,2042
2023-07-10,GPU Inference,Research/Academic,1031
2023-07-10,CPU Batch,Enterprise,5336
2023-07-10,CPU Batch,Mid-Market,2759
2023-07-10,CPU Batch,Startup,757
2023-07-10,CPU Batch,Research/Academic,1641
2023-07-10,CPU Interactive,Enterprise,3753
2023-07-10,CPU Interactive,Mid-Market,2002
2023-07-10,CPU Interactive,Startup,1058
2023-07-10,CPU Interactive,Research/Academic,2118
2023-07-11,GPU Training,Enterprise,11352
2023-07-11,GPU Training,Mid-Market,4214
2023-07-11,GPU Training,Startup,2297
2023-07-11,GPU Training,Research/Academic,2933
2023-07-11,GPU Inference,Enterprise,8168
2023-07-11,GPU Inference,Mid-Market,3254
2023-07-11,GPU Inference,Startup,2449
2023-07-11,GPU Inference,Research/Academic,1213
2023-07-11,CPU Batch,Enterprise,5839
2023-07-11,CPU Batch,Mid-Market,2932
2023-07-11,CPU Batch,Startup,726
2023-07-11,CPU Batch,Research/Academic,1519
2023-07-11,CPU Interactive,Enterprise,3962
2023-07-11,CPU Interactive,Mid-Market,1854
2023-07-11,CPU Interactive,Startup,1042
2023-07-11,CPU Interactive,Research/Academic,2550
2023-07-12,GPU Training,Enterprise,13176
2023-07-12,GPU Training,Mid-Market,4701
2023-07-12,GPU Training,Startup,1840
2023-07-12,GPU Training,Research/Academic,3358
2023-07-12,GPU Inference,Enterprise,8569
2023-07-12,GPU Inference,Mid-Market,3626
2023-07-12,GPU Inference,Startup,2148
2023-07-12,GPU Inference,Research/Academic,1323
2023-07-12,CPU Batch,Enterprise,6149
2023-07-12,CPU Batch,Mid-Market,3368
2023-07-12,CPU Batch,Startup,826
2023-07-12,CPU Batch,Research/Academic,1367
2023-07-12,CPU Interactive,Enterprise,3963
2023-07-12,CPU Interactive,Mid-Market,2352
2023-07-12,CPU Interactive,Startup,1550
2023-07-12,CPU Interactive,Research/Academic,2571
2023-07-13,GPU Training,Enterprise,12190
2023-07-13,GPU Training,Mid-Market,5154
2023-07-13,GPU Training,Startup,1636
2023-07-13,GPU Training,Research/Academic,3056
2023-07-13,GPU Inference,Enterprise,8354
2023-07-13,GPU Inference,Mid-Market,3478
2023-07-13,GPU Inference,Startup,2260
2023-07-13,GPU Inference,Research/Academic,1195
2023-07-13,CPU Batch,Enterprise,6129
2023-07-13,CPU Batch,Mid-Market,3340
2023-07-13,CPU Batch,Startup,817
2023-07-13,CPU Batch,Research/Academic,1588
2023-07-13,CPU Interactive,Enterprise,3961
2023-07-13,CPU Interactive,Mid-Market,2146
2023-07-13,CPU Interactive,Startup,1170
2023-07-13,CPU Interactive,Research/Academic,2430
2023-07-14,GPU Training,Enterprise,11416
2023-07-14,GPU Training,Mid-Market,4343
2023-07-14,GPU Training,Startup,1993
2023-07-14,GPU Training,Research/Academic,2819
2023-07-14,GPU Inference,Enterprise,7783
2023-07-14,GPU Inference,Mid-Market,3301
2023-07-14,GPU Inference,Startup,2077
2023-07-14,GPU Inference,Research/Academic,1252
2023-07-14,CPU Batch,Enterprise,6008
2023-07-14,CPU Batch,Mid-Market,3232
2023-07-14,CPU Batch,Startup,772
2023-07-14,CPU Batch,Research/Academic,1387
2023-07-14,CPU Interactive,Enterprise,3892
2023-07-14,CPU Interactive,Mid-Market,2000
2023-07-14,CPU Interactive,Startup,1208
2023-07-14,CPU Interactive,Research/Academic,2243
2023-07-15,GPU Training,Enterprise,9047
2023-07-15,GPU Training,Mid-Market,3445
2023-07-15,GPU Training,Startup,1842
2023-07-15,GPU Training,Research/Academic,2776
2023-07-15,GPU Inference,Enterprise,5257
2023-07-15,GPU Inference,Mid-Market,2343
2023-07-15,GPU Inference,Startup,1269
2023-07-15,GPU Inference,Research/Academic,771
2023-07-15,CPU Batch,Enterprise,3971
2023-07-15,CPU Batch,Mid-Market,2136
2023-07-15,CPU Batch,Startup,480
2023-07-15,CPU Batch,Research/Academic,928
2023-07-15,CPU Interactive,Enterprise,1992
2023-07-15,CPU Interactive,Mid-Market,1075
2023-07-15,CPU Interactive,Startup,576
2023-07-15,CPU Interactive,Research/Academic,1295
2023-07-16,GPU Training,Enterprise,8166
2023-07-16,GPU Training,Mid-Market,3160
2023-07-16,GPU Training,Startup,1035
2023-07-16,GPU Training,Research/Academic,1992
2023-07-16,GPU Inference,Enterprise,5353
2023-07-16,GPU Inference,Mid-Market,1975
2023-07-16,GPU Inference,Startup,1200
2023-07-16,GPU Inference,Research/Academic,845
2023-07-16,CPU Batch,Enterprise,3776
2023-07-16,CPU Batch,Mid-Market,1551
2023-07-16,CPU Batch,Startup,430
2023-07-16,CPU Batch,Research/Academic,861
2023-07-16,CPU Interactive,Enterprise,2006
2023-07-16,CPU Interactive,Mid-Market,875
2023-07-16,CPU Interactive,Startup,548
2023-07-16,CPU Interactive,Research/Academic,1240
2023-07-17,GPU Training,Enterprise,11482
2023-07-17,GPU Training,Mid-Market,4135
2023-07-17,GPU Training,Startup,1680
2023-07-17,GPU Training,Research/Academic,2677
2023-07-17,GPU Inference,Enterprise,7500
2023-07-17,GPU Inference,Mid-Market,3268
2023-07-17,GPU Inference,Startup,2169
2023-07-17,GPU Inference,Research/Academic,1074
2023-07-17,CPU Batch,Enterprise,5826
2023-07-17,CPU Batch,Mid-Market,3072
2023-07-17,CPU Batch,Startup,779
2023-07-17,CPU Batch,Research/Academic,1466
2023-07-17,CPU Interactive,Enterprise,3753
2023-07-17,CPU Interactive,Mid-Market,1876
2023-07-17,CPU Interactive,Startup,1035
2023-07-17,CPU Interactive,Research/Academic,2390
2023-07-18,GPU Training,Enterprise,11810
2023-07-18,GPU Training,Mid-Market,5165
2023-07-18,GPU Training,Startup,2167
2023-07-18,GPU Training,Research/Academic,3236
2023-07-18,GPU Inference,Enterprise,7720
2023-07-18,GPU Inference,Mid-Market,3239
2023-07-18,GPU Inference,Startup,2560
2023-07-18,GPU Inference,Research/Academic,1205
2023-07-18,CPU Batch,Enterprise,6001
2023-07-18,CPU Batch,Mid-Market,2609
2023-07-18,CPU Batch,Startup,880
2023-07-18,CPU Batch,Research/Academic,1522
2023-07-18,CPU Interactive,Enterprise,3870
2023-07-18,CPU Interactive,Mid-Market,1961
2023-07-18,CPU Interactive,Startup,1260
2023-07-18,CPU Interactive,Research/Academic,2528
2023-07-19,GPU Training,Enterprise,12285
2023-07-19,GPU Training,Mid-Market,4644
2023-07-19,GPU Training,Startup,1826
2023-07-19,GPU Training,Research/Academic,3328
2023-07-19,GPU Inference,Enterprise,8693
2023-07-19,GPU Inference,Mid-Market,3013
2023-07-19,GPU Inference,Startup,2223
2023-07-19,GPU Inference,Research/Academic,1231
2023-07-19,CPU Batch,Enterprise,6129
2023-07-19,CPU Batch,Mid-Market,2955
2023-07-19,CPU Batch,Startup,657
2023-07-19,CPU Batch,Research/Academic,1549
2023-07-19,CPU Interactive,Enterprise,4498
2023-07-19,CPU Interactive,Mid-Market,1889
2023-07-19,CPU Interactive,Startup,1405
2023-07-19,CPU Interactive,Research/Academic,2543
2023-07-20,GPU Training,Enterprise,12408
2023-07-20,GPU Training,Mid-Market,4349
2023-07-20,GPU Training,Startup,1810
2023-07-20,GPU Training,Research/Academic,3649
2023-07-20,GPU Inference,Enterprise,8398
2023-07-20,GPU Inference,Mid-Market,4077
2023-07-20,GPU Inference,Startup,2639
2023-07-20,GPU Inference,Research/Academic,1258
2023-07-20,CPU Batch,Enterprise,6496
2023-07-20,CPU Batch,Mid-Market,3129
2023-07-20,CPU Batch,Startup,896
2023-07-20,CPU Batch,Research/Academic,1474
2023-07-20,CPU Interactive,Enterprise,4323
2023-07-20,CPU Interactive,Mid-Market,2058
2023-07-20,CPU Interactive,Startup,1465
2023-07-20,CPU Interactive,Research/Academic,2440
2023-07-21,GPU Training,Enterprise,12259
2023-07-21,GPU Training,Mid-Market,4414
2023-07-21,GPU Training,Startup,2072
2023-07-21,GPU Training,Research/Academic,3335
2023-07-21,GPU Inference,Enterprise,8425
2023-07-21,GPU Inference,Mid-Market,3630
2023-07-21,GPU Inference,Startup,1813
2023-07-21,GPU Inference,Research/Academic,1152
2023-07-21,CPU Batch,Enterprise,5622
2023-07-21,CPU Batch,Mid-Market,2846
2023-07-21,CPU Batch,Startup,946
2023-07-21,CPU Batch,Research/Academic,1544
2023-07-21,CPU Interactive,Enterprise,3830
2023-07-21,CPU Interactive,Mid-Market,1839
2023-07-21,CPU Interactive,Startup,1194
2023-07-21,CPU Interactive,Research/Academic,2221
2023-07-22,GPU Training,Enterprise,8819
2023-07-22,GPU Training,Mid-Market,3487
2023-07-22,GPU Training,Startup,1578
2023-07-22,GPU Training,Research/Academic,2513
2023-07-22,GPU Inference,Enterprise,5002
2023-07-22,GPU Inference,Mid-Market,2466
2023-07-22,GPU Inference,Startup,1547
2023-07-22,GPU Inference,Research/Academic,837
2023-07-22,CPU Batch,Enterprise,4191
2023-07-22,CPU Batch,Mid-Market,1703
2023-07-22,CPU Batch,Startup,490
2023-07-22,CPU Batch,Research/Academic,1026
2023-07-22,CPU Interactive,Enterprise,2043
2023-07-22,CPU Interactive,Mid-Market,1210
2023-07-22,CPU Interactive,Startup,687
2023-07-22,CPU Interactive,Research/Academic,1447
2023-07-23,GPU Training,Enterprise,8306
2023-07-23,GPU Training,Mid-Market,3389
2023-07-23,GPU Training,Startup,1466
2023-07-23,GPU Training,Research/Academic,2286
2023-07-23,GPU Inference,Enterprise,5001
2023-07-23,GPU Inference,Mid-Market,2224
2023-07-23,GPU Inference,Startup,1251
2023-07-23,GPU Inference,Research/Academic,723
2023-07-23,CPU Batch,Enterprise,3348
2023-07-23,CPU Batch,Mid-Market,1733
2023-07-23,CPU Batch,Startup,509
2023-07-23,CPU Batch,Research/Academic,771
2023-07-23,CPU Interactive,Enterprise,1868
2023-07-23,CPU Interactive,Mid-Market,1044
2023-07-23,CPU Interactive,Startup,519
2023-07-23,CPU Interactive,Research/Academic,1092
2023-07-24,GPU Training,Enterprise,11431
2023-07-24,GPU Training,Mid-Market,4532
2023-07-24,GPU Training,Startup,1724
2023-07-24,GPU Training,Research/Academic,3329
2023-07-24,GPU Inference,Enterprise,7896
2023-07-24,GPU Inference,Mid-Market,3567
2023-07-24,GPU Inference,Startup,2285
2023-07-24,GPU Inference,Research/Academic,1357
2023-07-24,CPU Batch,Enterprise,5681
2023-07-24,CPU Batch,Mid-Market,2494
2023-07-24,CPU Batch,Startup,930
2023-07-24,CPU Batch,Research/Academic,1375
2023-07-24,CPU Interactive,Enterprise,3772
2023-07-24,CPU Interactive,Mid-Market,2064
2023-07-24,CPU Interactive,Startup,936
2023-07-24,CPU Interactive,Research/Academic,2111
2023-07-25,GPU Training,Enterprise,11175
2023-07-25,GPU Training,Mid-Market,4247
2023-07-25,GPU Training,Startup,1907
2023-07-25,GPU Training,Research/Academic,3278
2023-07-25,GPU Inference,Enterprise,8110
2023-07-25,GPU Inference,Mid-Market,3203
2023-07-25,GPU Inference,Startup,1705
2023-07-25,GPU Inference,Research/Academic,1188
2023-07-25,CPU Batch,Enterprise,5788
2023-07-25,CPU Batch,Mid-Market,3051
2023-07-25,CPU Batch,Startup,860
2023-07-25,CPU Batch,Research/Academic,1485
2023-07-25,CPU Interactive,Enterprise,4183
2023-07-25,CPU Interactive,Mid-Market,2068
2023-07-25,CPU Interactive,Startup,1307
2023-07-25,CPU Interactive,Research/Academic,2382
2023-07-26,GPU Training,Enterprise,12400
2023-07-26,GPU Training,Mid-Market,4773
2023-07-26,GPU Training,Startup,2094
2023-07-26,GPU Training,Research/Academic,3192
2023-07-26,GPU Inference,Enterprise,8433
2023-07-26,GPU Inference,Mid-Market,3575
2023-07-26,GPU Inference,Startup,2286
2023-07-26,GPU Inference,Research/Academic,1301
2023-07-26,CPU Batch,Enterprise,5603
2023-07-26,CPU Batch,Mid-Market,2777
2023-07-26,CPU Batch,Startup,681
2023-07-26,CPU Batch,Research/Academic,1253
2023-07-26,CPU Interactive,Enterprise,4097
2023-07-26,CPU Interactive,Mid-Market,2225
2023-07-26,CPU Interactive,Startup,1230
2023-07-26,CPU Interactive,Research/Academic,2655
2023-07-27,GPU Training,Enterprise,13055
2023-07-27,GPU Training,Mid-Market,5170
2023-07-27,GPU Training,Startup,1885
2023-07-27,GPU Training,Research/Academic,3671
2023-07-27,GPU Inference,Enterprise,8299
2023-07-27,GPU Inference,Mid-Market,3439
2023-07-27,GPU Inference,Startup,2163
2023-07-27,GPU Inference,Research/Academic,1082
2023-07-27,CPU Batch,Enterprise,5858
2023-07-27,CPU Batch,Mid-Market,2966
2023-07-27,CPU Batch,Startup,896
2023-07-27,CPU Batch,Research/Academic,1733
2023-07-27,CPU Interactive,Enterprise,4092
2023-07-27,CPU Interactive,Mid-Market,2230
2023-07-27,CPU Interactive,Startup,1154
2023-07-27,CPU Interactive,Research/Academic,2788
2023-07-28,GPU Training,Enterprise,11876
2023-07-28,GPU Training,Mid-Market,3960
2023-07-28,GPU Training,Startup,2030
2023-07-28,GPU Training,Research/Academic,2997
2023-07-28,GPU Inference,Enterprise,7727
2023-07-28,GPU Inference,Mid-Market,3232
2023-07-28,GPU Inference,Startup,2052
2023-07-28,GPU Inference,Research/Academic,1202
2023-07-28,CPU Batch,Enterprise,5859
2023-07-28,CPU Batch,Mid-Market,3027
2023-07-28,CPU Batch,Startup,827
2023-07-28,CPU Batch,Research/Academic,1632
2023-07-28,CPU Interactive,Enterprise,3896
2023-07-28,CPU Interactive,Mid-Market,1787
2023-07-28,CPU Interactive,Startup,1358
2023-07-28,CPU Interactive,Research/Academic,2387
2023-07-29,GPU Training,Enterprise,9517
2023-07-29,GPU Training,Mid-Market,3526
2023-07-29,GPU Training,Startup,1364
2023-07-29,GPU Training,Research/Academic,2465
2023-07-29,GPU Inference,Enterprise,5972
2023-07-29,GPU Inference,Mid-Market,2820
2023-07-29,GPU Inference,Startup,1567
2023-07-29,GPU Inference,Research/Academic,823
2023-07-29,CPU Batch,Enterprise,4110
2023-07-29,CPU Batch,Mid-Market,1859
2023-07-29,CPU Batch,Startup,550
2023-07-29,CPU Batch,Research/Academic,977
2023-07-29,CPU Interactive,Enterprise,2210
2023-07-29,CPU Interactive,Mid-Market,1033
2023-07-29,CPU Interactive,Startup,546
2023-07-29,CPU Interactive,Research/Academic,1147
2023-07-30,GPU Training,Enterprise,8166
2023-07-30,GPU Training,Mid-Market,3119
2023-07-30,GPU Training,Startup,1255
2023-07-30,GPU Training,Research/Academic,2625
2023-07-30,GPU Inference,Enterprise,5218
2023-07-30,GPU Inference,Mid-Market,2061
2023-07-30,GPU Inference,Startup,1466
2023-07-30,GPU Inference,Research/Academic,710
2023-07-30,CPU Batch,Enterprise,3337
2023-07-30,CPU Batch,Mid-Market,1714
2023-07-30,CPU Batch,Startup,488
2023-07-30,CPU Batch,Research/Academic,817
2023-07-30,CPU Interactive,Enterprise,1964
2023-07-30,CPU Interactive,Mid-Market,872
2023-07-30,CPU Interactive,Startup,570
2023-07-30,CPU Interactive,Research/Academic,1437
2023-07-31,GPU Training,Enterprise,11496
2023-07-31,GPU Training,Mid-Market,4752
2023-07-31,GPU Training,Startup,1755
2023-07-31,GPU Training,Research/Academic,3141
2023-07-31,GPU Inference,Enterprise,7672
2023-07-31,GPU Inference,Mid-Market,3356
2023-07-31,GPU Inference,Startup,1973
2023-07-31,GPU Inference,Research/Academic,1169
2023-07-31,CPU Batch,Enterprise,5547
2023-07-31,CPU Batch,Mid-Market,3014
2023-07-31,CPU Batch,Startup,877
2023-07-31,CPU Batch,Research/Academic,1470
2023-07-31,CPU Interactive,Enterprise,3724
2023-07-31,CPU Interactive,Mid-Market,1951
2023-07-31,CPU Interactive,Startup,1099
2023-07-31,CPU Interactive,Research/Academic,2517
2023-08-01,GPU Training,Enterprise,10887
2023-08-01,GPU Training,Mid-Market,4318
2023-08-01,GPU Training,Startup,1406
2023-08-01,GPU Training,Research/Academic,2734
2023-08-01,GPU Inference,Enterprise,8352
2023-08-01,GPU Inference,Mid-Market,3720
2023-08-01,GPU Inference,Startup,2046
2023-08-01,GPU Inference,Research/Academic,1029
2023-08-01,CPU Batch,Enterprise,5136
2023-08-01,CPU Batch,Mid-Market,2790
2023-08-01,CPU Batch,Startup,1038
2023-08-01,CPU Batch,Research/Academic,1489
2023-08-01,CPU Interactive,Enterprise,3894
2023-08-01,CPU Interactive,Mid-Market,2065
2023-08-01,CPU Interactive,Startup,1000
2023-08-01,CPU Interactive,Research/Academic,2410
2023-08-02,GPU Training,Enterprise,12329
2023-08-02,GPU Training,Mid-Market,4607
2023-08-02,GPU Training,Startup,2059
2023-08-02,GPU Training,Research/Academic,3319
2023-08-02,GPU Inference,Enterprise,8364
2023-08-02,GPU Inference,Mid-Market,3430
2023-08-02,GPU Inference,Startup,2560
2023-08-02,GPU Inference,Research/Academic,1360
2023-08-02,CPU Batch,Enterprise,5723
2023-08-02,CPU Batch,Mid-Market,2803
2023-08-02,CPU Batch,Startup,937
2023-08-02,CPU Batch,Research/Academic,1456
2023-08-02,CPU Interactive,Enterprise,4370
2023-08-02,CPU Interactive,Mid-Market,2011
2023-08-02,CPU Interactive,Startup,1491
2023-08-02,CPU Interactive,Research/Academic,2587
2023-08-03,GPU Training,Enterprise,12417
2023-08-03,GPU Training,Mid-Market,5176
2023-08-03,GPU Training,Startup,1796
2023-08-03,GPU Training,Research/Academic,2995
2023-08-03,GPU Inference,Enterprise,8008
2023-08-03,GPU Inference,Mid-Market,3720
2023-08-03,GPU Inference,Startup,1909
2023-08-03,GPU Inference,Research/Academic,1257
2023-08-03,CPU Batch,Enterprise,5824
2023-08-03,CPU Batch,Mid-Market,3233
2023-08-03,CPU Batch,Startup,599
2023-08-03,CPU Batch,Research/Academic,1389
2023-08-03,CPU Interactive,Enterprise,3967
2023-08-03,CPU Interactive,Mid-Market,2011
2023-08-03,CPU Interactive,Startup,1325
2023-08-03,CPU Interactive,Research/Academic,2592
2023-08-04,GPU Training,Enterprise,11620
2023-08-04,GPU Training,Mid-Market,4383
2023-08-04,GPU Training,Startup,1836
2023-08-04,GPU Training,Research/Academic,2844
2023-08-04,GPU Inference,Enterprise,8007
2023-08-04,GPU Inference,Mid-Market,3606
2023-08-04,GPU Inference,Startup,2305
2023-08-04,GPU Inference,Research/Academic,1192
2023-08-04,CPU Batch,Enterprise,5856
2023-08-04,CPU Batch,Mid-Market,3346
2023-08-04,CPU Batch,Startup,769
2023-08-04,CPU Batch,Research/Academic,1403
2023-08-04,CPU Interactive,Enterprise,3761
2023-08-04,CPU Interactive,Mid-Market,1811
2023-08-04,CPU Interactive,Startup,1012
2023-08-04,CPU Interactive,Research/Academic,2236
2023-08-05,GPU Training,Enterprise,8925
2023-08-05,GPU Training,Mid-Market,3460
2023-08-05,GPU Training,Startup,1375
2023-08-05,GPU Training,Research/Academic,2210
2023-08-05,GPU Inference,Enterprise,5647
2023-08-05,GPU Inference,Mid-Market,2538
2023-08-05,GPU Inference,Startup,1512
2023-08-05,GPU Inference,Research/Academic,757
2023-08-05,CPU Batch,Enterprise,3945
2023-08-05,CPU Batch,Mid-Market,1961
2023-08-05,CPU Batch,Startup,436
2023-08-05,CPU Batch,Research/Academic,954
2023-08-05,CPU Interactive,Enterprise,2165
2023-08-05,CPU Interactive,Mid-Market,1010
2023-08-05,CPU Interactive,Startup,665
2023-08-05,CPU Interactive,Research/Academic,1181
2023-08-06,GPU Training,Enterprise,8857
2023-08-06,GPU Training,Mid-Market,3461
2023-08-06,GPU Training,Startup,1245
2023-08-06,GPU Training,Research/Academic,2268
2023-08-06,GPU Inference,Enterprise,4470
2023-08-06,GPU Inference,Mid-Market,2009
2023-08-06,GPU Inference,Startup,1346
2023-08-06,GPU Inference,Research/Academic,661
2023-08-06,CPU Batch,Enterprise,3405
2023-08-06,CPU Batch,Mid-Market,1908
2023-08-06,CPU Batch,Startup,386
2023-08-06,CPU Batch,Research/Academic,769
2023-08-06,CPU Interactive,Enterprise,1865
2023-08-06,CPU Interactive,Mid-Market,1039
2023-08-06,CPU Interactive,Startup,484
2023-08-06,CPU Interactive,Research/Academic,1167
2023-08-07,GPU Training,Enterprise,12049
2023-08-07,GPU Training,Mid-Market,3770
2023-08-07,GPU Training,Startup,1469
2023-08-07,GPU Training,Research/Academic,2841
2023-08-07,GPU Inference,Enterprise,7426
2023-08-07,GPU Inference,Mid-Market,3553
2023-08-07,GPU Inference,Startup,2212
2023-08-07,GPU Inference,Research/Academic,961
2023-08-07,CPU Batch,Enterprise,5744
2023-08-07,CPU Batch,Mid-Market,2710
2023-08-07,CPU Batch,Startup,881
2023-08-07,CPU Batch,Research/Academic,1329
2023-08-07,CPU Interactive,Enterprise,3604
2023-08-07,CPU Interactive,Mid-Market,1928
2023-08-07,CPU Interactive,Startup,1230
2023-08-07,CPU Interactive,Research/Academic,2371
2023-08-08,GPU Training,Enterprise,11003
2023-08-08,GPU Training,Mid-Market,4619
2023-08-08,GPU Training,Startup,1591
2023-08-08,GPU Training,Research/Academic,3145
2023-08-08,GPU Inference,Enterprise,7529
2023-08-08,GPU Inference,Mid-Market,3641
2023-08-08,GPU Inference,Startup,2052
2023-08-08,GPU Inference,Research/Academic,1050
2023-08-08,CPU Batch,Enterprise,5962
2023-08-08,CPU Batch,Mid-Market,2955
2023-08-08,CPU Batch,Startup,723
2023-08-08,CPU Batch,Research/Academic,1616
2023-08-08,CPU Interactive,Enterprise,3924
2023-08-08,CPU Interactive,Mid-Market,2011
2023-08-08,CPU Interactive,Startup,1252
2023-08-08,CPU Interactive,Research/Academic,2351
2023-08-09,GPU Training,Enterprise,12575
2023-08-09,GPU Training,Mid-Market,4493
2023-08-09,GPU Training,Startup,1798
2023-08-09,GPU Training,Research/Academic,3606
2023-08-09,GPU Inference,Enterprise,7872
2023-08-09,GPU Inference,Mid-Market,3070
2023-08-09,GPU Inference,Startup,2827
2023-08-09,GPU Inference,Research/Academic,1468
2023-08-09,CPU Batch,Enterprise,5865
2023-08-09,CPU Batch,Mid-Market,2611
2023-08-09,CPU Batch,Startup,772
2023-08-09,CPU Batch,Research/Academic,1446
2023-08-09,CPU Interactive,Enterprise,4112
2023-08-09,CPU Interactive,Mid-Market,1926
2023-08-09,CPU Interactive,Startup,1349
2023-08-09,CPU Interactive,Research/Academic,2673
2023-08-10,GPU Training,Enterprise,11632
2023-08-10,GPU Training,Mid-Market,4902
2023-08-10,GPU Training,Startup,2419
2023-08-10,GPU Training,Research/Academic,3280
2023-08-10,GPU Inference,Enterprise,8105
2023-08-10,GPU Inference,Mid-Market,3604
2023-08-10,GPU Inference,Startup,2513
2023-08-10,GPU Inference,Research/Academic,1043
2023-08-10,CPU Batch,Enterprise,6002
2023-08-10,CPU Batch,Mid-Market,2910
2023-08-10,CPU Batch,Startup,1001
2023-08-10,CPU Batch,Research/Academic,1460
2023-08-10,CPU Interactive,Enterprise,4550
2023-08-10,CPU Interactive,Mid-Market,1979
2023-08-10,CPU Interactive,Startup,1387
2023-08-10,CPU Interactive,Research/Academic,2700
2023-08-11,GPU Training,Enterprise,11392
2023-08-11,GPU Training,Mid-Market,4515
2023-08-11,GPU Training,Startup,2090
2023-08-11,GPU Training,Research/Academic,3010
2023-08-11,GPU Inference,Enterprise,7331
2023-08-11,GPU Inference,Mid-Market,3472
2023-08-11,GPU Inference,Startup,2002
2023-08-11,GPU Inference,Research/Academic,1112
2023-08-11,CPU Batch,Enterprise,5780
2023-08-11,CPU Batch,Mid-Market,2582
2023-08-11,CPU Batch,Startup,642
2023-08-11,CPU Batch,Research/Academic,1496
2023-08-11,CPU Interactive,Enterprise,3807
2023-08-11,CPU Interactive,Mid-Market,1633
2023-08-11,CPU Interactive,Startup,1298
2023-08-11,CPU Interactive,Research/Academic,2456
2023-08-12,GPU Training,Enterprise,8740
2023-08-12,GPU Training,Mid-Market,3101
2023-08-12,GPU Training,Startup,1524
2023-08-12,GPU Training,Research/Academic,2420
2023-08-12,GPU Inference,Enterprise,6038
2023-08-12,GPU Inference,Mid-Market,2506
2023-08-12,GPU Inference,Startup,1637
2023-08-12,GPU Inference,Research/Academic,789
2023-08-12,CPU Batch,Enterprise,3995
2023-08-12,CPU Batch,Mid-Market,2027
2023-08-12,CPU Batch,Startup,604
2023-08-12,CPU Batch,Research/Academic,920
2023-08-12,CPU Interactive,Enterprise,2111
2023-08-12,CPU Interactive,Mid-Market,1044
2023-08-12,CPU Interactive,Startup,718
2023-08-12,CPU Interactive,Research/Academic,1497
2023-08-13,GPU Training,Enterprise,8283
2023-08-13,GPU Training,Mid-Market,3098
2023-08-13,GPU Training,Startup,1344
2023-08-13,GPU Training,Research/Academic,2164
2023-08-13,GPU Inference,Enterprise,5153
2023-08-13,GPU Inference,Mid-Market,1879
2023-08-13,GPU Inference,Startup,1280
2023-08-13,GPU Inference,Research/Academic,678
2023-08-13,CPU Batch,Enterprise,3022
2023-08-13,CPU Batch,Mid-Market,1555
2023-08-13,CPU Batch,Startup,400
2023-08-13,CPU Batch,Research/Academic,809
2023-08-13,CPU Interactive,Enterprise,1937
2023-08-13,CPU Interactive,Mid-Market,915
2023-08-13,CPU Interactive,Startup,498
2023-08-13,CPU Interactive,Research/Academic,1140
2023-08-14,GPU Training,Enterprise,11739
2023-08-14,GPU Training,Mid-Market,3978
2023-08-14,GPU Training,Startup,1549
2023-08-14,GPU Training,Research/Academic,3078
2023-08-14,GPU Inference,Enterprise,7573
2023-08-14,GPU Inference,Mid-Market,3547
2023-08-14,GPU Inference,Startup,2174
2023-08-14,GPU Inference,Research/Academic,1175
2023-08-14,CPU Batch,Enterprise,5409
2023-08-14,CPU Batch,Mid-Market,2827
2023-08-14,CPU Batch,Startup,740
2023-08-14,CPU Batch,Research/Academic,1269
2023-08-14,CPU Interactive,Enterprise,3483
2023-08-14,CPU Interactive,Mid-Market,1955
2023-08-14,CPU Interactive,Startup,1081
2023-08-14,CPU Interactive,Research/Academic,2110
2023-08-15,GPU Training,Enterprise,11783
2023-08-15,GPU Training,Mid-Market,4843
2023-08-15,GPU Training,Startup,1381
2023-08-15,GPU Training,Research/Academic,2743
2023-08-15,GPU Inference,Enterprise,7740
2023-08-15,GPU Inference,Mid-Market,3948
2023-08-15,GPU Inference,Startup,2370
2023-08-15,GPU Inference,Research/Academic,1241
2023-08-15,CPU Batch,Enterprise,5546
2023-08-15,CPU Batch,Mid-Market,2694
2023-08-15,CPU Batch,Startup,825
2023-08-15,CPU Batch,Research/Academic,1446
2023-08-15,CPU Interactive,Enterprise,4094
2023-08-15,CPU Interactive,Mid-Market,1987
2023-08-15,CPU Interactive,Startup,1260
2023-08-15,CPU Interactive,Research/Academic,2505
2023-08-16,GPU Training,Enterprise,12792
2023-08-16,GPU Training,Mid-Market,4966
2023-08-16,GPU Training,Startup,1568
2023-08-16,GPU Training,Research/Academic,2707
2023-08-16,GPU Inference,Enterprise,8608
2023-08-16,GPU Inference,Mid-Market,3989
2023-08-16,GPU Inference,Startup,2089
2023-08-16,GPU Inference,Research/Academic,1035
2023-08-16,CPU Batch,Enterprise,5996
2023-08-16,CPU Batch,Mid-Market,3199
2023-08-16,CPU Batch,Startup,998
2023-08-16,CPU Batch,Research/Academic,1543
2023-08-16,CPU Interactive,Enterprise,4094
2023-08-16,CPU Interactive,Mid-Market,1963
2023-08-16,CPU Interactive,Startup,1267
2023-08-16,CPU Interactive,Research/Academic,2505
2023-08-17,GPU Training,Enterprise,11915
2023-08-17,GPU Training,Mid-Market,5422
2023-08-17,GPU Training,Startup,2363
2023-08-17,GPU Training,Research/Academic,3549
2023-08-17,GPU Inference,Enterprise,7980
2023-08-17,GPU Inference,Mid-Market,3903
2023-08-17,GPU Inference,Startup,2554
2023-08-17,GPU Inference,Research/Academic,1245
2023-08-17,CPU Batch,Enterprise,6281
2023-08-17,CPU Batch,Mid-Market,3135
2023-08-17,CPU Batch,Startup,879
2023-08-17,CPU Batch,Research/Academic,1558
2023-08-17,CPU Interactive,Enterprise,4327
2023-08-17,CPU Interactive,Mid-Market,1895
2023-08-17,CPU Interactive,Startup,1313
2023-08-17,CPU Interactive,Research/Academic,2520
2023-08-18,GPU Training,Enterprise,11261
2023-08-18,GPU Training,Mid-Market,5048
2023-08-18,GPU Training,Startup,2243
2023-08-18,GPU Training,Research/Academic,3449
2023-08-18,GPU Inference,Enterprise,7985
2023-08-18,GPU Inference,Mid-Market,3859
2023-08-18,GPU Inference,Startup,2264
2023-08-18,GPU Inference,Research/Academic,1165
2023-08-18,CPU Batch,Enterprise,5561
2023-08-18,CPU Batch,Mid-Market,2999
2023-08-18,CPU Batch,Startup,788
2023-08-18,CPU Batch,Research/Academic,1298
2023-08-18,CPU Interactive,Enterprise,3891
2023-08-18,CPU Interactive,Mid-Market,1950
2023-08-18,CPU Interactive,Startup,1473
2023-08-18,CPU Interactive,Research/Academic,2584
2023-08-19,GPU Training,Enterprise,9041
2023-08-19,GPU Training,Mid-Market,3482
2023-08-19,GPU Training,Startup,1398
2023-08-19,GPU Training,Research/Academic,2320
2023-08-19,GPU Inference,Enterprise,5297
2023-08-19,GPU Inference,Mid-Market,2432
2023-08-19,GPU Inference,Startup,1448
2023-08-19,GPU Inference,Research/Academic,725
2023-08-19,CPU Batch,Enterprise,3954
2023-08-19,CPU Batch,Mid-Market,1999
2023-08-19,CPU Batch,Startup,421
2023-08-19,CPU Batch,Research/Academic,951
2023-08-19,CPU Interactive,Enterprise,2242
2023-08-19,CPU Interactive,Mid-Market,1167
2023-08-19,CPU Interactive,Startup,742
2023-08-19,CPU Interactive,Research/Academic,1333
2023-08-20,GPU Training,Enterprise,8196
2023-08-20,GPU Training,Mid-Market,2977
2023-08-20,GPU Training,Startup,1360
2023-08-20,GPU Training,Research/Academic,2279
2023-08-20,GPU Inference,Enterprise,5263
2023-08-20,GPU Inference,Mid-Market,2400
2023-08-20,GPU Inference,Startup,1409
2023-08-20,GPU Inference,Research/Academic,655
2023-08-20,CPU Batch,Enterprise,3280
2023-08-20,CPU Batch,Mid-Market,1693
2023-08-20,CPU Batch,Startup,437
2023-08-20,CPU Batch,Research/Academic,786
2023-08-20,CPU Interactive,Enterprise,1877
2023-08-20,CPU Interactive,Mid-Market,902
2023-08-20,CPU Interactive,Startup,525
2023-08-20,CPU Interactive,Research/Academic,1175
2023-08-21,GPU Training,Enterprise,11131
2023-08-21,GPU Training,Mid-Market,4359
2023-08-21,GPU Training,Startup,1800
2023-08-21,GPU Training,Research/Academic,2692
2023-08-21,GPU Inference,Enterprise,7553
2023-08-21,GPU Inference,Mid-Market,3786
2023-08-21,GPU Inference,Startup,1920
2023-08-21,GPU Inference,Research/Academic,941
2023-08-21,CPU Batch,Enterprise,5243
2023-08-21,CPU Batch,Mid-Market,2842
2023-08-21,CPU Batch,Startup,764
2023-08-21,CPU Batch,Research/Academic,1386
2023-08-21,CPU Interactive,Enterprise,3903
2023-08-21,CPU Interactive,Mid-Market,1551
2023-08-21,CPU Interactive,Startup,1189
2023-08-21,CPU Interactive,Research/Academic,2597
2023-08-22,GPU Training,Enterprise,11361
2023-08-22,GPU Training,Mid-Market,4386
2023-08-22,GPU Training,Startup,1673
2023-08-22,GPU Training,Research/Academic,2883
2023-08-22,GPU Inference,Enterprise,7988
2023-08-22,GPU Inference,Mid-Market,3978
2023-08-22,GPU Inference,Startup,2895
2023-08-22,GPU Inference,Research/Academic,1139
2023-08-22,CPU Batch,Enterprise,6277
2023-08-22,CPU Batch,Mid-Market,2928
2023-08-22,CPU Batch,Startup,968
2023-08-22,CPU Batch,Research/Academic,1430
2023-08-22,CPU Interactive,Enterprise,4038
2023-08-22,CPU Interactive,Mid-Market,2074
2023-08-22,CPU Interactive,Startup,1794
2023-08-22,CPU Interactive,Research/Academic,2650
2023-08-23,GPU Training,Enterprise,12112
2023-08-23,GPU Training,Mid-Market,5054
2023-08-23,GPU Training,Startup,1839
2023-08-23,GPU Training,Research/Academic,3120
2023-08-23,GPU Inference,Enterprise,8642
2023-08-23,GPU Inference,Mid-Market,3716
2023-08-23,GPU Inference,Startup,2474
2023-08-23,GPU Inference,Research/Academic,1205
2023-08-23,CPU Batch,Enterprise,6065
2023-08-23,CPU Batch,Mid-Market,3096
2023-08-23,CPU Batch,Startup,640
2023-08-23,CPU Batch,Research/Academic,1563
2023-08-23,CPU Interactive,Enterprise,4007
2023-08-23,CPU Interactive,Mid-Market,1896
2023-08-23,CPU Interactive,Startup,1262
2023-08-23,CPU Interactive,Research/Academic,2585
2023-08-24,GPU Training,Enterprise,12127
2023-08-24,GPU Training,Mid-Market,5010
2023-08-24,GPU Training,Startup,1637
2023-08-24,GPU Training,Research/Academic,3142
2023-08-24,GPU Inference,Enterprise,8150
2023-08-24,GPU Inference,Mid-Market,3701
2023-08-24,GPU Inference,Startup,2479
2023-08-24,GPU Inference,Research/Academic,1111
2023-08-24,CPU Batch,Enterprise,6162
2023-08-24,CPU Batch,Mid-Market,3019
2023-08-24,CPU Batch,Startup,643
2023-08-24,CPU Batch,Research/Academic,1267
2023-08-24,CPU Interactive,Enterprise,4279
2023-08-24,CPU Interactive,Mid-Market,2122
2023-08-24,CPU Interactive,Startup,1290
2023-08-24,CPU Interactive,Research/Academic,2631
2023-08-25,GPU Training,Enterprise,12018
2023-08-25,GPU Training,Mid-Market,4825
2023-08-25,GPU Training,Startup,1609
2023-08-25,GPU Training,Research/Academic,2822
2023-08-25,GPU Inference,Enterprise,7625
2023-08-25,GPU Inference,Mid-Market,3618
2023-08-25,GPU Inference,Startup,2660
2023-08-25,GPU Inference,Research/Academic,1110
2023-08-25,CPU Batch,Enterprise,5267
2023-08-25,CPU Batch,Mid-Market,2595
2023-08-25,CPU Batch,Startup,711
2023-08-25,CPU Batch,Research/Academic,1378
2023-08-25,CPU Interactive,Enterprise,3847
2023-08-25,CPU Interactive,Mid-Market,1974
2023-08-25,CPU Interactive,Startup,1150
2023-08-25,CPU Interactive,Research/Academic,2619
2023-08-26,GPU Training,Enterprise,8838
2023-08-26,GPU Training,Mid-Market,3242
2023-08-26,GPU Training,Startup,1485
2023-08-26,GPU Training,Research/Academic,2089
2023-08-26,GPU Inference,Enterprise,5662
2023-08-26,GPU Inference,Mid-Market,2500
2023-08-26,GPU Inference,Startup,1576
2023-08-26,GPU Inference,Research/Academic,913
2023-08-26,CPU Batch,Enterprise,3787
2023-08-26,CPU Batch,Mid-Market,2252
2023-08-26,CPU Batch,Startup,510
2023-08-26,CPU Batch,Research/Academic,867
2023-08-26,CPU Interactive,Enterprise,2167
2023-08-26,CPU Interactive,Mid-Market,1009
2023-08-26,CPU Interactive,Startup,603
2023-08-26,CPU Interactive,Research/Academic,1373
2023-08-27,GPU Training,Enterprise,8710
2023-08-27,GPU Training,Mid-Market,3094
2023-08-27,GPU Training,Startup,1482
2023-08-27,GPU Training,Research/Academic,2430
2023-08-27,GPU Inference,Enterprise,5336
2023-08-27,GPU Inference,Mid-Market,2329
2023-08-27,GPU Inference,Startup,1709
2023-08-27,GPU Inference,Research/Academic,624
2023-08-27,CPU Batch,Enterprise,3286
2023-08-27,CPU Batch,Mid-Market,1573
2023-08-27,CPU Batch,Startup,456
2023-08-27,CPU Batch,Research/Academic,787
2023-08-27,CPU Interactive,Enterprise,1851
2023-08-27,CPU Interactive,Mid-Market,1070
2023-08-27,CPU Interactive,Startup,558
2023-08-27,CPU Interactive,Research/Academic,1186
2023-08-28,GPU Training,Enterprise,11261
2023-08-28,GPU Training,Mid-Market,4335
2023-08-28,GPU Training,Startup,1758
2023-08-28,GPU Training,Research/Academic,3062
2023-08-28,GPU Inference,Enterprise,8129
2023-08-28,GPU Inference,Mid-Market,3880
2023-08-28,GPU Inference,Startup,2322
2023-08-28,GPU Inference,Research/Academic,1171
2023-08-28,CPU Batch,Enterprise,5405
2023-08-28,CPU Batch,Mid-Market,2826
2023-08-28,CPU Batch,Startup,855
2023-08-28,CPU Batch,Research/Academic,1501
2023-08-28,CPU Interactive,Enterprise,3761
2023-08-28,CPU Interactive,Mid-Market,1998
2023-08-28,CPU Interactive,Startup,1208
2023-08-28,CPU Interactive,Research/Academic,2526
2023-08-29,GPU Training,Enterprise,12082
2023-08-29,GPU Training,Mid-Market,4420
2023-08-29,GPU Training,Startup,1923
2023-08-29,GPU Training,Research/Academic,2454
2023-08-29,GPU Inference,Enterprise,8282
2023-08-29,GPU Inference,Mid-Market,2816
2023-08-29,GPU Inference,Startup,1914
2023-08-29,GPU Inference,Research/Academic,1217
2023-08-29,CPU Batch,Enterprise,5940
2023-08-29,CPU Batch,Mid-Market,2699
2023-08-29,CPU Batch,Startup,722
2023-08-29,CPU Batch,Research/Academic,1609
2023-08-29,CPU Interactive,Enterprise,3952
2023-08-29,CPU Interactive,Mid-Market,2374
2023-08-29,CPU Interactive,Startup,1231
2023-08-29,CPU Interactive,Research/Academic,2561
2023-08-30,GPU Training,Enterprise,13357
2023-08-30,GPU Training,Mid-Market,4796
2023-08-30,GPU Training,Startup,1718
2023-08-30,GPU Training,Research/Academic,3222
2023-08-30,GPU Inference,Enterprise,8386
2023-08-30,GPU Inference,Mid-Market,3403
2023-08-30,GPU Inference,Startup,2352
2023-08-30,GPU Inference,Research/Academic,1138
2023-08-30,CPU Batch,Enterprise,6222
2023-08-30,CPU Batch,Mid-Market,3020
2023-08-30,CPU Batch,Startup,783
2023-08-30,CPU Batch,Research/Academic,1470
2023-08-30,CPU Interactive,Enterprise,4217
2023-08-30,CPU Interactive,Mid-Market,2198
2023-08-30,CPU Interactive,Startup,1133
2023-08-30,CPU Interactive,Research/Academic,2365
2023-08-31,GPU Training,Enterprise,13095
2023-08-31,GPU Training,Mid-Market,4621
2023-08-31,GPU Training,Startup,1636
2023-08-31,GPU Training,Research/Academic,3369
2023-08-31,GPU Inference,Enterprise,8565
2023-08-31,GPU Inference,Mid-Market,3369
2023-08-31,GPU Inference,Startup,2498
2023-08-31,GPU Inference,Research/Academic,1281
2023-08-31,CPU Batch,Enterprise,6088
2023-08-31,CPU Batch,Mid-Market,3150
2023-08-31,CPU Batch,Startup,684
2023-08-31,CPU Batch,Research/Academic,1523
2023-08-31,CPU Interactive,Enterprise,4242
2023-08-31,CPU Interactive,Mid-Market,2091
2023-08-31,CPU Interactive,Startup,1458
2023-08-31,CPU Interactive,Research/Academic,2972
2023-09-01,GPU Training,Enterprise,14836
2023-09-01,GPU Training,Mid-Market,5749
2023-09-01,GPU Training,Startup,2111
2023-09-01,GPU Training,Research/Academic,3685
2023-09-01,GPU Inference,Enterprise,9550
2023-09-01,GPU Inference,Mid-Market,4167
2023-09-01,GPU Inference,Startup,2721
2023-09-01,GPU Inference,Research/Academic,1420
2023-09-01,CPU Batch,Enterprise,6714
2023-09-01,CPU Batch,Mid-Market,3214
2023-09-01,CPU Batch,Startup,865
2023-09-01,CPU Batch,Research/Academic,1750
2023-09-01,CPU Interactive,Enterprise,4526
2023-09-01,CPU Interactive,Mid-Market,2335
2023-09-01,CPU Interactive,Startup,1500
2023-09-01,CPU Interactive,Research/Academic,2699
2023-09-02,GPU Training,Enterprise,10852
2023-09-02,GPU Training,Mid-Market,4106
2023-09-02,GPU Training,Startup,1407
2023-09-02,GPU Training,Research/Academic,3064
2023-09-02,GPU Inference,Enterprise,6353
2023-09-02,GPU Inference,Mid-Market,2576
2023-09-02,GPU Inference,Startup,1655
2023-09-02,GPU Inference,Research/Academic,857
2023-09-02,CPU Batch,Enterprise,4497
2023-09-02,CPU Batch,Mid-Market,2213
2023-09-02,CPU Batch,Startup,582
2023-09-02,CPU Batch,Research/Academic,1166
2023-09-02,CPU Interactive,Enterprise,2535
2023-09-02,CPU Interactive,Mid-Market,1288
2023-09-02,CPU Interactive,Startup,804
2023-09-02,CPU Interactive,Research/Academic,1614
2023-09-03,GPU Training,Enterprise,9078
2023-09-03,GPU Training,Mid-Market,3657
2023-09-03,GPU Training,Startup,1179
2023-09-03,GPU Training,Research/Academic,2567
2023-09-03,GPU Inference,Enterprise,5857
2023-09-03,GPU Inference,Mid-Market,2814
2023-09-03,GPU Inference,Startup,1957
2023-09-03,GPU Inference,Research/Academic,854
2023-09-03,CPU Batch,Enterprise,3772
2023-09-03,CPU Batch,Mid-Market,2001
2023-09-03,CPU Batch,Startup,488
2023-09-03,CPU Batch,Research/Academic,951
2023-09-03,CPU Interactive,Enterprise,2243
2023-09-03,CPU Interactive,Mid-Market,1045
2023-09-03,CPU Interactive,Startup,727
2023-09-03,CPU Interactive,Research/Academic,1399
2023-09-04,GPU Training,Enterprise,6977
2023-09-04,GPU Training,Mid-Market,3216
2023-09-04,GPU Training,Startup,1668
2023-09-04,GPU Training,Research/Academic,1721
2023-09-04,GPU Inference,Enterprise,4813
2023-09-04,GPU Inference,Mid-Market,2276
2023-09-04,GPU Inference,Startup,1839
2023-09-04,GPU Inference,Research/Academic,675
2023-09-04,CPU Batch,Enterprise,3464
2023-09-04,CPU Batch,Mid-Market,2035
2023-09-04,CPU Batch,Startup,572
2023-09-04,CPU Batch,Research/Academic,795
2023-09-04,CPU Interactive,Enterprise,2384
2023-09-04,CPU Interactive,Mid-Market,1548
2023-09-04,CPU Interactive,Startup,840
2023-09-04,CPU Interactive,Research/Academic,1491
2023-09-05,GPU Training,Enterprise,13930
2023-09-05,GPU Training,Mid-Market,5415
2023-09-05,GPU Training,Startup,2180
2023-09-05,GPU Training,Research/Academic,3715
2023-09-05,GPU Inference,Enterprise,9425
2023-09-05,GPU Inference,Mid-Market,4690
2023-09-05,GPU Inference,Startup,2605
2023-09-05,GPU Inference,Research/Academic,1486
2023-09-05,CPU Batch,Enterprise,6566
2023-09-05,CPU Batch,Mid-Market,3373
2023-09-05,CPU Batch,Startup,801
2023-09-05,CPU Batch,Research/Academic,1726
2023-09-05,CPU Interactive,Enterprise,4940
2023-09-05,CPU Interactive,Mid-Market,2337
2023-09-05,CPU Interactive,Startup,1395
2023-09-05,CPU Interactive,Research/Academic,2619
2023-09-06,GPU Training,Enterprise,14384
2023-09-06,GPU Training,Mid-Market,4935
2023-09-06,GPU Training,Startup,2021
2023-09-06,GPU Training,Research/Academic,3826
2023-09-06,GPU Inference,Enterprise,10294
2023-09-06,GPU Inference,Mid-Market,5312
2023-09-06,GPU Inference,Startup,2643
2023-09-06,GPU Inference,Research/Academic,1567
2023-09-06,CPU Batch,Enterprise,7000
2023-09-06,CPU Batch,Mid-Market,3448
2023-09-06,CPU Batch,Startup,987
2023-09-06,CPU Batch,Research/Academic,1721
2023-09-06,CPU Interactive,Enterprise,4858
2023-09-06,CPU Interactive,Mid-Market,2370
2023-09-06,CPU Interactive,Startup,1253
2023-09-06,CPU Interactive,Research/Academic,2624
2023-09-07,GPU Training,Enterprise,14911
2023-09-07,GPU Training,Mid-Market,5416
2023-09-07,GPU Training,Startup,2101
2023-09-07,GPU Training,Research/Academic,3761
2023-09-07,GPU Inference,Enterprise,10091
2023-09-07,GPU Inference,Mid-Market,4425
2023-09-07,GPU Inference,Startup,2626
2023-09-07,GPU Inference,Research/Academic,1542
2023-09-07,CPU Batch,Enterprise,7386
2023-09-07,CPU Batch,Mid-Market,3609
2023-09-07,CPU Batch,Startup,1054
2023-09-07,CPU Batch,Research/Academic,1891
2023-09-07,CPU Interactive,Enterprise,5198
2023-09-07,CPU Interactive,Mid-Market,2615
2023-09-07,CPU Interactive,Startup,1636
2023-09-07,CPU Interactive,Research/Academic,3179
2023-09-08,GPU Training,Enterprise,13280
2023-09-08,GPU Training,Mid-Market,5541
2023-09-08,GPU Training,Startup,1833
2023-09-08,GPU Training,Research/Academic,3367
2023-09-08,GPU Inference,Enterprise,9833
2023-09-08,GPU Inference,Mid-Market,4426
2023-09-08,GPU Inference,Startup,3246
2023-09-08,GPU Inference,Research/Academic,1305
2023-09-08,CPU Batch,Enterprise,6439
2023-09-08,CPU Batch,Mid-Market,3334
2023-09-08,CPU Batch,Startup,924
2023-09-08,CPU Batch,Research/Academic,1676
2023-09-08,CPU Interactive,Enterprise,4749
2023-09-08,CPU Interactive,Mid-Market,2231
2023-09-08,CPU Interactive,Startup,1451
2023-09-08,CPU Interactive,Research/Academic,2573
2023-09-09,GPU Training,Enterprise,10772
2023-09-09,GPU Training,Mid-Market,4024
2023-09-09,GPU Training,Startup,1504
2023-09-09,GPU Training,Research/Academic,2683
2023-09-09,GPU Inference,Enterprise,6483
2023-09-09,GPU Inference,Mid-Market,2867
2023-09-09,GPU Inference,Startup,2352
2023-09-09,GPU Inference,Research/Academic,925
2023-09-09,CPU Batch,Enterprise,4453
2023-09-09,CPU Batch,Mid-Market,1952
2023-09-09,CPU Batch,Startup,547
2023-09-09,CPU Batch,Research/Academic,1087
2023-09-09,CPU Interactive,Enterprise,2440
2023-09-09,CPU Interactive,Mid-Market,1393
2023-09-09,CPU Interactive,Startup,754
2023-09-09,CPU Interactive,Research/Academic,1705
2023-09-10,GPU Training,Enterprise,9950
2023-09-10,GPU Training,Mid-Market,3785
2023-09-10,GPU Training,Startup,1528
2023-09-10,GPU Training,Research/Academic,2565
2023-09-10,GPU Inference,Enterprise,6323
2023-09-10,GPU Inference,Mid-Market,2245
2023-09-10,GPU Inference,Startup,1353
2023-09-10,GPU Inference,Research/Academic,806
2023-09-10,CPU Batch,Enterprise,3858
2023-09-10,CPU Batch,Mid-Market,2035
2023-09-10,CPU Batch,Startup,552
2023-09-10,CPU Batch,Research/Academic,923
2023-09-10,CPU Interactive,Enterprise,2253
2023-09-10,CPU Interactive,Mid-Market,1172
2023-09-10,CPU Interactive,Startup,678
2023-09-10,CPU Interactive,Research/Academic,1432
2023-09-11,GPU Training,Enterprise,13388
2023-09-11,GPU Training,Mid-Market,4844
2023-09-11,GPU Training,Startup,2242
2023-09-11,GPU Training,Research/Academic,3450
2023-09-11,GPU Inference,Enterprise,9092
2023-09-11,GPU Inference,Mid-Market,4511
2023-09-11,GPU Inference,Startup,1976
2023-09-11,GPU Inference,Research/Academic,1157
2023-09-11,CPU Batch,Enterprise,6252
2023-09-11,CPU Batch,Mid-Market,3214
2023-09-11,CPU Batch,Startup,861
2023-09-11,CPU Batch,Research/Academic,1434
2023-09-11,CPU Interactive,Enterprise,4161
2023-09-11,CPU Interactive,Mid-Market,2055
2023-09-11,CPU Interactive,Startup,1784
2023-09-11,CPU Interactive,Research/Academic,3064
2023-09-12,GPU Training,Enterprise,13687
2023-09-12,GPU Training,Mid-Market,5162
2023-09-12,GPU Training,Startup,1888
2023-09-12,GPU Training,Research/Academic,3083
2023-09-12,GPU Inference,Enterprise,9512
2023-09-12,GPU Inference,Mid-Market,3990
2023-09-12,GPU Inference,Startup,2761
2023-09-12,GPU Inference,Research/Academic,1198
2023-09-12,CPU Batch,Enterprise,6548
2023-09-12,CPU Batch,Mid-Market,3431
2023-09-12,CPU Batch,Startup,955
2023-09-12,CPU Batch,Research/Academic,1722
2023-09-12,CPU Interactive,Enterprise,4435
2023-09-12,CPU Interactive,Mid-Market,2504
2023-09-12,CPU Interactive,Startup,1304
2023-09-12,CPU Interactive,Research/Academic,3015
2023-09-13,GPU Training,Enterprise,14581
2023-09-13,GPU Training,Mid-Market,5042
2023-09-13,GPU Training,Startup,2189
2023-09-13,GPU Training,Research/Academic,3875
2023-09-13,GPU Inference,Enterprise,10084
2023-09-13,GPU Inference,Mid-Market,4364
2023-09-13,GPU Inference,Startup,3454
2023-09-13,GPU Inference,Research/Academic,1518
2023-09-13,CPU Batch,Enterprise,6875
2023-09-13,CPU Batch,Mid-Market,3682
2023-09-13,CPU Batch,Startup,1186
2023-09-13,CPU Batch,Research/Academic,2004
2023-09-13,CPU Interactive,Enterprise,4619
2023-09-13,CPU Interactive,Mid-Market,2294
2023-09-13,CPU Interactive,Startup,1780
2023-09-13,CPU Interactive,Research/Academic,2731
2023-09-14,GPU Training,Enterprise,13845
2023-09-14,GPU Training,Mid-Market,5371
2023-09-14,GPU Training,Startup,2394
2023-09-14,GPU Training,Research/Academic,3734
2023-09-14,GPU Inference,Enterprise,9598
2023-09-14,GPU Inference,Mid-Market,4210
2023-09-14,GPU Inference,Startup,2644
2023-09-14,GPU Inference,Research/Academic,1306
2023-09-14,CPU Batch,Enterprise,7611
2023-09-14,CPU Batch,Mid-Market,3568
2023-09-14,CPU Batch,Startup,1047
2023-09-14,CPU Batch,Research/Academic,1648
2023-09-14,CPU Interactive,Enterprise,4946
2023-09-14,CPU Interactive,Mid-Market,2392
2023-09-14,CPU Interactive,Startup,1113
2023-09-14,CPU Interactive,Research/Academic,2734
2023-09-15,GPU Training,Enterprise,12969
2023-09-15,GPU Training,Mid-Market,4535
2023-09-15,GPU Training,Startup,1885
2023-09-15,GPU Training,Research/Academic,3996
2023-09-15,GPU Inference,Enterprise,9389
2023-09-15,GPU Inference,Mid-Market,4613
2023-09-15,GPU Inference,Startup,2891
2023-09-15,GPU Inference,Research/Academic,1423
2023-09-15,CPU Batch,Enterprise,6517
2023-09-15,CPU Batch,Mid-Market,3526
2023-09-15,CPU Batch,Startup,999
2023-09-15,CPU Batch,Research/Academic,1591
2023-09-15,CPU Interactive,Enterprise,4655
2023-09-15,CPU Interactive,Mid-Market,2390
2023-09-15,CPU Interactive,Startup,1309
2023-09-15,CPU Interactive,Research/Academic,2548
2023-09-16,GPU Training,Enterprise,10139
2023-09-16,GPU Training,Mid-Market,4073
2023-09-16,GPU Training,Startup,1726
2023-09-16,GPU Training,Research/Academic,2571
2023-09-16,GPU Inference,Enterprise,6589
2023-09-16,GPU Inference,Mid-Market,3071
2023-09-16,GPU Inference,Startup,2076
2023-09-16,GPU Inference,Research/Academic,1059
2023-09-16,CPU Batch,Enterprise,4742
2023-09-16,CPU Batch,Mid-Market,2113
2023-09-16,CPU Batch,Startup,747
2023-09-16,CPU Batch,Research/Academic,1065
2023-09-16,CPU Interactive,Enterprise,2623
2023-09-16,CPU Interactive,Mid-Market,1276
2023-09-16,CPU Interactive,Startup,736
2023-09-16,CPU Interactive,Research/Academic,1333
2023-09-17,GPU Training,Enterprise,9905
2023-09-17,GPU Training,Mid-Market,3406
2023-09-17,GPU Training,Startup,1749
2023-09-17,GPU Training,Research/Academic,2900
2023-09-17,GPU Inference,Enterprise,5762
2023-09-17,GPU Inference,Mid-Market,2724
2023-09-17,GPU Inference,Startup,1598
2023-09-17,GPU Inference,Research/Academic,803
2023-09-17,CPU Batch,Enterprise,3984
2023-09-17,CPU Batch,Mid-Market,1938
2023-09-17,CPU Batch,Startup,645
2023-09-17,CPU Batch,Research/Academic,916
2023-09-17,CPU Interactive,Enterprise,2258
2023-09-17,CPU Interactive,Mid-Market,1102
2023-09-17,CPU Interactive,Startup,734
2023-09-17,CPU Interactive,Research/Academic,1281
2023-09-18,GPU Training,Enterprise,13280
2023-09-18,GPU Training,Mid-Market,5029
2023-09-18,GPU Training,Startup,1881
2023-09-18,GPU Training,Research/Academic,3612
2023-09-18,GPU Inference,Enterprise,9403
2023-09-18,GPU Inference,Mid-Market,4284
2023-09-18,GPU Inference,Startup,3231
2023-09-18,GPU Inference,Research/Academic,1459
2023-09-18,CPU Batch,Enterprise,6471
2023-09-18,CPU Batch,Mid-Market,3393
2023-09-18,CPU Batch,Startup,826
2023-09-18,CPU Batch,Research/Academic,1622
2023-09-18,CPU Interactive,Enterprise,4238
2023-09-18,CPU Interactive,Mid-Market,2454
2023-09-18,CPU Interactive,Startup,1394
2023-09-18,CPU Interactive,Research/Academic,2610
2023-09-19,GPU Training,Enterprise,14665
2023-09-19,GPU Training,Mid-Market,4577
2023-09-19,GPU Training,Startup,1717
2023-09-19,GPU Training,Research/Academic,3834
2023-09-19,GPU Inference,Enterprise,9653
2023-09-19,GPU Inference,Mid-Market,4398
2023-09-19,GPU Inference,Startup,2411
2023-09-19,GPU Inference,Research/Academic,1363
2023-09-19,CPU Batch,Enterprise,7328
2023-09-19,CPU Batch,Mid-Market,3606
2023-09-19,CPU Batch,Startup,936
2023-09-19,CPU Batch,Research/Academic,1609
2023-09-19,CPU Interactive,Enterprise,4616
2023-09-19,CPU Interactive,Mid-Market,2040
2023-09-19,CPU Interactive,Startup,1488
2023-09-19,CPU Interactive,Research/Academic,3069
2023-09-20,GPU Training,Enterprise,13762
2023-09-20,GPU Training,Mid-Market,5334
2023-09-20,GPU Training,Startup,1996
2023-09-20,GPU Training,Research/Academic,3490
2023-09-20,GPU Inference,Enterprise,9937
2023-09-20,GPU Inference,Mid-Market,3847
2023-09-20,GPU Inference,Startup,3136
2023-09-20,GPU Inference,Research/Academic,1492
2023-09-20,CPU Batch,Enterprise,6889
2023-09-20,CPU Batch,Mid-Market,2944
2023-09-20,CPU Batch,Startup,837
2023-09-20,CPU Batch,Research/Academic,1892
2023-09-20,CPU Interactive,Enterprise,4354
2023-09-20,CPU Interactive,Mid-Market,2398
2023-09-20,CPU Interactive,Startup,1300
2023-09-20,CPU Interactive,Research/Academic,3173
2023-09-21,GPU Training,Enterprise,15419
2023-09-21,GPU Training,Mid-Market,6212
2023-09-21,GPU Training,Startup,2653
2023-09-21,GPU Training,Research/Academic,4717
2023-09-21,GPU Inference,Enterprise,10635
2023-09-21,GPU Inference,Mid-Market,4942
2023-09-21,GPU Inference,Startup,2638
2023-09-21,GPU Inference,Research/Academic,1669
2023-09-21,CPU Batch,Enterprise,7293
2023-09-21,CPU Batch,Mid-Market,3638
2023-09-21,CPU Batch,Startup,1017
2023-09-21,CPU Batch,Research/Academic,1634
2023-09-21,CPU Interactive,Enterprise,5447
2023-09-21,CPU Interactive,Mid-Market,2917
2023-09-21,CPU Interactive,Startup,1721
2023-09-21,CPU Interactive,Research/Academic,2906
2023-09-22,GPU Training,Enterprise,15057
2023-09-22,GPU Training,Mid-Market,6077
2023-09-22,GPU Training,Startup,1891
2023-09-22,GPU Training,Research/Academic,3568
2023-09-22,GPU Inference,Enterprise,10601
2023-09-22,GPU Inference,Mid-Market,4685
2023-09-22,GPU Inference,Startup,3165
2023-09-22,GPU Inference,Research/Academic,1680
2023-09-22,CPU Batch,Enterprise,7449
2023-09-22,CPU Batch,Mid-Market,3854
2023-09-22,CPU Batch,Startup,1373
2023-09-22,CPU Batch,Research/Academic,1770
2023-09-22,CPU Interactive,Enterprise,4775
2023-09-22,CPU Interactive,Mid-Market,2566
2023-09-22,CPU Interactive,Startup,1600
2023-09-22,CPU Interactive,Research/Academic,2889
2023-09-23,GPU Training,Enterprise,11070
2023-09-23,GPU Training,Mid-Market,5172
2023-09-23,GPU Training,Startup,1880
2023-09-23,GPU Training,Research/Academic,2795
2023-09-23,GPU Inference,Enterprise,7430
2023-09-23,GPU Inference,Mid-Market,3194
2023-09-23,GPU Inference,Startup,2047
2023-09-23,GPU Inference,Research/Academic,1059
2023-09-23,CPU Batch,Enterprise,4630
2023-09-23,CPU Batch,Mid-Market,2516
2023-09-23,CPU Batch,Startup,832
2023-09-23,CPU Batch,Research/Academic,1246
2023-09-23,CPU Interactive,Enterprise,2684
2023-09-23,CPU Interactive,Mid-Market,1328
2023-09-23,CPU Interactive,Startup,799
2023-09-23,CPU Interactive,Research/Academic,1631
2023-09-24,GPU Training,Enterprise,10661
2023-09-24,GPU Training,Mid-Market,4402
2023-09-24,GPU Training,Startup,1378
2023-09-24,GPU Training,Research/Academic,2977
2023-09-24,GPU Inference,Enterprise,6376
2023-09-24,GPU Inference,Mid-Market,2987
2023-09-24,GPU Inference,Startup,1667
2023-09-24,GPU Inference,Research/Academic,1017
2023-09-24,CPU Batch,Enterprise,4394
2023-09-24,CPU Batch,Mid-Market,2251
2023-09-24,CPU Batch,Startup,473
2023-09-24,CPU Batch,Research/Academic,1100
2023-09-24,CPU Interactive,Enterprise,2388
2023-09-24,CPU Interactive,Mid-Market,1061
2023-09-24,CPU Interactive,Startup,722
2023-09-24,CPU Interactive,Research/Academic,1478
2023-09-25,GPU Training,Enterprise,14766
2023-09-25,GPU Training,Mid-Market,5578
2023-09-25,GPU Training,Startup,2345
2023-09-25,GPU Training,Research/Academic,4170
2023-09-25,GPU Inference,Enterprise,10472
2023-09-25,GPU Inference,Mid-Market,3667
2023-09-25,GPU Inference,Startup,2831
2023-09-25,GPU Inference,Research/Academic,1389
2023-09-25,CPU Batch,Enterprise,6627
2023-09-25,CPU Batch,Mid-Market,3603
2023-09-25,CPU Batch,Startup,1121
2023-09-25,CPU Batch,Research/Academic,1604
2023-09-25,CPU Interactive,Enterprise,4765
2023-09-25,CPU Interactive,Mid-Market,2228
2023-09-25,CPU Interactive,Startup,1337
2023-09-25,CPU Interactive,Research/Academic,3231
2023-09-26,GPU Training,Enterprise,14848
2023-09-26,GPU Training,Mid-Market,5981
2023-09-26,GPU Training,Startup,1902
2023-09-26,GPU Training,Research/Academic,4518
2023-09-26,GPU Inference,Enterprise,10736
2023-09-26,GPU Inference,Mid-Market,4653
2023-09-26,GPU Inference,Startup,3315
2023-09-26,GPU Inference,Research/Academic,1321
2023-09-26,CPU Batch,Enterprise,7674
2023-09-26,CPU Batch,Mid-Market,3603
2023-09-26,CPU Batch,Startup,970
2023-09-26,CPU Batch,Research/Academic,1732
2023-09-26,CPU Interactive,Enterprise,4963
2023-09-26,CPU Interactive,Mid-Market,2695
2023-09-26,CPU Interactive,Startup,1615
2023-09-26,CPU Interactive,Research/Academic,3267
2023-09-27,GPU Training,Enterprise,15901
2023-09-27,GPU Training,Mid-Market,6293
2023-09-27,GPU Training,Startup,2375
2023-09-27,GPU Training,Research/Academic,4875
2023-09-27,GPU Inference,Enterprise,10136
2023-09-27,GPU Inference,Mid-Market,5303
2023-09-27,GPU Inference,Startup,3758
2023-09-27,GPU Inference,Research/Academic,1421
2023-09-27,CPU Batch,Enterprise,8233
2023-09-27,CPU Batch,Mid-Market,4066
2023-09-27,CPU Batch,Startup,1149
2023-09-27,CPU Batch,Research/Academic,1857
2023-09-27,CPU Interactive,Enterprise,5224
2023-09-27,CPU Interactive,Mid-Market,2624
2023-09-27,CPU Interactive,Startup,1703
2023-09-27,CPU Interactive,Research/Academic,3598
2023-09-28,GPU Training,Enterprise,16034
2023-09-28,GPU Training,Mid-Market,5701
2023-09-28,GPU Training,Startup,2761
2023-09-28,GPU Training,Research/Academic,4392
2023-09-28,GPU Inference,Enterprise,11091
2023-09-28,GPU Inference,Mid-Market,5122
2023-09-28,GPU Inference,Startup,3093
2023-09-28,GPU Inference,Research/Academic,1413
2023-09-28,CPU Batch,Enterprise,7275
2023-09-28,CPU Batch,Mid-Market,3383
2023-09-28,CPU Batch,Startup,1053
2023-09-28,CPU Batch,Research/Academic,1841
2023-09-28,CPU Interactive,Enterprise,5319
2023-09-28,CPU Interactive,Mid-Market,2225
2023-09-28,CPU Interactive,Startup,1438
2023-09-28,CPU Interactive,Research/Academic,3613
2023-09-29,GPU Training,Enterprise,14806
2023-09-29,GPU Training,Mid-Market,5954
2023-09-29,GPU Training,Startup,2022
2023-09-29,GPU Training,Research/Academic,4371
2023-09-29,GPU Inference,Enterprise,10256
2023-09-29,GPU Inference,Mid-Market,4738
2023-09-29,GPU Inference,Startup,4036
2023-09-29,GPU Inference,Research/Academic,1639
2023-09-29,CPU Batch,Enterprise,7236
2023-09-29,CPU Batch,Mid-Market,3539
2023-09-29,CPU Batch,Startup,957
2023-09-29,CPU Batch,Research/Academic,1877
2023-09-29,CPU Interactive,Enterprise,4924
2023-09-29,CPU Interactive,Mid-Market,2431
2023-09-29,CPU Interactive,Startup,1820
2023-09-29,CPU Interactive,Research/Academic,2989
2023-09-30,GPU Training,Enterprise,12710
2023-09-30,GPU Training,Mid-Market,4455
2023-09-30,GPU Training,Startup,2258
2023-09-30,GPU Training,Research/Academic,3055
2023-09-30,GPU Inference,Enterprise,7502
2023-09-30,GPU Inference,Mid-Market,3090
2023-09-30,GPU Inference,Startup,1930
2023-09-30,GPU Inference,Research/Academic,1053
2023-09-30,CPU Batch,Enterprise,5082
2023-09-30,CPU Batch,Mid-Market,2468
2023-09-30,CPU Batch,Startup,569
2023-09-30,CPU Batch,Research/Academic,1078
2023-09-30,CPU Interactive,Enterprise,2581
2023-09-30,CPU Interactive,Mid-Market,1221
2023-09-30,CPU Interactive,Startup,855
2023-09-30,CPU Interactive,Research/Academic,1823
2023-10-01,GPU Training,Enterprise,9873
2023-10-01,GPU Training,Mid-Market,3221
2023-10-01,GPU Training,Startup,1519
2023-10-01,GPU Training,Research/Academic,2496
2023-10-01,GPU Inference,Enterprise,6444
2023-10-01,GPU Inference,Mid-Market,2410
2023-10-01,GPU Inference,Startup,1676
2023-10-01,GPU Inference,Research/Academic,955
2023-10-01,CPU Batch,Enterprise,3873
2023-10-01,CPU Batch,Mid-Market,1993
2023-10-01,CPU Batch,Startup,524
2023-10-01,CPU Batch,Research/Academic,960
2023-10-01,CPU Interactive,Enterprise,2208
2023-10-01,CPU Interactive,Mid-Market,1023
2023-10-01,CPU Interactive,Startup,734
2023-10-01,CPU Interactive,Research/Academic,1169
2023-10-02,GPU Training,Enterprise,13354
2023-10-02,GPU Training,Mid-Market,5099
2023-10-02,GPU Training,Startup,1927
2023-10-02,GPU Training,Research/Academic,3366
2023-10-02,GPU Inference,Enterprise,8902
2023-10-02,GPU Inference,Mid-Market,3815
2023-10-02,GPU Inference,Startup,2595
2023-10-02,GPU Inference,Research/Academic,1174
2023-10-02,CPU Batch,Enterprise,6553
2023-10-02,CPU Batch,Mid-Market,3007
2023-10-02,CPU Batch,Startup,958
2023-10-02,CPU Batch,Research/Academic,1447
2023-10-02,CPU Interactive,Enterprise,4187
2023-10-02,CPU Interactive,Mid-Market,2073
2023-10-02,CPU Interactive,Startup,1551
2023-10-02,CPU Interactive,Research/Academic,2680
2023-10-03,GPU Training,Enterprise,13732
2023-10-03,GPU Training,Mid-Market,5480
2023-10-03,GPU Training,Startup,1694
2023-10-03,GPU Training,Research/Academic,3529
2023-10-03,GPU Inference,Enterprise,10391
2023-10-03,GPU Inference,Mid-Market,4364
2023-10-03,GPU Inference,Startup,2872
2023-10-03,GPU Inference,Research/Academic,1407
2023-10-03,CPU Batch,Enterprise,6904
2023-10-03,CPU Batch,Mid-Market,2918
2023-10-03,CPU Batch,Startup,740
2023-10-03,CPU Batch,Research/Academic,1665
2023-10-03,CPU Interactive,Enterprise,4497
2023-10-03,CPU Interactive,Mid-Market,2565
2023-10-03,CPU Interactive,Startup,1377
2023-10-03,CPU Interactive,Research/Academic,2416
2023-10-04,GPU Training,Enterprise,13800
2023-10-04,GPU Training,Mid-Market,4577
2023-10-04,GPU Training,Startup,2224
2023-10-04,GPU Training,Research/Academic,3656
2023-10-04,GPU Inference,Enterprise,9712
2023-10-04,GPU Inference,Mid-Market,4803
2023-10-04,GPU Inference,Startup,3389
2023-10-04,GPU Inference,Research/Academic,1367
2023-10-04,CPU Batch,Enterprise,6292
2023-10-04,CPU Batch,Mid-Market,3606
2023-10-04,CPU Batch,Startup,996
2023-10-04,CPU Batch,Research/Academic,1726
2023-10-04,CPU Interactive,Enterprise,4993
2023-10-04,CPU Interactive,Mid-Market,2238
2023-10-04,CPU Interactive,Startup,1888
2023-10-04,CPU Interactive,Research/Academic,2709
2023-10-05,GPU Training,Enterprise,14970
2023-10-05,GPU Training,Mid-Market,4935
2023-10-05,GPU Training,Startup,2049
2023-10-05,GPU Training,Research/Academic,4191
2023-10-05,GPU Inference,Enterprise,9786
2023-10-05,GPU Inference,Mid-Market,4730
2023-10-05,GPU Inference,Startup,3026
2023-10-05,GPU Inference,Research/Academic,1374
2023-10-05,CPU Batch,Enterprise,7239
2023-10-05,CPU Batch,Mid-Market,3398
2023-10-05,CPU Batch,Startup,753
2023-10-05,CPU Batch,Research/Academic,1580
2023-10-05,CPU Interactive,Enterprise,5041
2023-10-05,CPU Interactive,Mid-Market,2565
2023-10-05,CPU Interactive,Startup,1263
2023-10-05,CPU Interactive,Research/Academic,2834
2023-10-06,GPU Training,Enterprise,13558
2023-10-06,GPU Training,Mid-Market,5172
2023-10-06,GPU Training,Startup,1856
2023-10-06,GPU Training,Research/Academic,3370
2023-10-06,GPU Inference,Enterprise,9170
2023-10-06,GPU Inference,Mid-Market,4496
2023-10-06,GPU Inference,Startup,3097
2023-10-06,GPU Inference,Research/Academic,1307
2023-10-06,CPU Batch,Enterprise,6563
2023-10-06,CPU Batch,Mid-Market,3393
2023-10-06,CPU Batch,Startup,823
2023-10-06,CPU Batch,Research/Academic,1494
2023-10-06,CPU Interactive,Enterprise,4338
2023-10-06,CPU Interactive,Mid-Market,2180
2023-10-06,CPU Interactive,Startup,1212
2023-10-06,CPU Interactive,Research/Academic,2779
2023-10-07,GPU Training,Enterprise,10894
2023-10-07,GPU Training,Mid-Market,3621
2023-10-07,GPU Training,Startup,1675
2023-10-07,GPU Training,Research/Academic,2654
2023-10-07,GPU Inference,Enterprise,6698
2023-10-07,GPU Inference,Mid-Market,2979
2023-10-07,GPU Inference,Startup,1653
2023-10-07,GPU Inference,Research/Academic,836
2023-10-07,CPU Batch,Enterprise,4451
2023-10-07,CPU Batch,Mid-Market,2408
2023-10-07,CPU Batch,Startup,464
2023-10-07,CPU Batch,Research/Academic,1123
2023-10-07,CPU Interactive,Enterprise,2610
2023-10-07,CPU Interactive,Mid-Market,1246
2023-10-07,CPU Interactive,Startup,823
2023-10-07,CPU Interactive,Research/Academic,1432
2023-10-08,GPU Training,Enterprise,9879
2023-10-08,GPU Training,Mid-Market,3390
2023-10-08,GPU Training,Startup,1183
2023-10-08,GPU Training,Research/Academic,2731
2023-10-08,GPU Inference,Enterprise,5741
2023-10-08,GPU Inference,Mid-Market,2611
2023-10-08,GPU Inference,Startup,1507
2023-10-08,GPU Inference,Research/Academic,746
2023-10-08,CPU Batch,Enterprise,3785
2023-10-08,CPU Batch,Mid-Market,1826
2023-10-08,CPU Batch,Startup,543
2023-10-08,CPU Batch,Research/Academic,971
2023-10-08,CPU Interactive,Enterprise,2174
2023-10-08,CPU Interactive,Mid-Market,1105
2023-10-08,CPU Interactive,Startup,803
2023-10-08,CPU Interactive,Research/Academic,1199
2023-10-09,GPU Training,Enterprise,7268
2023-10-09,GPU Training,Mid-Market,3291
2023-10-09,GPU Training,Startup,1826
2023-10-09,GPU Training,Research/Academic,1507
2023-10-09,GPU Inference,Enterprise,4995
2023-10-09,GPU Inference,Mid-Market,2740
2023-10-09,GPU Inference,Startup,2187
2023-10-09,GPU Inference,Research/Academic,653
2023-10-09,CPU Batch,Enterprise,3534
2023-10-09,CPU Batch,Mid-Market,1908
2023-10-09,CPU Batch,Startup,685
2023-10-09,CPU Batch,Research/Academic,780
2023-10-09,CPU Interactive,Enterprise,2358
2023-10-09,CPU Interactive,Mid-Market,1311
2023-10-09,CPU Interactive,Startup,919
2023-10-09,CPU Interactive,Research/Academic,1363
2023-10-10,GPU Training,Enterprise,15636
2023-10-10,GPU Training,Mid-Market,4702
2023-10-10,GPU Training,Startup,2287
2023-10-10,GPU Training,Research/Academic,3338
2023-10-10,GPU Inference,Enterprise,9893
2023-10-10,GPU Inference,Mid-Market,4381
2023-10-10,GPU Inference,Startup,3163
2023-10-10,GPU Inference,Research/Academic,1483
2023-10-10,CPU Batch,Enterprise,6725
2023-10-10,CPU Batch,Mid-Market,3642
2023-10-10,CPU Batch,Startup,686
2023-10-10,CPU Batch,Research/Academic,1861
2023-10-10,CPU Interactive,Enterprise,4711
2023-10-10,CPU Interactive,Mid-Market,2533
2023-10-10,CPU Interactive,Startup,1241
2023-10-10,CPU Interactive,Research/Academic,2641
2023-10-11,GPU Training,Enterprise,14674
2023-10-11,GPU Training,Mid-Market,5577
2023-10-11,GPU Training,Startup,2387
2023-10-11,GPU Training,Research/Academic,4054
2023-10-11,GPU Inference,Enterprise,9276
2023-10-11,GPU Inference,Mid-Market,4815
2023-10-11,GPU Inference,Startup,2978
2023-10-11,GPU Inference,Research/Academic,1367
2023-10-11,CPU Batch,Enterprise,6474
2023-10-11,CPU Batch,Mid-Market,3586
2023-10-11,CPU Batch,Startup,700
2023-10-11,CPU Batch,Research/Academic,1775
2023-10-11,CPU Interactive,Enterprise,4536
2023-10-11,CPU Interactive,Mid-Market,2446
2023-10-11,CPU Interactive,Startup,1470
2023-10-11,CPU Interactive,Research/Academic,3215
2023-10-12,GPU Training,Enterprise,14495
2023-10-12,GPU Training,Mid-Market,5324
2023-10-12,GPU Training,Startup,2174
2023-10-12,GPU Training,Research/Academic,4117
2023-10-12,GPU Inference,Enterprise,10181
2023-10-12,GPU Inference,Mid-Market,4384
2023-10-12,GPU Inference,Startup,2897
2023-10-12,GPU Inference,Research/Academic,1226
2023-10-12,CPU Batch,Enterprise,6976
2023-10-12,CPU Batch,Mid-Market,3062
2023-10-12,CPU Batch,Startup,1024
2023-10-12,CPU Batch,Research/Academic,1703
2023-10-12,CPU Interactive,Enterprise,5441
2023-10-12,CPU Interactive,Mid-Market,2318
2023-10-12,CPU Interactive,Startup,1514
2023-10-12,CPU Interactive,Research/Academic,3472
2023-10-13,GPU Training,Enterprise,14625
2023-10-13,GPU Training,Mid-Market,5085
2023-10-13,GPU Training,Startup,2268
2023-10-13,GPU Training,Research/Academic,3551
2023-10-13,GPU Inference,Enterprise,9622
2023-10-13,GPU Inference,Mid-Market,4096
2023-10-13,GPU Inference,Startup,2818
2023-10-13,GPU Inference,Research/Academic,1167
2023-10-13,CPU Batch,Enterprise,6716
2023-10-13,CPU Batch,Mid-Market,3476
2023-10-13,CPU Batch,Startup,886
2023-10-13,CPU Batch,Research/Academic,1440
2023-10-13,CPU Interactive,Enterprise,4700
2023-10-13,CPU Interactive,Mid-Market,2347
2023-10-13,CPU Interactive,Startup,1283
2023-10-13,CPU Interactive,Research/Academic,2685
2023-10-14,GPU Training,Enterprise,10012
2023-10-14,GPU Training,Mid-Market,3790
2023-10-14,GPU Training,Startup,1579
2023-10-14,GPU Training,Research/Academic,2985
2023-10-14,GPU Inference,Enterprise,6490
2023-10-14,GPU Inference,Mid-Market,3149
2023-10-14,GPU Inference,Startup,1870
2023-10-14,GPU Inference,Research/Academic,946
2023-10-14,CPU Batch,Enterprise,4429
2023-10-14,CPU Batch,Mid-Market,2388
2023-10-14,CPU Batch,Startup,569
2023-10-14,CPU Batch,Research/Academic,964
2023-10-14,CPU Interactive,Enterprise,2362
2023-10-14,CPU Interactive,Mid-Market,1218
2023-10-14,CPU Interactive,Startup,666
2023-10-14,CPU Interactive,Research/Academic,1567
2023-10-15,GPU Training,Enterprise,9790
2023-10-15,GPU Training,Mid-Market,4512
2023-10-15,GPU Training,Startup,1283
2023-10-15,GPU Training,Research/Academic,2579
2023-10-15,GPU Inference,Enterprise,5752
2023-10-15,GPU Inference,Mid-Market,2630
2023-10-15,GPU Inference,Startup,1835
2023-10-15,GPU Inference,Research/Academic,695
2023-10-15,CPU Batch,Enterprise,3855
2023-10-15,CPU Batch,Mid-Market,2200
2023-10-15,CPU Batch,Startup,493
2023-10-15,CPU Batch,Research/Academic,956
2023-10-15,CPU Interactive,Enterprise,2243
2023-10-15,CPU Interactive,Mid-Market,1078
2023-10-15,CPU Interactive,Startup,623
2023-10-15,CPU Interactive,Research/Academic,1090
2023-10-16,GPU Training,Enterprise,13654
2023-10-16,GPU Training,Mid-Market,5059
2023-10-16,GPU Training,Startup,1869
2023-10-16,GPU Training,Research/Academic,3418
2023-10-16,GPU Inference,Enterprise,9054
2023-10-16,GPU Inference,Mid-Market,4042
2023-10-16,GPU Inference,Startup,2991
2023-10-16,GPU Inference,Research/Academic,1158
2023-10-16,CPU Batch,Enterprise,6772
2023-10-16,CPU Batch,Mid-Market,2970
2023-10-16,CPU Batch,Startup,818
2023-10-16,CPU Batch,Research/Academic,1857
2023-10-16,CPU Interactive,Enterprise,4506
2023-10-16,CPU Interactive,Mid-Market,2197
2023-10-16,CPU Interactive,Startup,1194
2023-10-16,CPU Interactive,Research/Academic,2508
2023-10-17,GPU Training,Enterprise,14024
2023-10-17,GPU Training,Mid-Market,5373
2023-10-17,GPU Training,Startup,2194
2023-10-17,GPU Training,Research/Academic,3545
2023-10-17,GPU Inference,Enterprise,9659
2023-10-17,GPU Inference,Mid-Market,3987
2023-10-17,GPU Inference,Startup,2750
2023-10-17,GPU Inference,Research/Academic,1457
2023-10-17,CPU Batch,Enterprise,6331
2023-10-17,CPU Batch,Mid-Market,3328
2023-10-17,CPU Batch,Startup,827
2023-10-17,CPU Batch,Research/Academic,1654
2023-10-17,CPU Interactive,Enterprise,4582
2023-10-17,CPU Interactive,Mid-Market,2615
2023-10-17,CPU Interactive,Startup,1535
2023-10-17,CPU Interactive,Research/Academic,2544
2023-10-18,GPU Training,Enterprise,15058
2023-10-18,GPU Training,Mid-Market,5322
2023-10-18,GPU Training,Startup,2171
2023-10-18,GPU Training,Research/Academic,3819
2023-10-18,GPU Inference,Enterprise,9836
2023-10-18,GPU Inference,Mid-Market,4835
2023-10-18,GPU Inference,Startup,2747
2023-10-18,GPU Inference,Research/Academic,1326
2023-10-18,CPU Batch,Enterprise,6702
2023-10-18,CPU Batch,Mid-Market,3336
2023-10-18,CPU Batch,Startup,1071
2023-10-18,CPU Batch,Research/Academic,1774
2023-10-18,CPU Interactive,Enterprise,5170
2023-10-18,CPU Interactive,Mid-Market,2867
2023-10-18,CPU Interactive,Startup,1325
2023-10-18,CPU Interactive,Research/Academic,2947
2023-10-19,GPU Training,Enterprise,13995
2023-10-19,GPU Training,Mid-Market,5326
2023-10-19,GPU Training,Startup,2160
2023-10-19,GPU Training,Research/Academic,3423
2023-10-19,GPU Inference,Enterprise,9628
2023-10-19,GPU Inference,Mid-Market,4503
2023-10-19,GPU Inference,Startup,2610
2023-10-19,GPU Inference,Research/Academic,1491
2023-10-19,CPU Batch,Enterprise,6634
2023-10-19,CPU Batch,Mid-Market,4226
2023-10-19,CPU Batch,Startup,890
2023-10-19,CPU Batch,Research/Academic,1697
2023-10-19,CPU Interactive,Enterprise,4710
2023-10-19,CPU Interactive,Mid-Market,2832
2023-10-19,CPU Interactive,Startup,1762
2023-10-19,CPU Interactive,Research/Academic,3082
2023-10-20,GPU Training,Enterprise,13277
2023-10-20,GPU Training,Mid-Market,5453
2023-10-20,GPU Training,Startup,1946
2023-10-20,GPU Training,Research/Academic,3998
2023-10-20,GPU Inference,Enterprise,9903
2023-10-20,GPU Inference,Mid-Market,4374
2023-10-20,GPU Inference,Startup,2155
2023-10-20,GPU Inference,Research/Academic,1229
2023-10-20,CPU Batch,Enterprise,6879
2023-10-20,CPU Batch,Mid-Market,3676
2023-10-20,CPU Batch,Startup,1044
2023-10-20,CPU Batch,Research/Academic,1444
2023-10-20,CPU Interactive,Enterprise,4586
2023-10-20,CPU Interactive,Mid-Market,2465
2023-10-20,CPU Interactive,Startup,1154
2023-10-20,CPU Interactive,Research/Academic,2747
2023-10-21,GPU Training,Enterprise,10801
2023-10-21,GPU Training,Mid-Market,4012
2023-10-21,GPU Training,Startup,1360
2023-10-21,GPU Training,Research/Academic,2641
2023-10-21,GPU Inference,Enterprise,6622
2023-10-21,GPU Inference,Mid-Market,3010
2023-10-21,GPU Inference,Startup,1889
2023-10-21,GPU Inference,Research/Academic,897
2023-10-21,CPU Batch,Enterprise,4456
2023-10-21,CPU Batch,Mid-Market,2323
2023-10-21,CPU Batch,Startup,587
2023-10-21,CPU Batch,Research/Academic,1058
2023-10-21,CPU Interactive,Enterprise,2513
2023-10-21,CPU Interactive,Mid-Market,1109
2023-10-21,CPU Interactive,Startup,824
2023-10-21,CPU Interactive,Research/Academic,1518
2023-10-22,GPU Training,Enterprise,10039
2023-10-22,GPU Training,Mid-Market,4112
2023-10-22,GPU Training,Startup,1261
2023-10-22,GPU Training,Research/Academic,2170
2023-10-22,GPU Inference,Enterprise,6131
2023-10-22,GPU Inference,Mid-Market,2748
2023-10-22,GPU Inference,Startup,1866
2023-10-22,GPU Inference,Research/Academic,809
2023-10-22,CPU Batch,Enterprise,3929
2023-10-22,CPU Batch,Mid-Market,2061
2023-10-22,CPU Batch,Startup,554
2023-10-22,CPU Batch,Research/Academic,918
2023-10-22,CPU Interactive,Enterprise,1985
2023-10-22,CPU Interactive,Mid-Market,1155
2023-10-22,CPU Interactive,Startup,777
2023-10-22,CPU Interactive,Research/Academic,1378
2023-10-23,GPU Training,Enterprise,12910
2023-10-23,GPU Training,Mid-Market,5378
2023-10-23,GPU Training,Startup,2360
2023-10-23,GPU Training,Research/Academic,3840
2023-10-23,GPU Inference,Enterprise,9018
2023-10-23,GPU Inference,Mid-Market,4169
2023-10-23,GPU Inference,Startup,3083
2023-10-23,GPU Inference,Research/Academic,1298
2023-10-23,CPU Batch,Enterprise,6222
2023-10-23,CPU Batch,Mid-Market,3380
2023-10-23,CPU Batch,Startup,953
2023-10-23,CPU Batch,Research/Academic,1605
2023-10-23,CPU Interactive,Enterprise,4358
2023-10-23,CPU Interactive,Mid-Market,2151
2023-10-23,CPU Interactive,Startup,1604
2023-10-23,CPU Interactive,Research/Academic,2437
2023-10-24,GPU Training,Enterprise,13725
2023-10-24,GPU Training,Mid-Market,5396
2023-10-24,GPU Training,Startup,2486
2023-10-24,GPU Training,Research/Academic,3158
2023-10-24,GPU Inference,Enterprise,9316
2023-10-24,GPU Inference,Mid-Market,3862
2023-10-24,GPU Inference,Startup,2977
2023-10-24,GPU Inference,Research/Academic,1241
2023-10-24,CPU Batch,Enterprise,6598
2023-10-24,CPU Batch,Mid-Market,3542
2023-10-24,CPU Batch,Startup,847
2023-10-24,CPU Batch,Research/Academic,1671
2023-10-24,CPU Interactive,Enterprise,4612
2023-10-24,CPU Interactive,Mid-Market,2481
2023-10-24,CPU Interactive,Startup,1537
2023-10-24,CPU Interactive,Research/Academic,2676
2023-10-25,GPU Training,Enterprise,14631
2023-10-25,GPU Training,Mid-Market,6082
2023-10-25,GPU Training,Startup,2460
2023-10-25,GPU Training,Research/Academic,3336
2023-10-25,GPU Inference,Enterprise,10377
2023-10-25,GPU Inference,Mid-Market,4252
2023-10-25,GPU Inference,Startup,3620
2023-10-25,GPU Inference,Research/Academic,1516
2023-10-25,CPU Batch,Enterprise,6974
2023-10-25,CPU Batch,Mid-Market,3518
2023-10-25,CPU Batch,Startup,919
2023-10-25,CPU Batch,Research/Academic,1782
2023-10-25,CPU Interactive,Enterprise,4771
2023-10-25,CPU Interactive,Mid-Market,2496
2023-10-25,CPU Interactive,Startup,1673
2023-10-25,CPU Interactive,Research/Academic,2805
2023-10-26,GPU Training,Enterprise,14382
2023-10-26,GPU Training,Mid-Market,5205
2023-10-26,GPU Training,Startup,2068
2023-10-26,GPU Training,Research/Academic,3224
2023-10-26,GPU Inference,Enterprise,10419
2023-10-26,GPU Inference,Mid-Market,5214
2023-10-26,GPU Inference,Startup,3633
2023-10-26,GPU Inference,Research/Academic,1227
2023-10-26,CPU Batch,Enterprise,7098
2023-10-26,CPU Batch,Mid-Market,3845
2023-10-26,CPU Batch,Startup,892
2023-10-26,CPU Batch,Research/Academic,1702
2023-10-26,CPU Interactive,Enterprise,4591
2023-10-26,CPU Interactive,Mid-Market,2570
2023-10-26,CPU Interactive,Startup,1363
2023-10-26,CPU Interactive,Research/Academic,3061
2023-10-27,GPU Training,Enterprise,13228
2023-10-27,GPU Training,Mid-Market,5616
2023-10-27,GPU Training,Startup,2539
2023-10-27,GPU Training,Research/Academic,3346
2023-10-27,GPU Inference,Enterprise,9232
2023-10-27,GPU Inference,Mid-Market,3773
2023-10-27,GPU Inference,Startup,2833
2023-10-27,GPU Inference,Research/Academic,1273
2023-10-27,CPU Batch,Enterprise,6302
2023-10-27,CPU Batch,Mid-Market,3494
2023-10-27,CPU Batch,Startup,868
2023-10-27,CPU Batch,Research/Academic,1506
2023-10-27,CPU Interactive,Enterprise,4444
2023-10-27,CPU Interactive,Mid-Market,2484
2023-10-27,CPU Interactive,Startup,1521
2023-10-27,CPU Interactive,Research/Academic,2723
2023-10-28,GPU Training,Enterprise,11004
2023-10-28,GPU Training,Mid-Market,3801
2023-10-28,GPU Training,Startup,1719
2023-10-28,GPU Training,Research/Academic,2747
2023-10-28,GPU Inference,Enterprise,6635
2023-10-28,GPU Inference,Mid-Market,3167
2023-10-28,GPU Inference,Startup,1866
2023-10-28,GPU Inference,Research/Academic,971
2023-10-28,CPU Batch,Enterprise,4571
2023-10-28,CPU Batch,Mid-Market,1841
2023-10-28,CPU Batch,Startup,705
2023-10-28,CPU Batch,Research/Academic,857
2023-10-28,CPU Interactive,Enterprise,2450
2023-10-28,CPU Interactive,Mid-Market,1369
2023-10-28,CPU Interactive,Startup,753
2023-10-28,CPU Interactive,Research/Academic,1352
2023-10-29,GPU Training,Enterprise,9640
2023-10-29,GPU Training,Mid-Market,4157
2023-10-29,GPU Training,Startup,1277
2023-10-29,GPU Training,Research/Academic,2787
2023-10-29,GPU Inference,Enterprise,6097
2023-10-29,GPU Inference,Mid-Market,2554
2023-10-29,GPU Inference,Startup,1728
2023-10-29,GPU Inference,Research/Academic,776
2023-10-29,CPU Batch,Enterprise,3969
2023-10-29,CPU Batch,Mid-Market,2038
2023-10-29,CPU Batch,Startup,427
2023-10-29,CPU Batch,Research/Academic,908
2023-10-29,CPU Interactive,Enterprise,2092
2023-10-29,CPU Interactive,Mid-Market,1203
2023-10-29,CPU Interactive,Startup,574
2023-10-29,CPU Interactive,Research/Academic,1490
2023-10-30,GPU Training,Enterprise,13420
2023-10-30,GPU Training,Mid-Market,4759
2023-10-30,GPU Training,Startup,1979
2023-10-30,GPU Training,Research/Academic,3184
2023-10-30,GPU Inference,Enterprise,8943
2023-10-30,GPU Inference,Mid-Market,4306
2023-10-30,GPU Inference,Startup,2465
2023-10-30,GPU Inference,Research/Academic,1089
2023-10-30,CPU Batch,Enterprise,6421
2023-10-30,CPU Batch,Mid-Market,2902
2023-10-30,CPU Batch,Startup,815
2023-10-30,CPU Batch,Research/Academic,1483
2023-10-30,CPU Interactive,Enterprise,4184
2023-10-30,CPU Interactive,Mid-Market,2529
2023-10-30,CPU Interactive,Startup,1359
2023-10-30,CPU Interactive,Research/Academic,2673
2023-10-31,GPU Training,Enterprise,13151
2023-10-31,GPU Training,Mid-Market,5183
2023-10-31,GPU Training,Startup,2315
2023-10-31,GPU Training,Research/Academic,3285
2023-10-31,GPU Inference,Enterprise,10259
2023-10-31,GPU Inference,Mid-Market,4135
2023-10-31,GPU Inference,Startup,2904
2023-10-31,GPU Inference,Research/Academic,1299
2023-10-31,CPU Batch,Enterprise,6757
2023-10-31,CPU Batch,Mid-Market,3241
2023-10-31,CPU Batch,Startup,889
2023-10-31,CPU Batch,Research/Academic,1611
2023-10-31,CPU Interactive,Enterprise,4546
2023-10-31,CPU Interactive,Mid-Market,2458
2023-10-31,CPU Interactive,Startup,1502
2023-10-31,CPU Interactive,Research/Academic,2811
2023-11-01,GPU Training,Enterprise,14408
2023-11-01,GPU Training,Mid-Market,5957
2023-11-01,GPU Training,Startup,2278
2023-11-01,GPU Training,Research/Academic,3611
2023-11-01,GPU Inference,Enterprise,10130
2023-11-01,GPU Inference,Mid-Market,5167
2023-11-01,GPU Inference,Startup,2611
2023-11-01,GPU Inference,Research/Academic,1475
2023-11-01,CPU Batch,Enterprise,6341
2023-11-01,CPU Batch,Mid-Market,3507
2023-11-01,CPU Batch,Startup,1131
2023-11-01,CPU Batch,Research/Academic,1739
2023-11-01,CPU Interactive,Enterprise,4843
2023-11-01,CPU Interactive,Mid-Market,2347
2023-11-01,CPU Interactive,Startup,1505
2023-11-01,CPU Interactive,Research/Academic,2850
2023-11-02,GPU Training,Enterprise,14214
2023-11-02,GPU Training,Mid-Market,5526
2023-11-02,GPU Training,Startup,2403
2023-11-02,GPU Training,Research/Academic,3481
2023-11-02,GPU Inference,Enterprise,9778
2023-11-02,GPU Inference,Mid-Market,4178
2023-11-02,GPU Inference,Startup,3220
2023-11-02,GPU Inference,Research/Academic,1450
2023-11-02,CPU Batch,Enterprise,6905
2023-11-02,CPU Batch,Mid-Market,3697
2023-11-02,CPU Batch,Startup,946
2023-11-02,CPU Batch,Research/Academic,1726
2023-11-02,CPU Interactive,Enterprise,5001
2023-11-02,CPU Interactive,Mid-Market,2492
2023-11-02,CPU Interactive,Startup,1446
2023-11-02,CPU Interactive,Research/Academic,3565
2023-11-03,GPU Training,Enterprise,13760
2023-11-03,GPU Training,Mid-Market,5142
2023-11-03,GPU Training,Startup,2362
2023-11-03,GPU Training,Research/Academic,3606
2023-11-03,GPU Inference,Enterprise,9115
2023-11-03,GPU Inference,Mid-Market,4747
2023-11-03,GPU Inference,Startup,2903
2023-11-03,GPU Inference,Research/Academic,1211
2023-11-03,CPU Batch,Enterprise,6977
2023-11-03,CPU Batch,Mid-Market,3511
2023-11-03,CPU Batch,Startup,783
2023-11-03,CPU Batch,Research/Academic,1875
2023-11-03,CPU Interactive,Enterprise,4633
2023-11-03,CPU Interactive,Mid-Market,2289
2023-11-03,CPU Interactive,Startup,1704
2023-11-03,CPU Interactive,Research/Academic,2762
2023-11-04,GPU Training,Enterprise,10670
2023-11-04,GPU Training,Mid-Market,3923
2023-11-04,GPU Training,Startup,1834
2023-11-04,GPU Training,Research/Academic,2798
2023-11-04,GPU Inference,Enterprise,6751
2023-11-04,GPU Inference,Mid-Market,2907
2023-11-04,GPU Inference,Startup,2089
2023-11-04,GPU Inference,Research/Academic,921
2023-11-04,CPU Batch,Enterprise,4206
2023-11-04,CPU Batch,Mid-Market,2022
2023-11-04,CPU Batch,Startup,650
2023-11-04,CPU Batch,Research/Academic,881
2023-11-04,CPU Interactive,Enterprise,2514
2023-11-04,CPU Interactive,Mid-Market,1224
2023-11-04,CPU Interactive,Startup,911
2023-11-04,CPU Interactive,Research/Academic,1448
2023-11-05,GPU Training,Enterprise,10290
2023-11-05,GPU Training,Mid-Market,3749
2023-11-05,GPU Training,Startup,1628
2023-11-05,GPU Training,Research/Academic,2679
2023-11-05,GPU Inference,Enterprise,5986
2023-11-05,GPU Inference,Mid-Market,2978
2023-11-05,GPU Inference,Startup,1651
2023-11-05,GPU Inference,Research/Academic,856
2023-11-05,CPU Batch,Enterprise,3947
2023-11-05,CPU Batch,Mid-Market,2013
2023-11-05,CPU Batch,Startup,656
2023-11-05,CPU Batch,Research/Academic,874
2023-11-05,CPU Interactive,Enterprise,2035
2023-11-05,CPU Interactive,Mid-Market,1019
2023-11-05,CPU Interactive,Startup,727
2023-11-05,CPU Interactive,Research/Academic,1352
2023-11-06,GPU Training,Enterprise,13426
2023-11-06,GPU Training,Mid-Market,4756
2023-11-06,GPU Training,Startup,2350
2023-11-06,GPU Training,Research/Academic,3054
2023-11-06,GPU Inference,Enterprise,9837
2023-11-06,GPU Inference,Mid-Market,5226
2023-11-06,GPU Inference,Startup,2996
2023-11-06,GPU Inference,Research/Academic,1348
2023-11-06,CPU Batch,Enterprise,6342
2023-11-06,CPU Batch,Mid-Market,2879
2023-11-06,CPU Batch,Startup,824
2023-11-06,CPU Batch,Research/Academic,1448
2023-11-06,CPU Interactive,Enterprise,4061
2023-11-06,CPU Interactive,Mid-Market,2465
2023-11-06,CPU Interactive,Startup,1389
2023-11-06,CPU Interactive,Research/Academic,2679
2023-11-07,GPU Training,Enterprise,13877
2023-11-07,GPU Training,Mid-Market,5342
2023-11-07,GPU Training,Startup,2530
2023-11-07,GPU Training,Research/Academic,3528
2023-11-07,GPU Inference,Enterprise,10084
2023-11-07,GPU Inference,Mid-Market,4438
2023-11-07,GPU Inference,Startup,2895
2023-11-07,GPU Inference,Research/Academic,1208
2023-11-07,CPU Batch,Enterprise,6154
2023-11-07,CPU Batch,Mid-Market,3304
2023-11-07,CPU Batch,Startup,919
2023-11-07,CPU Batch,Research/Academic,1468
2023-11-07,CPU Interactive,Enterprise,4643
2023-11-07,CPU Interactive,Mid-Market,2370
2023-11-07,CPU Interactive,Startup,1121
2023-11-07,CPU Interactive,Research/Academic,2609
2023-11-08,GPU Training,Enterprise,14971
2023-11-08,GPU Training,Mid-Market,5825
2023-11-08,GPU Training,Startup,2058
2023-11-08,GPU Training,Research/Academic,3754
2023-11-08,GPU Inference,Enterprise,10590
2023-11-08,GPU Inference,Mid-Market,4893
2023-11-08,GPU Inference,Startup,3073
2023-11-08,GPU Inference,Research/Academic,1340
2023-11-08,CPU Batch,Enterprise,6683
2023-11-08,CPU Batch,Mid-Market,3578
2023-11-08,CPU Batch,Startup,961
2023-11-08,CPU Batch,Research/Academic,1760
2023-11-08,CPU Interactive,Enterprise,4849
2023-11-08,CPU Interactive,Mid-Market,2595
2023-11-08,CPU Interactive,Startup,1525
2023-11-08,CPU Interactive,Research/Academic,3100
2023-11-09,GPU Training,Enterprise,15262
2023-11-09,GPU Training,Mid-Market,5364
2023-11-09,GPU Training,Startup,1905
2023-11-09,GPU Training,Research/Academic,4195
2023-11-09,GPU Inference,Enterprise,10282
2023-11-09,GPU Inference,Mid-Market,4116
2023-11-09,GPU Inference,Startup,2859
2023-11-09,GPU Inference,Research/Academic,1480
2023-11-09,CPU Batch,Enterprise,6779
2023-11-09,CPU Batch,Mid-Market,3342
2023-11-09,CPU Batch,Startup,1112
2023-11-09,CPU Batch,Research/Academic,1539
2023-11-09,CPU Interactive,Enterprise,4799
2023-11-09,CPU Interactive,Mid-Market,2555
2023-11-09,CPU Interactive,Startup,1623
2023-11-09,CPU Interactive,Research/Academic,3111
2023-11-10,GPU Training,Enterprise,14602
2023-11-10,GPU Training,Mid-Market,5497
2023-11-10,GPU Training,Startup,2398
2023-11-10,GPU Training,Research/Academic,3467
2023-11-10,GPU Inference,Enterprise,9741
2023-11-10,GPU Inference,Mid-Market,4465
2023-11-10,GPU Inference,Startup,3054
2023-11-10,GPU Inference,Research/Academic,1412
2023-11-10,CPU Batch,Enterprise,6816
2023-11-10,CPU Batch,Mid-Market,3380
2023-11-10,CPU Batch,Startup,829
2023-11-10,CPU Batch,Research/Academic,1636
2023-11-10,CPU Interactive,Enterprise,4521
2023-11-10,CPU Interactive,Mid-Market,2331
2023-11-10,CPU Interactive,Startup,1844
2023-11-10,CPU Interactive,Research/Academic,2618
2023-11-11,GPU Training,Enterprise,6004
2023-11-11,GPU Training,Mid-Market,2673
2023-11-11,GPU Training,Startup,1309
2023-11-11,GPU Training,Research/Academic,1626
2023-11-11,GPU Inference,Enterprise,3684
2023-11-11,GPU Inference,Mid-Market,1904
2023-11-11,GPU Inference,Startup,1420
2023-11-11,GPU Inference,Research/Academic,451
2023-11-11,CPU Batch,Enterprise,2469
2023-11-11,CPU Batch,Mid-Market,1430
2023-11-11,CPU Batch,Startup,475
2023-11-11,CPU Batch,Research/Academic,600
2023-11-11,CPU Interactive,Enterprise,1370
2023-11-11,CPU Interactive,Mid-Market,745
2023-11-11,CPU Interactive,Startup,812
2023-11-11,CPU Interactive,Research/Academic,778
2023-11-12,GPU Training,Enterprise,9785
2023-11-12,GPU Training,Mid-Market,3695
2023-11-12,GPU Training,Startup,1446
2023-11-12,GPU Training,Research/Academic,2727
2023-11-12,GPU Inference,Enterprise,6056
2023-11-12,GPU Inference,Mid-Market,2830
2023-11-12,GPU Inference,Startup,1871
2023-11-12,GPU Inference,Research/Academic,889
2023-11-12,CPU Batch,Enterprise,3684
2023-11-12,CPU Batch,Mid-Market,1787
2023-11-12,CPU Batch,Startup,537
2023-11-12,CPU Batch,Research/Academic,976
2023-11-12,CPU Interactive,Enterprise,2186
2023-11-12,CPU Interactive,Mid-Market,1036
2023-11-12,CPU Interactive,Startup,732
2023-11-12,CPU Interactive,Research/Academic,1225
2023-11-13,GPU Training,Enterprise,13159
2023-11-13,GPU Training,Mid-Market,4846
2023-11-13,GPU Training,Startup,2527
2023-11-13,GPU Training,Research/Academic,3549
2023-11-13,GPU Inference,Enterprise,9696
2023-11-13,GPU Inference,Mid-Market,4715
2023-11-13,GPU Inference,Startup,4072
2023-11-13,GPU Inference,Research/Academic,1126
2023-11-13,CPU Batch,Enterprise,6293
2023-11-13,CPU Batch,Mid-Market,3138
2023-11-13,CPU Batch,Startup,803
2023-11-13,CPU Batch,Research/Academic,1451
2023-11-13,CPU Interactive,Enterprise,4264
2023-11-13,CPU Interactive,Mid-Market,2014
2023-11-13,CPU Interactive,Startup,1406
2023-11-13,CPU Interactive,Research/Academic,2612
2023-11-14,GPU Training,Enterprise,14392
2023-11-14,GPU Training,Mid-Market,5637
2023-11-14,GPU Training,Startup,2443
2023-11-14,GPU Training,Research/Academic,3439
2023-11-14,GPU Inference,Enterprise,10829
2023-11-14,GPU Inference,Mid-Market,4619
2023-11-14,GPU Inference,Startup,2445
2023-11-14,GPU Inference,Research/Academic,1251
2023-11-14,CPU Batch,Enterprise,6225
2023-11-14,CPU Batch,Mid-Market,3378
2023-11-14,CPU Batch,Startup,902
2023-11-14,CPU Batch,Research/Academic,1568
2023-11-14,CPU Interactive,Enterprise,5054
2023-11-14,CPU Interactive,Mid-Market,2463
2023-11-14,CPU Interactive,Startup,1593
2023-11-14,CPU Interactive,Research/Academic,2608
2023-11-15,GPU Training,Enterprise,14221
2023-11-15,GPU Training,Mid-Market,5719
2023-11-15,GPU Training,Startup,2434
2023-11-15,GPU Training,Research/Academic,3201
2023-11-15,GPU Inference,Enterprise,10170
2023-11-15,GPU Inference,Mid-Market,4685
2023-11-15,GPU Inference,Startup,3070
2023-11-15,GPU Inference,Research/Academic,1307
2023-11-15,CPU Batch,Enterprise,6720
2023-11-15,CPU Batch,Mid-Market,3429
2023-11-15,CPU Batch,Startup,953
2023-11-15,CPU Batch,Research/Academic,1758
2023-11-15,CPU Interactive,Enterprise,5051
2023-11-15,CPU Interactive,Mid-Market,2409
2023-11-15,CPU Interactive,Startup,1435
2023-11-15,CPU Interactive,Research/Academic,3018
2023-11-16,GPU Training,Enterprise,15177
2023-11-16,GPU Training,Mid-Market,5539
2023-11-16,GPU Training,Startup,2624
2023-11-16,GPU Training,Research/Academic,4017
2023-11-16,GPU Inference,Enterprise,10799
2023-11-16,GPU Inference,Mid-Market,5308
2023-11-16,GPU Inference,Startup,2845
2023-11-16,GPU Inference,Research/Academic,1397
2023-11-16,CPU Batch,Enterprise,6871
2023-11-16,CPU Batch,Mid-Market,3449
2023-11-16,CPU Batch,Startup,872
2023-11-16,CPU Batch,Research/Academic,1487
2023-11-16,CPU Interactive,Enterprise,4988
2023-11-16,CPU Interactive,Mid-Market,2394
2023-11-16,CPU Interactive,Startup,1573
2023-11-16,CPU Interactive,Research/Academic,2809
2023-11-17,GPU Training,Enterprise,13538
2023-11-17,GPU Training,Mid-Market,5545
2023-11-17,GPU Training,Startup,2322
2023-11-17,GPU Training,Research/Academic,3714
2023-11-17,GPU Inference,Enterprise,10686
2023-11-17,GPU Inference,Mid-Market,4564
2023-11-17,GPU Inference,Startup,3197
2023-11-17,GPU Inference,Research/Academic,1221
2023-11-17,CPU Batch,Enterprise,6344
2023-11-17,CPU Batch,Mid-Market,3773
2023-11-17,CPU Batch,Startup,821
2023-11-17,CPU Batch,Research/Academic,1498
2023-11-17,CPU Interactive,Enterprise,4532
2023-11-17,CPU Interactive,Mid-Market,2294
2023-11-17,CPU Interactive,Startup,1277
2023-11-17,CPU Interactive,Research/Academic,2667
2023-11-18,GPU Training,Enterprise,11330
2023-11-18,GPU Training,Mid-Market,3932
2023-11-18,GPU Training,Startup,1472
2023-11-18,GPU Training,Research/Academic,2914
2023-11-18,GPU Inference,Enterprise,6988
2023-11-18,GPU Inference,Mid-Market,3000
2023-11-18,GPU Inference,Startup,1747
2023-11-18,GPU Inference,Research/Academic,877
2023-11-18,CPU Batch,Enterprise,4444
2023-11-18,CPU Batch,Mid-Market,2444
2023-11-18,CPU Batch,Startup,540
2023-11-18,CPU Batch,Research/Academic,1079
2023-11-18,CPU Interactive,Enterprise,2577
2023-11-18,CPU Interactive,Mid-Market,1080
2023-11-18,CPU Interactive,Startup,890
2023-11-18,CPU Interactive,Research/Academic,1374
2023-11-19,GPU Training,Enterprise,10254
2023-11-19,GPU Training,Mid-Market,3971
2023-11-19,GPU Training,Startup,1860
2023-11-19,GPU Training,Research/Academic,2648
2023-11-19,GPU Inference,Enterprise,5631
2023-11-19,GPU Inference,Mid-Market,2681
2023-11-19,GPU Inference,Startup,1942
2023-11-19,GPU Inference,Research/Academic,828
2023-11-19,CPU Batch,Enterprise,3892
2023-11-19,CPU Batch,Mid-Market,2041
2023-11-19,CPU Batch,Startup,564
2023-11-19,CPU Batch,Research/Academic,915
2023-11-19,CPU Interactive,Enterprise,2009
2023-11-19,CPU Interactive,Mid-Market,1066
2023-11-19,CPU Interactive,Startup,713
2023-11-19,CPU Interactive,Research/Academic,1193
2023-11-20,GPU Training,Enterprise,13847
2023-11-20,GPU Training,Mid-Market,5551
2023-11-20,GPU Training,Startup,2213
2023-11-20,GPU Training,Research/Academic,2645
2023-11-20,GPU Inference,Enterprise,9062
2023-11-20,GPU Inference,Mid-Market,4980
2023-11-20,GPU Inference,Startup,2758
2023-11-20,GPU Inference,Research/Academic,1104
2023-11-20,CPU Batch,Enterprise,6823
2023-11-20,CPU Batch,Mid-Market,3288
2023-11-20,CPU Batch,Startup,1019
2023-11-20,CPU Batch,Research/Academic,1618
2023-11-20,CPU Interactive,Enterprise,4409
2023-11-20,CPU Interactive,Mid-Market,2259
2023-11-20,CPU Interactive,Startup,1476
2023-11-20,CPU Interactive,Research/Academic,3124
2023-11-21,GPU Training,Enterprise,14748
2023-11-21,GPU Training,Mid-Market,4901
2023-11-21,GPU Training,Startup,2418
2023-11-21,GPU Training,Research/Academic,3889
2023-11-21,GPU Inference,Enterprise,10519
2023-11-21,GPU Inference,Mid-Market,4454
2023-11-21,GPU Inference,Startup,3563
2023-11-21,GPU Inference,Research/Academic,1464
2023-11-21,CPU Batch,Enterprise,7411
2023-11-21,CPU Batch,Mid-Market,3209
2023-11-21,CPU Batch,Startup,865
2023-11-21,CPU Batch,Research/Academic,1590
2023-11-21,CPU Interactive,Enterprise,4586
2023-11-21,CPU Interactive,Mid-Market,2236
2023-11-21,CPU Interactive,Startup,1053
2023-11-21,CPU Interactive,Research/Academic,2717
2023-11-22,GPU Training,Enterprise,15094
2023-11-22,GPU Training,Mid-Market,5546
2023-11-22,GPU Training,Startup,3032
2023-11-22,GPU Training,Research/Academic,3724
2023-11-22,GPU Inference,Enterprise,10870
2023-11-22,GPU Inference,Mid-Market,4814
2023-11-22,GPU Inference,Startup,3526
2023-11-22,GPU Inference,Research/Academic,1430
2023-11-22,CPU Batch,Enterprise,7267
2023-11-22,CPU Batch,Mid-Market,3494
2023-11-22,CPU Batch,Startup,1004
2023-11-22,CPU Batch,Research/Academic,1726
2023-11-22,CPU Interactive,Enterprise,4796
2023-11-22,CPU Interactive,Mid-Market,2540
2023-11-22,CPU Interactive,Startup,1991
2023-11-22,CPU Interactive,Research/Academic,2855
2023-11-23,GPU Training,Enterprise,8324
2023-11-23,GPU Training,Mid-Market,3765
2023-11-23,GPU Training,Startup,2070
2023-11-23,GPU Training,Research/Academic,1862
2023-11-23,GPU Inference,Enterprise,5167
2023-11-23,GPU Inference,Mid-Market,2945
2023-11-23,GPU Inference,Startup,1838
2023-11-23,GPU Inference,Research/Academic,787
2023-11-23,CPU Batch,Enterprise,3811
2023-11-23,CPU Batch,Mid-Market,2240
2023-11-23,CPU Batch,Startup,637
2023-11-23,CPU Batch,Research/Academic,740
2023-11-23,CPU Interactive,Enterprise,2770
2023-11-23,CPU Interactive,Mid-Market,1518
2023-11-23,CPU Interactive,Startup,1107
2023-11-23,CPU Interactive,Research/Academic,1508
2023-11-24,GPU Training,Enterprise,8734
2023-11-24,GPU Training,Mid-Market,3492
2023-11-24,GPU Training,Startup,1957
2023-11-24,GPU Training,Research/Academic,1900
2023-11-24,GPU Inference,Enterprise,5758
2023-11-24,GPU Inference,Mid-Market,2677
2023-11-24,GPU Inference,Startup,1791
2023-11-24,GPU Inference,Research/Academic,657
2023-11-24,CPU Batch,Enterprise,3802
2023-11-24,CPU Batch,Mid-Market,1898
2023-11-24,CPU Batch,Startup,676
2023-11-24,CPU Batch,Research/Academic,771
2023-11-24,CPU Interactive,Enterprise,2659
2023-11-24,CPU Interactive,Mid-Market,1465
2023-11-24,CPU Interactive,Startup,1160
2023-11-24,CPU Interactive,Research/Academic,1438
2023-11-25,GPU Training,Enterprise,10822
2023-11-25,GPU Training,Mid-Market,4244
2023-11-25,GPU Training,Startup,1522
2023-11-25,GPU Training,Research/Academic,2273
2023-11-25,GPU Inference,Enterprise,6946
2023-11-25,GPU Inference,Mid-Market,3237
2023-11-25,GPU Inference,Startup,2475
2023-11-25,GPU Inference,Research/Academic,1059
2023-11-25,CPU Batch,Enterprise,4752
2023-11-25,CPU Batch,Mid-Market,2106
2023-11-25,CPU Batch,Startup,588
2023-11-25,CPU Batch,Research/Academic,1129
2023-11-25,CPU Interactive,Enterprise,2784
2023-11-25,CPU Interactive,Mid-Market,1420
2023-11-25,CPU Interactive,Startup,904
2023-11-25,CPU Interactive,Research/Academic,1465
2023-11-26,GPU Training,Enterprise,9815
2023-11-26,GPU Training,Mid-Market,4151
2023-11-26,GPU Training,Startup,1443
2023-11-26,GPU Training,Research/Academic,2491
2023-11-26,GPU Inference,Enterprise,6212
2023-11-26,GPU Inference,Mid-Market,3198
2023-11-26,GPU Inference,Startup,1856
2023-11-26,GPU Inference,Research/Academic,694
2023-11-26,CPU Batch,Enterprise,3904
2023-11-26,CPU Batch,Mid-Market,1844
2023-11-26,CPU Batch,Startup,529
2023-11-26,CPU Batch,Research/Academic,925
2023-11-26,CPU Interactive,Enterprise,2146
2023-11-26,CPU Interactive,Mid-Market,1167
2023-11-26,CPU Interactive,Startup,567
2023-11-26,CPU Interactive,Research/Academic,1250
2023-11-27,GPU Training,Enterprise,13943
2023-11-27,GPU Training,Mid-Market,5021
2023-11-27,GPU Training,Startup,1813
2023-11-27,GPU Training,Research/Academic,3572
2023-11-27,GPU Inference,Enterprise,10053
2023-11-27,GPU Inference,Mid-Market,4394
2023-11-27,GPU Inference,Startup,2359
2023-11-27,GPU Inference,Research/Academic,1373
2023-11-27,CPU Batch,Enterprise,6088
2023-11-27,CPU Batch,Mid-Market,3365
2023-11-27,CPU Batch,Startup,805
2023-11-27,CPU Batch,Research/Academic,1443
2023-11-27,CPU Interactive,Enterprise,4265
2023-11-27,CPU Interactive,Mid-Market,2182
2023-11-27,CPU Interactive,Startup,1263
2023-11-27,CPU Interactive,Research/Academic,2732
2023-11-28,GPU Training,Enterprise,14003
2023-11-28,GPU Training,Mid-Market,5900
2023-11-28,GPU Training,Startup,2391
2023-11-28,GPU Training,Research/Academic,3363
2023-11-28,GPU Inference,Enterprise,9759
2023-11-28,GPU Inference,Mid-Market,4130
2023-11-28,GPU Inference,Startup,3251
2023-11-28,GPU Inference,Research/Academic,1325
2023-11-28,CPU Batch,Enterprise,6093
2023-11-28,CPU Batch,Mid-Market,3266
2023-11-28,CPU Batch,Startup,828
2023-11-28,CPU Batch,Research/Academic,1849
2023-11-28,CPU Interactive,Enterprise,4381
2023-11-28,CPU Interactive,Mid-Market,2159
2023-11-28,CPU Interactive,Startup,1685
2023-11-28,CPU Interactive,Research/Academic,3138
2023-11-29,GPU Training,Enterprise,14506
2023-11-29,GPU Training,Mid-Market,5526
2023-11-29,GPU Training,Startup,2610
2023-11-29,GPU Training,Research/Academic,3093
2023-11-29,GPU Inference,Enterprise,9656
2023-11-29,GPU Inference,Mid-Market,4681
2023-11-29,GPU Inference,Startup,3897
2023-11-29,GPU Inference,Research/Academic,1354
2023-11-29,CPU Batch,Enterprise,6921
2023-11-29,CPU Batch,Mid-Market,3777
2023-11-29,CPU Batch,Startup,1222
2023-11-29,CPU Batch,Research/Academic,1601
2023-11-29,CPU Interactive,Enterprise,4863
2023-11-29,CPU Interactive,Mid-Market,2815
2023-11-29,CPU Interactive,Startup,1275
2023-11-29,CPU Interactive,Research/Academic,3171
2023-11-30,GPU Training,Enterprise,14358
2023-11-30,GPU Training,Mid-Market,5823
2023-11-30,GPU Training,Startup,2358
2023-11-30,GPU Training,Research/Academic,3452
2023-11-30,GPU Inference,Enterprise,10013
2023-11-30,GPU Inference,Mid-Market,4874
2023-11-30,GPU Inference,Startup,3653
2023-11-30,GPU Inference,Research/Academic,1389
2023-11-30,CPU Batch,Enterprise,6914
2023-11-30,CPU Batch,Mid-Market,3633
2023-11-30,CPU Batch,Startup,845
2023-11-30,CPU Batch,Research/Academic,1780
2023-11-30,CPU Interactive,Enterprise,5165
2023-11-30,CPU Interactive,Mid-Market,3055
2023-11-30,CPU Interactive,Startup,1504
2023-11-30,CPU Interactive,Research/Academic,2891
2023-12-01,GPU Training,Enterprise,15886
2023-12-01,GPU Training,Mid-Market,6308
2023-12-01,GPU Training,Startup,2346
2023-12-01,GPU Training,Research/Academic,3716
2023-12-01,GPU Inference,Enterprise,10957
2023-12-01,GPU Inference,Mid-Market,4647
2023-12-01,GPU Inference,Startup,3180
2023-12-01,GPU Inference,Research/Academic,1454
2023-12-01,CPU Batch,Enterprise,7525
2023-12-01,CPU Batch,Mid-Market,3509
2023-12-01,CPU Batch,Startup,798
2023-12-01,CPU Batch,Research/Academic,1509
2023-12-01,CPU Interactive,Enterprise,4682
2023-12-01,CPU Interactive,Mid-Market,2288
2023-12-01,CPU Interactive,Startup,1522
2023-12-01,CPU Interactive,Research/Academic,2685
2023-12-02,GPU Training,Enterprise,11420
2023-12-02,GPU Training,Mid-Market,4303
2023-12-02,GPU Training,Startup,1810
2023-12-02,GPU Training,Research/Academic,3251
2023-12-02,GPU Inference,Enterprise,7705
2023-12-02,GPU Inference,Mid-Market,3451
2023-12-02,GPU Inference,Startup,2214
2023-12-02,GPU Inference,Research/Academic,975
2023-12-02,CPU Batch,Enterprise,4886
2023-12-02,CPU Batch,Mid-Market,2543
2023-12-02,CPU Batch,Startup,596
2023-12-02,CPU Batch,Research/Academic,1176
2023-12-02,CPU Interactive,Enterprise,2509
2023-12-02,CPU Interactive,Mid-Market,1407
2023-12-02,CPU Interactive,Startup,939
2023-12-02,CPU Interactive,Research/Academic,1595
2023-12-03,GPU Training,Enterprise,11849
2023-12-03,GPU Training,Mid-Market,4007
2023-12-03,GPU Training,Startup,1839
2023-12-03,GPU Training,Research/Academic,2735
2023-12-03,GPU Inference,Enterprise,6754
2023-12-03,GPU Inference,Mid-Market,3091
2023-12-03,GPU Inference,Startup,2144
2023-12-03,GPU Inference,Research/Academic,976
2023-12-03,CPU Batch,Enterprise,4369
2023-12-03,CPU Batch,Mid-Market,2093
2023-12-03,CPU Batch,Startup,628
2023-12-03,CPU Batch,Research/Academic,950
2023-12-03,CPU Interactive,Enterprise,2420
2023-12-03,CPU Interactive,Mid-Market,1133
2023-12-03,CPU Interactive,Startup,843
2023-12-03,CPU Interactive,Research/Academic,1679
2023-12-04,GPU Training,Enterprise,14630
2023-12-04,GPU Training,Mid-Market,4879
2023-12-04,GPU Training,Startup,2239
2023-12-04,GPU Training,Research/Academic,4036
2023-12-04,GPU Inference,Enterprise,10678
2023-12-04,GPU Inference,Mid-Market,4885
2023-12-04,GPU Inference,Startup,3682
2023-12-04,GPU Inference,Research/Academic,1459
2023-12-04,CPU Batch,Enterprise,7381
2023-12-04,CPU Batch,Mid-Market,3797
2023-12-04,CPU Batch,Startup,1163
2023-12-04,CPU Batch,Research/Academic,1759
2023-12-04,CPU Interactive,Enterprise,4868
2023-12-04,CPU Interactive,Mid-Market,2342
2023-12-04,CPU Interactive,Startup,1376
2023-12-04,CPU Interactive,Research/Academic,3226
2023-12-05,GPU Training,Enterprise,15582
2023-12-05,GPU Training,Mid-Market,6325
2023-12-05,GPU Training,Startup,2551
2023-12-05,GPU Training,Research/Academic,3665
2023-12-05,GPU Inference,Enterprise,10984
2023-12-05,GPU Inference,Mid-Market,5582
2023-12-05,GPU Inference,Startup,3668
2023-12-05,GPU Inference,Research/Academic,1285
2023-12-05,CPU Batch,Enterprise,7177
2023-12-05,CPU Batch,Mid-Market,4153
2023-12-05,CPU Batch,Startup,972
2023-12-05,CPU Batch,Research/Academic,1523
2023-12-05,CPU Interactive,Enterprise,5472
2023-12-05,CPU Interactive,Mid-Market,2712
2023-12-05,CPU Interactive,Startup,1586
2023-12-05,CPU Interactive,Research/Academic,2951
2023-12-06,GPU Training,Enterprise,16911
2023-12-06,GPU Training,Mid-Market,6035
2023-12-06,GPU Training,Startup,3026
2023-12-06,GPU Training,Research/Academic,4204
2023-12-06,GPU Inference,Enterprise,11416
2023-12-06,GPU Inference,Mid-Market,5253
2023-12-06,GPU Inference,Startup,3463
2023-12-06,GPU Inference,Research/Academic,1649
2023-12-06,CPU Batch,Enterprise,7195
2023-12-06,CPU Batch,Mid-Market,3367
2023-12-06,CPU Batch,Startup,1105
2023-12-06,CPU Batch,Research/Academic,1904
2023-12-06,CPU Interactive,Enterprise,5365
2023-12-06,CPU Interactive,Mid-Market,2760
2023-12-06,CPU Interactive,Startup,1597
2023-12-06,CPU Interactive,Research/Academic,3358
2023-12-07,GPU Training,Enterprise,16176
2023-12-07,GPU Training,Mid-Market,6064
2023-12-07,GPU Training,Startup,2543
2023-12-07,GPU Training,Research/Academic,4732
2023-12-07,GPU Inference,Enterprise,10559
2023-12-07,GPU Inference,Mid-Market,5392
2023-12-07,GPU Inference,Startup,2897
2023-12-07,GPU Inference,Research/Academic,1504
2023-12-07,CPU Batch,Enterprise,7322
2023-12-07,CPU Batch,Mid-Market,3261
2023-12-07,CPU Batch,Startup,1076
2023-12-07,CPU Batch,Research/Academic,1756
2023-12-07,CPU Interactive,Enterprise,4971
2023-12-07,CPU Interactive,Mid-Market,2923
2023-12-07,CPU Interactive,Startup,2026
2023-12-07,CPU Interactive,Research/Academic,3647
2023-12-08,GPU Training,Enterprise,15704
2023-12-08,GPU Training,Mid-Market,6013
2023-12-08,GPU Training,Startup,2959
2023-12-08,GPU Training,Research/Academic,4398
2023-12-08,GPU Inference,Enterprise,11307
2023-12-08,GPU Inference,Mid-Market,4656
2023-12-08,GPU Inference,Startup,3469
2023-12-08,GPU Inference,Research/Academic,1499
2023-12-08,CPU Batch,Enterprise,6739
2023-12-08,CPU Batch,Mid-Market,3793
2023-12-08,CPU Batch,Startup,1313
2023-12-08,CPU Batch,Research/Academic,1852
2023-12-08,CPU Interactive,Enterprise,5238
2023-12-08,CPU Interactive,Mid-Market,2550
2023-12-08,CPU Interactive,Startup,1544
2023-12-08,CPU Interactive,Research/Academic,3048
2023-12-09,GPU Training,Enterprise,11423
2023-12-09,GPU Training,Mid-Market,4273
2023-12-09,GPU Training,Startup,2240
2023-12-09,GPU Training,Research/Academic,3269
2023-12-09,GPU Inference,Enterprise,7268
2023-12-09,GPU Inference,Mid-Market,3725
2023-12-09,GPU Inference,Startup,2347
2023-12-09,GPU Inference,Research/Academic,1040
2023-12-09,CPU Batch,Enterprise,4921
2023-12-09,CPU Batch,Mid-Market,2624
2023-12-09,CPU Batch,Startup,673
2023-12-09,CPU Batch,Research/Academic,1314
2023-12-09,CPU Interactive,Enterprise,2763
2023-12-09,CPU Interactive,Mid-Market,1454
2023-12-09,CPU Interactive,Startup,779
2023-12-09,CPU Interactive,Research/Academic,1941
2023-12-10,GPU Training,Enterprise,11282
2023-12-10,GPU Training,Mid-Market,4509
2023-12-10,GPU Training,Startup,1489
2023-12-10,GPU Training,Research/Academic,2572
2023-12-10,GPU Inference,Enterprise,7181
2023-12-10,GPU Inference,Mid-Market,3211
2023-12-10,GPU Inference,Startup,1705
2023-12-10,GPU Inference,Research/Academic,993
2023-12-10,CPU Batch,Enterprise,4053
2023-12-10,CPU Batch,Mid-Market,2317
2023-12-10,CPU Batch,Startup,566
2023-12-10,CPU Batch,Research/Academic,1023
2023-12-10,CPU Interactive,Enterprise,2467
2023-12-10,CPU Interactive,Mid-Market,1127
2023-12-10,CPU Interactive,Startup,660
2023-12-10,CPU Interactive,Research/Academic,1386
2023-12-11,GPU Training,Enterprise,15270
2023-12-11,GPU Training,Mid-Market,5215
2023-12-11,GPU Training,Startup,1974
2023-12-11,GPU Training,Research/Academic,3913
2023-12-11,GPU Inference,Enterprise,10275
2023-12-11,GPU Inference,Mid-Market,4717
2023-12-11,GPU Inference,Startup,2646
2023-12-11,GPU Inference,Research/Academic,1333
2023-12-11,CPU Batch,Enterprise,7042
2023-12-11,CPU Batch,Mid-Market,3809
2023-12-11,CPU Batch,Startup,886
2023-12-11,CPU Batch,Research/Academic,1953
2023-12-11,CPU Interactive,Enterprise,4582
2023-12-11,CPU Interactive,Mid-Market,2289
2023-12-11,CPU Interactive,Startup,1788
2023-12-11,CPU Interactive,Research/Academic,2865
2023-12-12,GPU Training,Enterprise,15184
2023-12-12,GPU Training,Mid-Market,5951
2023-12-12,GPU Training,Startup,2982
2023-12-12,GPU Training,Research/Academic,4327
2023-12-12,GPU Inference,Enterprise,10708
2023-12-12,GPU Inference,Mid-Market,5083
2023-12-12,GPU Inference,Startup,3516
2023-12-12,GPU Inference,Research/Academic,1366
2023-12-12,CPU Batch,Enterprise,7237
2023-12-12,CPU Batch,Mid-Market,3677
2023-12-12,CPU Batch,Startup,1148
2023-12-12,CPU Batch,Research/Academic,1939
2023-12-12,CPU Interactive,Enterprise,5021
2023-12-12,CPU Interactive,Mid-Market,2556
2023-12-12,CPU Interactive,Startup,1741
2023-12-12,CPU Interactive,Research/Academic,2904
2023-12-13,GPU Training,Enterprise,16661
2023-12-13,GPU Training,Mid-Market,6269
2023-12-13,GPU Training,Startup,2367
2023-12-13,GPU Training,Research/Academic,3735
2023-12-13,GPU Inference,Enterprise,12071
2023-12-13,GPU Inference,Mid-Market,5194
2023-12-13,GPU Inference,Startup,4364
2023-12-13,GPU Inference,Research/Academic,1460
2023-12-13,CPU Batch,Enterprise,7550
2023-12-13,CPU Batch,Mid-Market,4471
2023-12-13,CPU Batch,Startup,908
2023-12-13,CPU Batch,Research/Academic,1556
2023-12-13,CPU Interactive,Enterprise,5557
2023-12-13,CPU Interactive,Mid-Market,2541
2023-12-13,CPU Interactive,Startup,1664
2023-12-13,CPU Interactive,Research/Academic,3011
2023-12-14,GPU Training,Enterprise,16460
2023-12-14,GPU Training,Mid-Market,5907
2023-12-14,GPU Training,Startup,2605
2023-12-14,GPU Training,Research/Academic,4181
2023-12-14,GPU Inference,Enterprise,10954
2023-12-14,GPU Inference,Mid-Market,5007
2023-12-14,GPU Inference,Startup,3445
2023-12-14,GPU Inference,Research/Academic,1357
2023-12-14,CPU Batch,Enterprise,7340
2023-12-14,CPU Batch,Mid-Market,3815
2023-12-14,CPU Batch,Startup,983
2023-12-14,CPU Batch,Research/Academic,1772
2023-12-14,CPU Interactive,Enterprise,5418
2023-12-14,CPU Interactive,Mid-Market,2642
2023-12-14,CPU Interactive,Startup,1862
2023-12-14,CPU Interactive,Research/Academic,3635
2023-12-15,GPU Training,Enterprise,15269
2023-12-15,GPU Training,Mid-Market,6240
2023-12-15,GPU Training,Startup,2472
2023-12-15,GPU Training,Research/Academic,3965
2023-12-15,GPU Inference,Enterprise,11593
2023-12-15,GPU Inference,Mid-Market,5204
2023-12-15,GPU Inference,Startup,2774
2023-12-15,GPU Inference,Research/Academic,1505
2023-12-15,CPU Batch,Enterprise,7626
2023-12-15,CPU Batch,Mid-Market,3623
2023-12-15,CPU Batch,Startup,1130
2023-12-15,CPU Batch,Research/Academic,1667
2023-12-15,CPU Interactive,Enterprise,4667
2023-12-15,CPU Interactive,Mid-Market,2552
2023-12-15,CPU Interactive,Startup,1268
2023-12-15,CPU Interactive,Research/Academic,2903
2023-12-16,GPU Training,Enterprise,12486
2023-12-16,GPU Training,Mid-Market,4024
2023-12-16,GPU Training,Startup,1665
2023-12-16,GPU Training,Research/Academic,2702
2023-12-16,GPU Inference,Enterprise,7601
2023-12-16,GPU Inference,Mid-Market,3427
2023-12-16,GPU Inference,Startup,2843
2023-12-16,GPU Inference,Research/Academic,1096
2023-12-16,CPU Batch,Enterprise,4938
2023-12-16,CPU Batch,Mid-Market,2479
2023-12-16,CPU Batch,Startup,701
2023-12-16,CPU Batch,Research/Academic,1096
2023-12-16,CPU Interactive,Enterprise,2832
2023-12-16,CPU Interactive,Mid-Market,1292
2023-12-16,CPU Interactive,Startup,957
2023-12-16,CPU Interactive,Research/Academic,1798
2023-12-17,GPU Training,Enterprise,11220
2023-12-17,GPU Training,Mid-Market,4263
2023-12-17,GPU Training,Startup,1911
2023-12-17,GPU Training,Research/Academic,2189
2023-12-17,GPU Inference,Enterprise,6970
2023-12-17,GPU Inference,Mid-Market,3153
2023-12-17,GPU Inference,Startup,2161
2023-12-17,GPU Inference,Research/Academic,970
2023-12-17,CPU Batch,Enterprise,4138
2023-12-17,CPU Batch,Mid-Market,1943
2023-12-17,CPU Batch,Startup,564
2023-12-17,CPU Batch,Research/Academic,1012
2023-12-17,CPU Interactive,Enterprise,2371
2023-12-17,CPU Interactive,Mid-Market,1218
2023-12-17,CPU Interactive,Startup,846
2023-12-17,CPU Interactive,Research/Academic,1292
2023-12-18,GPU Training,Enterprise,14949
2023-12-18,GPU Training,Mid-Market,6304
2023-12-18,GPU Training,Startup,1975
2023-12-18,GPU Training,Research/Academic,3723
2023-12-18,GPU Inference,Enterprise,10361
2023-12-18,GPU Inference,Mid-Market,4771
2023-12-18,GPU Inference,Startup,3006
2023-12-18,GPU Inference,Research/Academic,1392
2023-12-18,CPU Batch,Enterprise,7597
2023-12-18,CPU Batch,Mid-Market,3275
2023-12-18,CPU Batch,Startup,848
2023-12-18,CPU Batch,Research/Academic,1542
2023-12-18,CPU Interactive,Enterprise,5060
2023-12-18,CPU Interactive,Mid-Market,2334
2023-12-18,CPU Interactive,Startup,1490
2023-12-18,CPU Interactive,Research/Academic,2730
2023-12-19,GPU Training,Enterprise,15020
2023-12-19,GPU Training,Mid-Market,5954
2023-12-19,GPU Training,Startup,3434
2023-12-19,GPU Training,Research/Academic,4309
2023-12-19,GPU Inference,Enterprise,10775
2023-12-19,GPU Inference,Mid-Market,5388
2023-12-19,GPU Inference,Startup,3190
2023-12-19,GPU Inference,Research/Academic,1286
2023-12-19,CPU Batch,Enterprise,7570
2023-12-19,CPU Batch,Mid-Market,3996
2023-12-19,CPU Batch,Startup,1139
2023-12-19,CPU Batch,Research/Academic,1697
2023-12-19,CPU Interactive,Enterprise,5069
2023-12-19,CPU Interactive,Mid-Market,2745
2023-12-19,CPU Interactive,Startup,1693
2023-12-19,CPU Interactive,Research/Academic,2951
2023-12-20,GPU Training,Enterprise,11035
2023-12-20,GPU Training,Mid-Market,4606
2023-12-20,GPU Training,Startup,2198
2023-12-20,GPU Training,Research/Academic,2642
2023-12-20,GPU Inference,Enterprise,8480
2023-12-20,GPU Inference,Mid-Market,3908
2023-12-20,GPU Inference,Startup,2862
2023-12-20,GPU Inference,Research/Academic,1177
2023-12-20,CPU Batch,Enterprise,5236
2023-12-20,CPU Batch,Mid-Market,2438
2023-12-20,CPU Batch,Startup,698
2023-12-20,CPU Batch,Research/Academic,1401
2023-12-20,CPU Interactive,Enterprise,3730
2023-12-20,CPU Interactive,Mid-Market,1854
2023-12-20,CPU Interactive,Startup,970
2023-12-20,CPU Interactive,Research/Academic,2617
2023-12-21,GPU Training,Enterprise,13151
2023-12-21,GPU Training,Mid-Market,5213
2023-12-21,GPU Training,Startup,2345
2023-12-21,GPU Training,Research/Academic,3290
2023-12-21,GPU Inference,Enterprise,8850
2023-12-21,GPU Inference,Mid-Market,4083
2023-12-21,GPU Inference,Startup,2689
2023-12-21,GPU Inference,Research/Academic,1465
2023-12-21,CPU Batch,Enterprise,5947
2023-12-21,CPU Batch,Mid-Market,2855
2023-12-21,CPU Batch,Startup,850
2023-12-21,CPU Batch,Research/Academic,1300
2023-12-21,CPU Interactive,Enterprise,4491
2023-12-21,CPU Interactive,Mid-Market,2061
2023-12-21,CPU Interactive,Startup,1423
2023-12-21,CPU Interactive,Research/Academic,2747
2023-12-22,GPU Training,Enterprise,12343
2023-12-22,GPU Training,Mid-Market,4751
2023-12-22,GPU Training,Startup,1998
2023-12-22,GPU Training,Research/Academic,2986
2023-12-22,GPU Inference,Enterprise,8338
2023-12-22,GPU Inference,Mid-Market,3822
2023-12-22,GPU Inference,Startup,3230
2023-12-22,GPU Inference,Research/Academic,1122
2023-12-22,CPU Batch,Enterprise,5481
2023-12-22,CPU Batch,Mid-Market,2766
2023-12-22,CPU Batch,Startup,893
2023-12-22,CPU Batch,Research/Academic,1447
2023-12-22,CPU Interactive,Enterprise,3950
2023-12-22,CPU Interactive,Mid-Market,1937
2023-12-22,CPU Interactive,Startup,1311
2023-12-22,CPU Interactive,Research/Academic,2188
2023-12-23,GPU Training,Enterprise,9171
2023-12-23,GPU Training,Mid-Market,3852
2023-12-23,GPU Training,Startup,1690
2023-12-23,GPU Training,Research/Academic,2113
2023-12-23,GPU Inference,Enterprise,5770
2023-12-23,GPU Inference,Mid-Market,2782
2023-12-23,GPU Inference,Startup,2330
2023-12-23,GPU Inference,Research/Academic,679
2023-12-23,CPU Batch,Enterprise,3814
2023-12-23,CPU Batch,Mid-Market,1737
2023-12-23,CPU Batch,Startup,484
2023-12-23,CPU Batch,Research/Academic,887
2023-12-23,CPU Interactive,Enterprise,2099
2023-12-23,CPU Interactive,Mid-Market,1050
2023-12-23,CPU Interactive,Startup,677
2023-12-23,CPU Interactive,Research/Academic,1219
2023-12-24,GPU Training,Enterprise,8199
2023-12-24,GPU Training,Mid-Market,3567
2023-12-24,GPU Training,Startup,1564
2023-12-24,GPU Training,Research/Academic,2293
2023-12-24,GPU Inference,Enterprise,5074
2023-12-24,GPU Inference,Mid-Market,2549
2023-12-24,GPU Inference,Startup,1858
2023-12-24,GPU Inference,Research/Academic,658
2023-12-24,CPU Batch,Enterprise,3235
2023-12-24,CPU Batch,Mid-Market,1627
2023-12-24,CPU Batch,Startup,558
2023-12-24,CPU Batch,Research/Academic,914
2023-12-24,CPU Interactive,Enterprise,1722
2023-12-24,CPU Interactive,Mid-Market,1120
2023-12-24,CPU Interactive,Startup,523
2023-12-24,CPU Interactive,Research/Academic,1187
2023-12-25,GPU Training,Enterprise,6632
2023-12-25,GPU Training,Mid-Market,2522
2023-12-25,GPU Training,Startup,1518
2023-12-25,GPU Training,Research/Academic,1417
2023-12-25,GPU Inference,Enterprise,4674
2023-12-25,GPU Inference,Mid-Market,2345
2023-12-25,GPU Inference,Startup,2286
2023-12-25,GPU Inference,Research/Academic,553
2023-12-25,CPU Batch,Enterprise,3004
2023-12-25,CPU Batch,Mid-Market,1807
2023-12-25,CPU Batch,Startup,612
2023-12-25,CPU Batch,Research/Academic,706
2023-12-25,CPU Interactive,Enterprise,1973
2023-12-25,CPU Interactive,Mid-Market,1049
2023-12-25,CPU Interactive,Startup,818
2023-12-25,CPU Interactive,Research/Academic,1044
2023-12-26,GPU Training,Enterprise,12577
2023-12-26,GPU Training,Mid-Market,5071
2023-12-26,GPU Training,Startup,1968
2023-12-26,GPU Training,Research/Academic,3367
2023-12-26,GPU Inference,Enterprise,9228
2023-12-26,GPU Inference,Mid-Market,4113
2023-12-26,GPU Inference,Startup,2517
2023-12-26,GPU Inference,Research/Academic,1311
2023-12-26,CPU Batch,Enterprise,5648
2023-12-26,CPU Batch,Mid-Market,2898
2023-12-26,CPU Batch,Startup,753
2023-12-26,CPU Batch,Research/Academic,1277
2023-12-26,CPU Interactive,Enterprise,3752
2023-12-26,CPU Interactive,Mid-Market,2125
2023-12-26,CPU Interactive,Startup,1149
2023-12-26,CPU Interactive,Research/Academic,3028
2023-12-27,GPU Training,Enterprise,12234
2023-12-27,GPU Training,Mid-Market,4548
2023-12-27,GPU Training,Startup,2236
2023-12-27,GPU Training,Research/Academic,3556
2023-12-27,GPU Inference,Enterprise,9019
2023-12-27,GPU Inference,Mid-Market,4335
2023-12-27,GPU Inference,Startup,2295
2023-12-27,GPU Inference,Research/Academic,1126
2023-12-27,CPU Batch,Enterprise,5581
2023-12-27,CPU Batch,Mid-Market,2588
2023-12-27,CPU Batch,Startup,818
2023-12-27,CPU Batch,Research/Academic,1179
2023-12-27,CPU Interactive,Enterprise,3916
2023-12-27,CPU Interactive,Mid-Market,2032
2023-12-27,CPU Interactive,Startup,1186
2023-12-27,CPU Interactive,Research/Academic,2538
2023-12-28,GPU Training,Enterprise,12943
2023-12-28,GPU Training,Mid-Market,5292
2023-12-28,GPU Training,Startup,2304
2023-12-28,GPU Training,Research/Academic,3448
2023-12-28,GPU Inference,Enterprise,9005
2023-12-28,GPU Inference,Mid-Market,4260
2023-12-28,GPU Inference,Startup,3050
2023-12-28,GPU Inference,Research/Academic,1203
2023-12-28,CPU Batch,Enterprise,5735
2023-12-28,CPU Batch,Mid-Market,2889
2023-12-28,CPU Batch,Startup,732
2023-12-28,CPU Batch,Research/Academic,1459
2023-12-28,CPU Interactive,Enterprise,4225
2023-12-28,CPU Interactive,Mid-Market,2069
2023-12-28,CPU Interactive,Startup,1244
2023-12-28,CPU Interactive,Research/Academic,2292
2023-12-29,GPU Training,Enterprise,12701
2023-12-29,GPU Training,Mid-Market,4775
2023-12-29,GPU Training,Startup,1814
2023-12-29,GPU Training,Research/Academic,3205
2023-12-29,GPU Inference,Enterprise,8408
2023-12-29,GPU Inference,Mid-Market,3610
2023-12-29,GPU Inference,Startup,3098
2023-12-29,GPU Inference,Research/Academic,1087
2023-12-29,CPU Batch,Enterprise,5575
2023-12-29,CPU Batch,Mid-Market,2884
2023-12-29,CPU Batch,Startup,900
2023-12-29,CPU Batch,Research/Academic,1374
2023-12-29,CPU Interactive,Enterprise,3692
2023-12-29,CPU Interactive,Mid-Market,2057
2023-12-29,CPU Interactive,Startup,1161
2023-12-29,CPU Interactive,Research/Academic,2682
2023-12-30,GPU Training,Enterprise,9311
2023-12-30,GPU Training,Mid-Market,3097
2023-12-30,GPU Training,Startup,1602
2023-12-30,GPU Training,Research/Academic,2675
2023-12-30,GPU Inference,Enterprise,6409
2023-12-30,GPU Inference,Mid-Market,3170
2023-12-30,GPU Inference,Startup,1698
2023-12-30,GPU Inference,Research/Academic,854
2023-12-30,CPU Batch,Enterprise,3671
2023-12-30,CPU Batch,Mid-Market,1948
2023-12-30,CPU Batch,Startup,449
2023-12-30,CPU Batch,Research/Academic,868
2023-12-30,CPU Interactive,Enterprise,2083
2023-12-30,CPU Interactive,Mid-Market,1165
2023-12-30,CPU Interactive,Startup,749
2023-12-30,CPU Interactive,Research/Academic,1303
2023-12-31,GPU Training,Enterprise,8276
2023-12-31,GPU Training,Mid-Market,3325
2023-12-31,GPU Training,Startup,1317
2023-12-31,GPU Training,Research/Academic,2302
2023-12-31,GPU Inference,Enterprise,5701
2023-12-31,GPU Inference,Mid-Market,2714
2023-12-31,GPU Inference,Startup,1586
2023-12-31,GPU Inference,Research/Academic,576
2023-12-31,CPU Batch,Enterprise,3019
2023-12-31,CPU Batch,Mid-Market,1816
2023-12-31,CPU Batch,Startup,428
2023-12-31,CPU Batch,Research/Academic,738
2023-12-31,CPU Interactive,Enterprise,1971
2023-12-31,CPU Interactive,Mid-Market,1031
2023-12-31,CPU Interactive,Startup,588
2023-12-31,CPU Interactive,Research/Academic,1073
2024-01-01,GPU Training,Enterprise,6560
2024-01-01,GPU Training,Mid-Market,2844
2024-01-01,GPU Training,Startup,1798
2024-01-01,GPU Training,Research/Academic,1524
2024-01-01,GPU Inference,Enterprise,4879
2024-01-01,GPU Inference,Mid-Market,2602
2024-01-01,GPU Inference,Startup,1795
2024-01-01,GPU Inference,Research/Academic,603
2024-01-01,CPU Batch,Enterprise,3081
2024-01-01,CPU Batch,Mid-Market,1447
2024-01-01,CPU Batch,Startup,456
2024-01-01,CPU Batch,Research/Academic,632
2024-01-01,CPU Interactive,Enterprise,2135
2024-01-01,CPU Interactive,Mid-Market,1175
2024-01-01,CPU Interactive,Startup,926
2024-01-01,CPU Interactive,Research/Academic,1321
2024-01-02,GPU Training,Enterprise,11976
2024-01-02,GPU Training,Mid-Market,4894
2024-01-02,GPU Training,Startup,2158
2024-01-02,GPU Training,Research/Academic,2917
2024-01-02,GPU Inference,Enterprise,9068
2024-01-02,GPU Inference,Mid-Market,3756
2024-01-02,GPU Inference,Startup,3431
2024-01-02,GPU Inference,Research/Academic,1129
2024-01-02,CPU Batch,Enterprise,6331
2024-01-02,CPU Batch,Mid-Market,2956
2024-01-02,CPU Batch,Startup,915
2024-01-02,CPU Batch,Research/Academic,1405
2024-01-02,CPU Interactive,Enterprise,4101
2024-01-02,CPU Interactive,Mid-Market,2015
2024-01-02,CPU Interactive,Startup,1324
2024-01-02,CPU Interactive,Research/Academic,2505
2024-01-03,GPU Training,Enterprise,12801
2024-01-03,GPU Training,Mid-Market,5097
2024-01-03,GPU Training,Startup,2028
2024-01-03,GPU Training,Research/Academic,3897
2024-01-03,GPU Inference,Enterprise,9293
2024-01-03,GPU Inference,Mid-Market,4822
2024-01-03,GPU Inference,Startup,2916
2024-01-03,GPU Inference,Research/Academic,1252
2024-01-03,CPU Batch,Enterprise,5696
2024-01-03,CPU Batch,Mid-Market,2954
2024-01-03,CPU Batch,Startup,854
2024-01-03,CPU Batch,Research/Academic,1648
2024-01-03,CPU Interactive,Enterprise,4298
2024-01-03,CPU Interactive,Mid-Market,2400
2024-01-03,CPU Interactive,Startup,1463
2024-01-03,CPU Interactive,Research/Academic,2885
2024-01-04,GPU Training,Enterprise,13187
2024-01-04,GPU Training,Mid-Market,6083
2024-01-04,GPU Training,Startup,2061
2024-01-04,GPU Training,Research/Academic,3050
2024-01-04,GPU Inference,Enterprise,8896
2024-01-04,GPU Inference,Mid-Market,5102
2024-01-04,GPU Inference,Startup,3300
2024-01-04,GPU Inference,Research/Academic,1195
2024-01-04,CPU Batch,Enterprise,6314
2024-01-04,CPU Batch,Mid-Market,3200
2024-01-04,CPU Batch,Startup,1055
2024-01-04,CPU Batch,Research/Academic,1283
2024-01-04,CPU Interactive,Enterprise,4329
2024-01-04,CPU Interactive,Mid-Market,2167
2024-01-04,CPU Interactive,Startup,1099
2024-01-04,CPU Interactive,Research/Academic,2831
2024-01-05,GPU Training,Enterprise,12490
2024-01-05,GPU Training,Mid-Market,5178
2024-01-05,GPU Training,Startup,2771
2024-01-05,GPU Training,Research/Academic,3010
2024-01-05,GPU Inference,Enterprise,8765
2024-01-05,GPU Inference,Mid-Market,4173
2024-01-05,GPU Inference,Startup,3217
2024-01-05,GPU Inference,Research/Academic,1119
2024-01-05,CPU Batch,Enterprise,5696
2024-01-05,CPU Batch,Mid-Market,3194
2024-01-05,CPU Batch,Startup,848
2024-01-05,CPU Batch,Research/Academic,1199
2024-01-05,CPU Interactive,Enterprise,3806
2024-01-05,CPU Interactive,Mid-Market,2271
2024-01-05,CPU Interactive,Startup,1335
2024-01-05,CPU Interactive,Research/Academic,2234
2024-01-06,GPU Training,Enterprise,9561
2024-01-06,GPU Training,Mid-Market,3753
2024-01-06,GPU Training,Startup,1740
2024-01-06,GPU Training,Research/Academic,2117
2024-01-06,GPU Inference,Enterprise,6032
2024-01-06,GPU Inference,Mid-Market,2953
2024-01-06,GPU Inference,Startup,1978
2024-01-06,GPU Inference,Research/Academic,857
2024-01-06,CPU Batch,Enterprise,3708
2024-01-06,CPU Batch,Mid-Market,2028
2024-01-06,CPU Batch,Startup,616
2024-01-06,CPU Batch,Research/Academic,979
2024-01-06,CPU Interactive,Enterprise,2221
2024-01-06,CPU Interactive,Mid-Market,1122
2024-01-06,CPU Interactive,Startup,636
2024-01-06,CPU Interactive,Research/Academic,1305
2024-01-07,GPU Training,Enterprise,9497
2024-01-07,GPU Training,Mid-Market,3489
2024-01-07,GPU Training,Startup,1344
2024-01-07,GPU Training,Research/Academic,2127
2024-01-07,GPU Inference,Enterprise,5683
2024-01-07,GPU Inference,Mid-Market,2552
2024-01-07,GPU Inference,Startup,1919
2024-01-07,GPU Inference,Research/Academic,771
2024-01-07,CPU Batch,Enterprise,3461
2024-01-07,CPU Batch,Mid-Market,1874
2024-01-07,CPU Batch,Startup,522
2024-01-07,CPU Batch,Research/Academic,749
2024-01-07,CPU Interactive,Enterprise,1837
2024-01-07,CPU Interactive,Mid-Market,969
2024-01-07,CPU Interactive,Startup,575
2024-01-07,CPU Interactive,Research/Academic,1033
2024-01-08,GPU Training,Enterprise,11838
2024-01-08,GPU Training,Mid-Market,4541
2024-01-08,GPU Training,Startup,1841
2024-01-08,GPU Training,Research/Academic,2878
2024-01-08,GPU Inference,Enterprise,9102
2024-01-08,GPU Inference,Mid-Market,4092
2024-01-08,GPU Inference,Startup,3754
2024-01-08,GPU Inference,Research/Academic,1154
2024-01-08,CPU Batch,Enterprise,5614
2024-01-08,CPU Batch,Mid-Market,2885
2024-01-08,CPU Batch,Startup,813
2024-01-08,CPU Batch,Research/Academic,1421
2024-01-08,CPU Interactive,Enterprise,4141
2024-01-08,CPU Interactive,Mid-Market,1838
2024-01-08,CPU Interactive,Startup,1346
2024-01-08,CPU Interactive,Research/Academic,2301
2024-01-09,GPU Training,Enterprise,11889
2024-01-09,GPU Training,Mid-Market,5207
2024-01-09,GPU Training,Startup,2443
2024-01-09,GPU Training,Research/Academic,2894
2024-01-09,GPU Inference,Enterprise,9124
2024-01-09,GPU Inference,Mid-Market,3760
2024-01-09,GPU Inference,Startup,2524
2024-01-09,GPU Inference,Research/Academic,1300
2024-01-09,CPU Batch,Enterprise,5740
2024-01-09,CPU Batch,Mid-Market,2748
2024-01-09,CPU Batch,Startup,835
2024-01-09,CPU Batch,Research/Academic,1355
2024-01-09,CPU Interactive,Enterprise,4041
2024-01-09,CPU Interactive,Mid-Market,2219
2024-01-09,CPU Interactive,Startup,1142
2024-01-09,CPU Interactive,Research/Academic,2273
2024-01-10,GPU Training,Enterprise,13355
2024-01-10,GPU Training,Mid-Market,5537
2024-01-10,GPU Training,Startup,2553
2024-01-10,GPU Training,Research/Academic,3080
2024-01-10,GPU Inference,Enterprise,9758
2024-01-10,GPU Inference,Mid-Market,4137
2024-01-10,GPU Inference,Startup,3767
2024-01-10,GPU Inference,Research/Academic,1123
2024-01-10,CPU Batch,Enterprise,6345
2024-01-10,CPU Batch,Mid-Market,2919
2024-01-10,CPU Batch,Startup,1064
2024-01-10,CPU Batch,Research/Academic,1523
2024-01-10,CPU Interactive,Enterprise,4102
2024-01-10,CPU Interactive,Mid-Market,2108
2024-01-10,CPU Interactive,Startup,1496
2024-01-10,CPU Interactive,Research/Academic,2758
2024-01-11,GPU Training,Enterprise,13244
2024-01-11,GPU Training,Mid-Market,5194
2024-01-11,GPU Training,Startup,2413
2024-01-11,GPU Training,Research/Academic,3283
2024-01-11,GPU Inference,Enterprise,8934
2024-01-11,GPU Inference,Mid-Market,4135
2024-01-11,GPU Inference,Startup,3118
2024-01-11,GPU Inference,Research/Academic,1356
2024-01-11,CPU Batch,Enterprise,6420
2024-01-11,CPU Batch,Mid-Market,3229
2024-01-11,CPU Batch,Startup,865
2024-01-11,CPU Batch,Research/Academic,1543
2024-01-11,CPU Interactive,Enterprise,4273
2024-01-11,CPU Interactive,Mid-Market,2223
2024-01-11,CPU Interactive,Startup,1268
2024-01-11,CPU Interactive,Research/Academic,2356
2024-01-12,GPU Training,Enterprise,12857
2024-01-12,GPU Training,Mid-Market,5012
2024-01-12,GPU Training,Startup,2287
2024-01-12,GPU Training,Research/Academic,3240
2024-01-12,GPU Inference,Enterprise,9071
2024-01-12,GPU Inference,Mid-Market,4346
2024-01-12,GPU Inference,Startup,2882
2024-01-12,GPU Inference,Research/Academic,1213
2024-01-12,CPU Batch,Enterprise,5685
2024-01-12,CPU Batch,Mid-Market,3051
2024-01-12,CPU Batch,Startup,881
2024-01-12,CPU Batch,Research/Academic,1339
2024-01-12,CPU Interactive,Enterprise,4017
2024-01-12,CPU Interactive,Mid-Market,1965
2024-01-12,CPU Interactive,Startup,1200
2024-01-12,CPU Interactive,Research/Academic,2173
2024-01-13,GPU Training,Enterprise,10175
2024-01-13,GPU Training,Mid-Market,4065
2024-01-13,GPU Training,Startup,1713
2024-01-13,GPU Training,Research/Academic,2768
2024-01-13,GPU Inference,Enterprise,6239
2024-01-13,GPU Inference,Mid-Market,3618
2024-01-13,GPU Inference,Startup,1974
2024-01-13,GPU Inference,Research/Academic,838
2024-01-13,CPU Batch,Enterprise,3841
2024-01-13,CPU Batch,Mid-Market,2035
2024-01-13,CPU Batch,Startup,600
2024-01-13,CPU Batch,Research/Academic,933
2024-01-13,CPU Interactive,Enterprise,2378
2024-01-13,CPU Interactive,Mid-Market,1153
2024-01-13,CPU Interactive,Startup,730
2024-01-13,CPU Interactive,Research/Academic,1221
2024-01-14,GPU Training,Enterprise,9228
2024-01-14,GPU Training,Mid-Market,3507
2024-01-14,GPU Training,Startup,1401
2024-01-14,GPU Training,Research/Academic,2083
2024-01-14,GPU Inference,Enterprise,6322
2024-01-14,GPU Inference,Mid-Market,2597
2024-01-14,GPU Inference,Startup,1540
2024-01-14,GPU Inference,Research/Academic,701
2024-01-14,CPU Batch,Enterprise,3339
2024-01-14,CPU Batch,Mid-Market,1767
2024-01-14,CPU Batch,Startup,497
2024-01-14,CPU Batch,Research/Academic,852
2024-01-14,CPU Interactive,Enterprise,1862
2024-01-14,CPU Interactive,Mid-Market,1002
2024-01-14,CPU Interactive,Startup,549
2024-01-14,CPU Interactive,Research/Academic,1078
2024-01-15,GPU Training,Enterprise,6419
2024-01-15,GPU Training,Mid-Market,2608
2024-01-15,GPU Training,Startup,1715
2024-01-15,GPU Training,Research/Academic,1562
2024-01-15,GPU Inference,Enterprise,5004
2024-01-15,GPU Inference,Mid-Market,2452
2024-01-15,GPU Inference,Startup,2328
2024-01-15,GPU Inference,Research/Academic,496
2024-01-15,CPU Batch,Enterprise,3240
2024-01-15,CPU Batch,Mid-Market,1756
2024-01-15,CPU Batch,Startup,640
2024-01-15,CPU Batch,Research/Academic,708
2024-01-15,CPU Interactive,Enterprise,2021
2024-01-15,CPU Interactive,Mid-Market,1058
2024-01-15,CPU Interactive,Startup,840
2024-01-15,CPU Interactive,Research/Academic,1185
2024-01-16,GPU Training,Enterprise,13078
2024-01-16,GPU Training,Mid-Market,4512
2024-01-16,GPU Training,Startup,1881
2024-01-16,GPU Training,Research/Academic,2930
2024-01-16,GPU Inference,Enterprise,9067
2024-01-16,GPU Inference,Mid-Market,3896
2024-01-16,GPU Inference,Startup,2509
2024-01-16,GPU Inference,Research/Academic,1122
2024-01-16,CPU Batch,Enterprise,5880
2024-01-16,CPU Batch,Mid-Market,2741
2024-01-16,CPU Batch,Startup,804
2024-01-16,CPU Batch,Research/Academic,1538
2024-01-16,CPU Interactive,Enterprise,3920
2024-01-16,CPU Interactive,Mid-Market,2085
2024-01-16,CPU Interactive,Startup,1492
2024-01-16,CPU Interactive,Research/Academic,2366
2024-01-17,GPU Training,Enterprise,13034
2024-01-17,GPU Training,Mid-Market,5648
2024-01-17,GPU Training,Startup,2139
2024-01-17,GPU Training,Research/Academic,3554
2024-01-17,GPU Inference,Enterprise,9635
2024-01-17,GPU Inference,Mid-Market,4309
2024-01-17,GPU Inference,Startup,3248
2024-01-17,GPU Inference,Research/Academic,1265
2024-01-17,CPU Batch,Enterprise,6280
2024-01-17,CPU Batch,Mid-Market,2948
2024-01-17,CPU Batch,Startup,843
2024-01-17,CPU Batch,Research/Academic,1447
2024-01-17,CPU Interactive,Enterprise,4407
2024-01-17,CPU Interactive,Mid-Market,2043
2024-01-17,CPU Interactive,Startup,1547
2024-01-17,CPU Interactive,Research/Academic,2634
2024-01-18,GPU Training,Enterprise,12661
2024-01-18,GPU Training,Mid-Market,5670
2024-01-18,GPU Training,Startup,2905
2024-01-18,GPU Training,Research/Academic,3526
2024-01-18,GPU Inference,Enterprise,10038
2024-01-18,GPU Inference,Mid-Market,4447
2024-01-18,GPU Inference,Startup,2517
2024-01-18,GPU Inference,Research/Academic,1065
2024-01-18,CPU Batch,Enterprise,6092
2024-01-18,CPU Batch,Mid-Market,2940
2024-01-18,CPU Batch,Startup,752
2024-01-18,CPU Batch,Research/Academic,1447
2024-01-18,CPU Interactive,Enterprise,4511
2024-01-18,CPU Interactive,Mid-Market,2037
2024-01-18,CPU Interactive,Startup,1333
2024-01-18,CPU Interactive,Research/Academic,2941
2024-01-19,GPU Training,Enterprise,12212
2024-01-19,GPU Training,Mid-Market,5291
2024-01-19,GPU Training,Startup,2003
2024-01-19,GPU Training,Research/Academic,3246
2024-01-19,GPU Inference,Enterprise,9459
2024-01-19,GPU Inference,Mid-Market,4447
2024-01-19,GPU Inference,Startup,3274
2024-01-19,GPU Inference,Research/Academic,1074
2024-01-19,CPU Batch,Enterprise,6131
2024-01-19,CPU Batch,Mid-Market,2808
2024-01-19,CPU Batch,Startup,842
2024-01-19,CPU Batch,Research/Academic,1443
2024-01-19,CPU Interactive,Enterprise,4099
2024-01-19,CPU Interactive,Mid-Market,2109
2024-01-19,CPU Interactive,Startup,1161
2024-01-19,CPU Interactive,Research/Academic,2136
2024-01-20,GPU Training,Enterprise,10065
2024-01-20,GPU Training,Mid-Market,3846
2024-01-20,GPU Training,Startup,1859
2024-01-20,GPU Training,Research/Academic,2359
2024-01-20,GPU Inference,Enterprise,5989
2024-01-20,GPU Inference,Mid-Market,3162
2024-01-20,GPU Inference,Startup,1967
2024-01-20,GPU Inference,Research/Academic,846
2024-01-20,CPU Batch,Enterprise,3811
2024-01-20,CPU Batch,Mid-Market,2230
2024-01-20,CPU Batch,Startup,490
2024-01-20,CPU Batch,Research/Academic,918
2024-01-20,CPU Interactive,Enterprise,2231
2024-01-20,CPU Interactive,Mid-Market,1055
2024-01-20,CPU Interactive,Startup,739
2024-01-20,CPU Interactive,Research/Academic,1496
2024-01-21,GPU Training,Enterprise,8941
2024-01-21,GPU Training,Mid-Market,3662
2024-01-21,GPU Training,Startup,1093
2024-01-21,GPU Training,Research/Academic,2214
2024-01-21,GPU Inference,Enterprise,5654
2024-01-21,GPU Inference,Mid-Market,2523
2024-01-21,GPU Inference,Startup,2117
2024-01-21,GPU Inference,Research/Academic,724
2024-01-21,CPU Batch,Enterprise,3329
2024-01-21,CPU Batch,Mid-Market,1660
2024-01-21,CPU Batch,Startup,371
2024-01-21,CPU Batch,Research/Academic,738
2024-01-21,CPU Interactive,Enterprise,1991
2024-01-21,CPU Interactive,Mid-Market,847
2024-01-21,CPU Interactive,Startup,559
2024-01-21,CPU Interactive,Research/Academic,1098
2024-01-22,GPU Training,Enterprise,13045
2024-01-22,GPU Training,Mid-Market,5017
2024-01-22,GPU Training,Startup,1898
2024-01-22,GPU Training,Research/Academic,3287
2024-01-22,GPU Inference,Enterprise,8560
2024-01-22,GPU Inference,Mid-Market,4417
2024-01-22,GPU Inference,Startup,2435
2024-01-22,GPU Inference,Research/Academic,1247
2024-01-22,CPU Batch,Enterprise,5610
2024-01-22,CPU Batch,Mid-Market,2697
2024-01-22,CPU Batch,Startup,773
2024-01-22,CPU Batch,Research/Academic,1405
2024-01-22,CPU Interactive,Enterprise,3758
2024-01-22,CPU Interactive,Mid-Market,2043
2024-01-22,CPU Interactive,Startup,1144
2024-01-22,CPU Interactive,Research/Academic,2383
2024-01-23,GPU Training,Enterprise,13012
2024-01-23,GPU Training,Mid-Market,4975
2024-01-23,GPU Training,Startup,2024
2024-01-23,GPU Training,Research/Academic,3148
2024-01-23,GPU Inference,Enterprise,9475
2024-01-23,GPU Inference,Mid-Market,5000
2024-01-23,GPU Inference,Startup,3375
2024-01-23,GPU Inference,Research/Academic,1300
2024-01-23,CPU Batch,Enterprise,6643
2024-01-23,CPU Batch,Mid-Market,3095
2024-01-23,CPU Batch,Startup,867
2024-01-23,CPU Batch,Research/Academic,1496
2024-01-23,CPU Interactive,Enterprise,3978
2024-01-23,CPU Interactive,Mid-Market,2058
2024-01-23,CPU Interactive,Startup,1248
2024-01-23,CPU Interactive,Research/Academic,2580
2024-01-24,GPU Training,Enterprise,13309
2024-01-24,GPU Training,Mid-Market,5289
2024-01-24,GPU Training,Startup,2550
2024-01-24,GPU Training,Research/Academic,3492
2024-01-24,GPU Inference,Enterprise,9483
2024-01-24,GPU Inference,Mid-Market,4254
2024-01-24,GPU Inference,Startup,3561
2024-01-24,GPU Inference,Research/Academic,1316
2024-01-24,CPU Batch,Enterprise,5664
2024-01-24,CPU Batch,Mid-Market,3005
2024-01-24,CPU Batch,Startup,858
2024-01-24,CPU Batch,Research/Academic,1548
2024-01-24,CPU Interactive,Enterprise,4456
2024-01-24,CPU Interactive,Mid-Market,2247
2024-01-24,CPU Interactive,Startup,1476
2024-01-24,CPU Interactive,Research/Academic,2553
2024-01-25,GPU Training,Enterprise,13054
2024-01-25,GPU Training,Mid-Market,5148
2024-01-25,GPU Training,Startup,2246
2024-01-25,GPU Training,Research/Academic,3251
2024-01-25,GPU Inference,Enterprise,8861
2024-01-25,GPU Inference,Mid-Market,4342
2024-01-25,GPU Inference,Startup,3135
2024-01-25,GPU Inference,Research/Academic,1210
2024-01-25,CPU Batch,Enterprise,5983
2024-01-25,CPU Batch,Mid-Market,3179
2024-01-25,CPU Batch,Startup,740
2024-01-25,CPU Batch,Research/Academic,1277
2024-01-25,CPU Interactive,Enterprise,4353
2024-01-25,CPU Interactive,Mid-Market,2388
2024-01-25,CPU Interactive,Startup,1731
2024-01-25,CPU Interactive,Research/Academic,2777
2024-01-26,GPU Training,Enterprise,12079
2024-01-26,GPU Training,Mid-Market,4928
2024-01-26,GPU Training,Startup,2208
2024-01-26,GPU Training,Research/Academic,3157
2024-01-26,GPU Inference,Enterprise,9321
2024-01-26,GPU Inference,Mid-Market,3999
2024-01-26,GPU Inference,Startup,2998
2024-01-26,GPU Inference,Research/Academic,1221
2024-01-26,CPU Batch,Enterprise,6073
2024-01-26,CPU Batch,Mid-Market,2824
2024-01-26,CPU Batch,Startup,786
2024-01-26,CPU Batch,Research/Academic,1140
2024-01-26,CPU Interactive,Enterprise,3933
2024-01-26,CPU Interactive,Mid-Market,1993
2024-01-26,CPU Interactive,Startup,1143
2024-01-26,CPU Interactive,Research/Academic,2414
2024-01-27,GPU Training,Enterprise,9745
2024-01-27,GPU Training,Mid-Market,3261
2024-01-27,GPU Training,Startup,1676
2024-01-27,GPU Training,Research/Academic,2202
2024-01-27,GPU Inference,Enterprise,6509
2024-01-27,GPU Inference,Mid-Market,2729
2024-01-27,GPU Inference,Startup,2091
2024-01-27,GPU Inference,Research/Academic,807
2024-01-27,CPU Batch,Enterprise,3966
2024-01-27,CPU Batch,Mid-Market,2010
2024-01-27,CPU Batch,Startup,530
2024-01-27,CPU Batch,Research/Academic,834
2024-01-27,CPU Interactive,Enterprise,2100
2024-01-27,CPU Interactive,Mid-Market,1097
2024-01-27,CPU Interactive,Startup,713
2024-01-27,CPU Interactive,Research/Academic,1254
2024-01-28,GPU Training,Enterprise,9395
2024-01-28,GPU Training,Mid-Market,3515
2024-01-28,GPU Training,Startup,1366
2024-01-28,GPU Training,Research/Academic,2175
2024-01-28,GPU Inference,Enterprise,5822
2024-01-28,GPU Inference,Mid-Market,2760
2024-01-28,GPU Inference,Startup,2361
2024-01-28,GPU Inference,Research/Academic,707
2024-01-28,CPU Batch,Enterprise,3350
2024-01-28,CPU Batch,Mid-Market,1761
2024-01-28,CPU Batch,Startup,467
2024-01-28,CPU Batch,Research/Academic,777
2024-01-28,CPU Interactive,Enterprise,1806
2024-01-28,CPU Interactive,Mid-Market,951
2024-01-28,CPU Interactive,Startup,542
2024-01-28,CPU Interactive,Research/Academic,988
2024-01-29,GPU Training,Enterprise,11842
2024-01-29,GPU Training,Mid-Market,4445
2024-01-29,GPU Training,Startup,2195
2024-01-29,GPU Training,Research/Academic,3113
2024-01-29,GPU Inference,Enterprise,8570
2024-01-29,GPU Inference,Mid-Market,4082
2024-01-29,GPU Inference,Startup,2324
2024-01-29,GPU Inference,Research/Academic,1103
2024-01-29,CPU Batch,Enterprise,5805
2024-01-29,CPU Batch,Mid-Market,3079
2024-01-29,CPU Batch,Startup,731
2024-01-29,CPU Batch,Research/Academic,1495
2024-01-29,CPU Interactive,Enterprise,3619
2024-01-29,CPU Interactive,Mid-Market,1808
2024-01-29,CPU Interactive,Startup,1343
2024-01-29,CPU Interactive,Research/Academic,2595
2024-01-30,GPU Training,Enterprise,13102
2024-01-30,GPU Training,Mid-Market,5013
2024-01-30,GPU Training,Startup,1654
2024-01-30,GPU Training,Research/Academic,2650
2024-01-30,GPU Inference,Enterprise,9389
2024-01-30,GPU Inference,Mid-Market,4263
2024-01-30,GPU Inference,Startup,2676
2024-01-30,GPU Inference,Research/Academic,1212
2024-01-30,CPU Batch,Enterprise,5909
2024-01-30,CPU Batch,Mid-Market,3197
2024-01-30,CPU Batch,Startup,834
2024-01-30,CPU Batch,Research/Academic,1562
2024-01-30,CPU Interactive,Enterprise,4155
2024-01-30,CPU Interactive,Mid-Market,2114
2024-01-30,CPU Interactive,Startup,1514
2024-01-30,CPU Interactive,Research/Academic,2267
2024-01-31,GPU Training,Enterprise,15071
2024-01-31,GPU Training,Mid-Market,5412
2024-01-31,GPU Training,Startup,2363
2024-01-31,GPU Training,Research/Academic,3405
2024-01-31,GPU Inference,Enterprise,10368
2024-01-31,GPU Inference,Mid-Market,4759
2024-01-31,GPU Inference,Startup,2598
2024-01-31,GPU Inference,Research/Academic,1388
2024-01-31,CPU Batch,Enterprise,5970
2024-01-31,CPU Batch,Mid-Market,3102
2024-01-31,CPU Batch,Startup,724
2024-01-31,CPU Batch,Research/Academic,1519
2024-01-31,CPU Interactive,Enterprise,4199
2024-01-31,CPU Interactive,Mid-Market,2227
2024-01-31,CPU Interactive,Startup,1337
2024-01-31,CPU Interactive,Research/Academic,2966
2024-02-01,GPU Training,Enterprise,15748
2024-02-01,GPU Training,Mid-Market,5714
2024-02-01,GPU Training,Startup,2458
2024-02-01,GPU Training,Research/Academic,3421
2024-02-01,GPU Inference,Enterprise,10865
2024-02-01,GPU Inference,Mid-Market,4757
2024-02-01,GPU Inference,Startup,3239
2024-02-01,GPU Inference,Research/Academic,1449
2024-02-01,CPU Batch,Enterprise,6396
2024-02-01,CPU Batch,Mid-Market,3316
2024-02-01,CPU Batch,Startup,754
2024-02-01,CPU Batch,Research/Academic,1663
2024-02-01,CPU Interactive,Enterprise,5165
2024-02-01,CPU Interactive,Mid-Market,2580
2024-02-01,CPU Interactive,Startup,1828
2024-02-01,CPU Interactive,Research/Academic,2635
2024-02-02,GPU Training,Enterprise,14028
2024-02-02,GPU Training,Mid-Market,5094
2024-02-02,GPU Training,Startup,2269
2024-02-02,GPU Training,Research/Academic,3580
2024-02-02,GPU Inference,Enterprise,9965
2024-02-02,GPU Inference,Mid-Market,4211
2024-02-02,GPU Inference,Startup,2780
2024-02-02,GPU Inference,Research/Academic,1144
2024-02-02,CPU Batch,Enterprise,6482
2024-02-02,CPU Batch,Mid-Market,3737
2024-02-02,CPU Batch,Startup,1044
2024-02-02,CPU Batch,Research/Academic,1313
2024-02-02,CPU Interactive,Enterprise,4621
2024-02-02,CPU Interactive,Mid-Market,2392
2024-02-02,CPU Interactive,Startup,1164
2024-02-02,CPU Interactive,Research/Academic,2513
2024-02-03,GPU Training,Enterprise,11069
2024-02-03,GPU Training,Mid-Market,4313
2024-02-03,GPU Training,Startup,1520
2024-02-03,GPU Training,Research/Academic,2693
2024-02-03,GPU Inference,Enterprise,6376
2024-02-03,GPU Inference,Mid-Market,3204
2024-02-03,GPU Inference,Startup,2613
2024-02-03,GPU Inference,Research/Academic,895
2024-02-03,CPU Batch,Enterprise,4154
2024-02-03,CPU Batch,Mid-Market,2295
2024-02-03,CPU Batch,Startup,665
2024-02-03,CPU Batch,Research/Academic,1132
2024-02-03,CPU Interactive,Enterprise,2498
2024-02-03,CPU Interactive,Mid-Market,1336
2024-02-03,CPU Interactive,Startup,846
2024-02-03,CPU Interactive,Research/Academic,1453
2024-02-04,GPU Training,Enterprise,9975
2024-02-04,GPU Training,Mid-Market,3830
2024-02-04,GPU Training,Startup,1443
2024-02-04,GPU Training,Research/Academic,2228
2024-02-04,GPU Inference,Enterprise,6206
2024-02-04,GPU Inference,Mid-Market,2992
2024-02-04,GPU Inference,Startup,2451
2024-02-04,GPU Inference,Research/Academic,804
2024-02-04,CPU Batch,Enterprise,3783
2024-02-04,CPU Batch,Mid-Market,1994
2024-02-04,CPU Batch,Startup,493
2024-02-04,CPU Batch,Research/Academic,916
2024-02-04,CPU Interactive,Enterprise,2060
2024-02-04,CPU Interactive,Mid-Market,1172
2024-02-04,CPU Interactive,Startup,721
2024-02-04,CPU Interactive,Research/Academic,1115
2024-02-05,GPU Training,Enterprise,13348
2024-02-05,GPU Training,Mid-Market,5832
2024-02-05,GPU Training,Startup,2181
2024-02-05,GPU Training,Research/Academic,3325
2024-02-05,GPU Inference,Enterprise,9880
2024-02-05,GPU Inference,Mid-Market,4215
2024-02-05,GPU Inference,Startup,3379
2024-02-05,GPU Inference,Research/Academic,1111
2024-02-05,CPU Batch,Enterprise,6026
2024-02-05,CPU Batch,Mid-Market,3391
2024-02-05,CPU Batch,Startup,901
2024-02-05,CPU Batch,Research/Academic,1449
2024-02-05,CPU Interactive,Enterprise,4238
2024-02-05,CPU Interactive,Mid-Market,2128
2024-02-05,CPU Interactive,Startup,1340
2024-02-05,CPU Interactive,Research/Academic,2585
2024-02-06,GPU Training,Enterprise,13535
2024-02-06,GPU Training,Mid-Market,5476
2024-02-06,GPU Training,Startup,2257
2024-02-06,GPU Training,Research/Academic,2968
2024-02-06,GPU Inference,Enterprise,9794
2024-02-06,GPU Inference,Mid-Market,5319
2024-02-06,GPU Inference,Startup,3502
2024-02-06,GPU Inference,Research/Academic,1174
2024-02-06,CPU Batch,Enterprise,5982
2024-02-06,CPU Batch,Mid-Market,3213
2024-02-06,CPU Batch,Startup,1072
2024-02-06,CPU Batch,Research/Academic,1506
2024-02-06,CPU Interactive,Enterprise,4739
2024-02-06,CPU Interactive,Mid-Market,2367
2024-02-06,CPU Interactive,Startup,1530
2024-02-06,CPU Interactive,Research/Academic,2381
2024-02-07,GPU Training,Enterprise,15166
2024-02-07,GPU Training,Mid-Market,5594
2024-02-07,GPU Training,Startup,2725
2024-02-07,GPU Training,Research/Academic,3308
2024-02-07,GPU Inference,Enterprise,10537
2024-02-07,GPU Inference,Mid-Market,5031
2024-02-07,GPU Inference,Startup,3383
2024-02-07,GPU Inference,Research/Academic,1387
2024-02-07,CPU Batch,Enterprise,6477
2024-02-07,CPU Batch,Mid-Market,3184
2024-02-07,CPU Batch,Startup,1109
2024-02-07,CPU Batch,Research/Academic,1711
2024-02-07,CPU Interactive,Enterprise,4526
2024-02-07,CPU Interactive,Mid-Market,2494
2024-02-07,CPU Interactive,Startup,1373
2024-02-07,CPU Interactive,Research/Academic,2500
2024-02-08,GPU Training,Enterprise,15236
2024-02-08,GPU Training,Mid-Market,5087
2024-02-08,GPU Training,Startup,2750
2024-02-08,GPU Training,Research/Academic,3461
2024-02-08,GPU Inference,Enterprise,10386
2024-02-08,GPU Inference,Mid-Market,5059
2024-02-08,GPU Inference,Startup,3702
2024-02-08,GPU Inference,Research/Academic,1257
2024-02-08,CPU Batch,Enterprise,6739
2024-02-08,CPU Batch,Mid-Market,3360
2024-02-08,CPU Batch,Startup,787
2024-02-08,CPU Batch,Research/Academic,1552
2024-02-08,CPU Interactive,Enterprise,5065
2024-02-08,CPU Interactive,Mid-Market,2769
2024-02-08,CPU Interactive,Startup,1681
2024-02-08,CPU Interactive,Research/Academic,2566
2024-02-09,GPU Training,Enterprise,14240
2024-02-09,GPU Training,Mid-Market,5812
2024-02-09,GPU Training,Startup,2565
2024-02-09,GPU Training,Research/Academic,3590
2024-02-09,GPU Inference,Enterprise,10147
2024-02-09,GPU Inference,Mid-Market,4671
2024-02-09,GPU Inference,Startup,3067
2024-02-09,GPU Inference,Research/Academic,1101
2024-02-09,CPU Batch,Enterprise,6455
2024-02-09,CPU Batch,Mid-Market,3285
2024-02-09,CPU Batch,Startup,952
2024-02-09,CPU Batch,Research/Academic,1374
2024-02-09,CPU Interactive,Enterprise,4492
2024-02-09,CPU Interactive,Mid-Market,2597
2024-02-09,CPU Interactive,Startup,1422
2024-02-09,CPU Interactive,Research/Academic,2564
2024-02-10,GPU Training,Enterprise,10779
2024-02-10,GPU Training,Mid-Market,4814
2024-02-10,GPU Training,Startup,1586
2024-02-10,GPU Training,Research/Academic,2612
2024-02-10,GPU Inference,Enterprise,6778
2024-02-10,GPU Inference,Mid-Market,3163
2024-02-10,GPU Inference,Startup,2297
2024-02-10,GPU Inference,Research/Academic,998
2024-02-10,CPU Batch,Enterprise,4564
2024-02-10,CPU Batch,Mid-Market,2231
2024-02-10,CPU Batch,Startup,567
2024-02-10,CPU Batch,Research/Academic,1245
2024-02-10,CPU Interactive,Enterprise,2378
2024-02-10,CPU Interactive,Mid-Market,1194
2024-02-10,CPU Interactive,Startup,629
2024-02-10,CPU Interactive,Research/Academic,1592
2024-02-11,GPU Training,Enterprise,10382
2024-02-11,GPU Training,Mid-Market,4641
2024-02-11,GPU Training,Startup,1425
2024-02-11,GPU Training,Research/Academic,2708
2024-02-11,GPU Inference,Enterprise,6343
2024-02-11,GPU Inference,Mid-Market,3144
2024-02-11,GPU Inference,Startup,1715
2024-02-11,GPU Inference,Research/Academic,910
2024-02-11,CPU Batch,Enterprise,3757
2024-02-11,CPU Batch,Mid-Market,1849
2024-02-11,CPU Batch,Startup,550
2024-02-11,CPU Batch,Research/Academic,822
2024-02-11,CPU Interactive,Enterprise,2039
2024-02-11,CPU Interactive,Mid-Market,1038
2024-02-11,CPU Interactive,Startup,538
2024-02-11,CPU Interactive,Research/Academic,1315
2024-02-12,GPU Training,Enterprise,13977
2024-02-12,GPU Training,Mid-Market,4978
2024-02-12,GPU Training,Startup,2343
2024-02-12,GPU Training,Research/Academic,3146
2024-02-12,GPU Inference,Enterprise,9870
2024-02-12,GPU Inference,Mid-Market,4381
2024-02-12,GPU Inference,Startup,2897
2024-02-12,GPU Inference,Research/Academic,1355
2024-02-12,CPU Batch,Enterprise,6175
2024-02-12,CPU Batch,Mid-Market,3632
2024-02-12,CPU Batch,Startup,871
2024-02-12,CPU Batch,Research/Academic,1380
2024-02-12,CPU Interactive,Enterprise,4385
2024-02-12,CPU Interactive,Mid-Market,2242
2024-02-12,CPU Interactive,Startup,1467
2024-02-12,CPU Interactive,Research/Academic,2701
2024-02-13,GPU Training,Enterprise,13641
2024-02-13,GPU Training,Mid-Market,5446
2024-02-13,GPU Training,Startup,2315
2024-02-13,GPU Training,Research/Academic,3044
2024-02-13,GPU Inference,Enterprise,10132
2024-02-13,GPU Inference,Mid-Market,5285
2024-02-13,GPU Inference,Startup,3487
2024-02-13,GPU Inference,Research/Academic,1175
2024-02-13,CPU Batch,Enterprise,5990
2024-02-13,CPU Batch,Mid-Market,3648
2024-02-13,CPU Batch,Startup,882
2024-02-13,CPU Batch,Research/Academic,1453
2024-02-13,CPU Interactive,Enterprise,4461
2024-02-13,CPU Interactive,Mid-Market,2091
2024-02-13,CPU Interactive,Startup,1724
2024-02-13,CPU Interactive,Research/Academic,2570
2024-02-14,GPU Training,Enterprise,15504
2024-02-14,GPU Training,Mid-Market,5783
2024-02-14,GPU Training,Startup,2942
2024-02-14,GPU Training,Research/Academic,3610
2024-02-14,GPU Inference,Enterprise,10910
2024-02-14,GPU Inference,Mid-Market,5214
2024-02-14,GPU Inference,Startup,3764
2024-02-14,GPU Inference,Research/Academic,1384
2024-02-14,CPU Batch,Enterprise,6498
2024-02-14,CPU Batch,Mid-Market,3820
2024-02-14,CPU Batch,Startup,823
2024-02-14,CPU Batch,Research/Academic,1574
2024-02-14,CPU Interactive,Enterprise,4682
2024-02-14,CPU Interactive,Mid-Market,2474
2024-02-14,CPU Interactive,Startup,1433
2024-02-14,CPU Interactive,Research/Academic,2821
2024-02-15,GPU Training,Enterprise,16779
2024-02-15,GPU Training,Mid-Market,5163
2024-02-15,GPU Training,Startup,2484
2024-02-15,GPU Training,Research/Academic,3239
2024-02-15,GPU Inference,Enterprise,11325
2024-02-15,GPU Inference,Mid-Market,5013
2024-02-15,GPU Inference,Startup,3710
2024-02-15,GPU Inference,Research/Academic,1405
2024-02-15,CPU Batch,Enterprise,6711
2024-02-15,CPU Batch,Mid-Market,2919
2024-02-15,CPU Batch,Startup,780
2024-02-15,CPU Batch,Research/Academic,1843
2024-02-15,CPU Interactive,Enterprise,4610
2024-02-15,CPU Interactive,Mid-Market,2579
2024-02-15,CPU Interactive,Startup,1427
2024-02-15,CPU Interactive,Research/Academic,2843
2024-02-16,GPU Training,Enterprise,15732
2024-02-16,GPU Training,Mid-Market,5731
2024-02-16,GPU Training,Startup,2411
2024-02-16,GPU Training,Research/Academic,3258
2024-02-16,GPU Inference,Enterprise,11113
2024-02-16,GPU Inference,Mid-Market,4831
2024-02-16,GPU Inference,Startup,2891
2024-02-16,GPU Inference,Research/Academic,1330
2024-02-16,CPU Batch,Enterprise,7087
2024-02-16,CPU Batch,Mid-Market,3573
2024-02-16,CPU Batch,Startup,973
2024-02-16,CPU Batch,Research/Academic,1520
2024-02-16,CPU Interactive,Enterprise,4063
2024-02-16,CPU Interactive,Mid-Market,2058
2024-02-16,CPU Interactive,Startup,1652
2024-02-16,CPU Interactive,Research/Academic,2422
2024-02-17,GPU Training,Enterprise,11963
2024-02-17,GPU Training,Mid-Market,4153
2024-02-17,GPU Training,Startup,1592
2024-02-17,GPU Training,Research/Academic,2333
2024-02-17,GPU Inference,Enterprise,8094
2024-02-17,GPU Inference,Mid-Market,3118
2024-02-17,GPU Inference,Startup,2142
2024-02-17,GPU Inference,Research/Academic,844
2024-02-17,CPU Batch,Enterprise,4345
2024-02-17,CPU Batch,Mid-Market,2133
2024-02-17,CPU Batch,Startup,583
2024-02-17,CPU Batch,Research/Academic,1070
2024-02-17,CPU Interactive,Enterprise,2413
2024-02-17,CPU Interactive,Mid-Market,1224
2024-02-17,CPU Interactive,Startup,828
2024-02-17,CPU Interactive,Research/Academic,1504
2024-02-18,GPU Training,Enterprise,11474
2024-02-18,GPU Training,Mid-Market,3965
2024-02-18,GPU Training,Startup,1546
2024-02-18,GPU Training,Research/Academic,2253
2024-02-18,GPU Inference,Enterprise,7559
2024-02-18,GPU Inference,Mid-Market,3096
2024-02-18,GPU Inference,Startup,2237
2024-02-18,GPU Inference,Research/Academic,830
2024-02-18,CPU Batch,Enterprise,3655
2024-02-18,CPU Batch,Mid-Market,1952
2024-02-18,CPU Batch,Startup,571
2024-02-18,CPU Batch,Research/Academic,941
2024-02-18,CPU Interactive,Enterprise,2084
2024-02-18,CPU Interactive,Mid-Market,1186
2024-02-18,CPU Interactive,Startup,694
2024-02-18,CPU Interactive,Research/Academic,1293
2024-02-19,GPU Training,Enterprise,8566
2024-02-19,GPU Training,Mid-Market,3212
2024-02-19,GPU Training,Startup,1556
2024-02-19,GPU Training,Research/Academic,1702
2024-02-19,GPU Inference,Enterprise,6957
2024-02-19,GPU Inference,Mid-Market,2702
2024-02-19,GPU Inference,Startup,2469
2024-02-19,GPU Inference,Research/Academic,603
2024-02-19,CPU Batch,Enterprise,3346
2024-02-19,CPU Batch,Mid-Market,2113
2024-02-19,CPU Batch,Startup,601
2024-02-19,CPU Batch,Research/Academic,716
2024-02-19,CPU Interactive,Enterprise,2161
2024-02-19,CPU Interactive,Mid-Market,1225
2024-02-19,CPU Interactive,Startup,826
2024-02-19,CPU Interactive,Research/Academic,1293
2024-02-20,GPU Training,Enterprise,18098
2024-02-20,GPU Training,Mid-Market,5389
2024-02-20,GPU Training,Startup,1951
2024-02-20,GPU Training,Research/Academic,3633
2024-02-20,GPU Inference,Enterprise,11526
2024-02-20,GPU Inference,Mid-Market,5324
2024-02-20,GPU Inference,Startup,3320
2024-02-20,GPU Inference,Research/Academic,1247
2024-02-20,CPU Batch,Enterprise,6342
2024-02-20,CPU Batch,Mid-Market,3432
2024-02-20,CPU Batch,Startup,871
2024-02-20,CPU Batch,Research/Academic,1471
2024-02-20,CPU Interactive,Enterprise,4488
2024-02-20,CPU Interactive,Mid-Market,2129
2024-02-20,CPU Interactive,Startup,1532
2024-02-20,CPU Interactive,Research/Academic,2301
2024-02-21,GPU Training,Enterprise,16664
2024-02-21,GPU Training,Mid-Market,6115
2024-02-21,GPU Training,Startup,2592
2024-02-21,GPU Training,Research/Academic,3714
2024-02-21,GPU Inference,Enterprise,12187
2024-02-21,GPU Inference,Mid-Market,5434
2024-02-21,GPU Inference,Startup,3955
2024-02-21,GPU Inference,Research/Academic,1399
2024-02-21,CPU Batch,Enterprise,6820
2024-02-21,CPU Batch,Mid-Market,3530
2024-02-21,CPU Batch,Startup,873
2024-02-21,CPU Batch,Research/Academic,1414
2024-02-21,CPU Interactive,Enterprise,4773
2024-02-21,CPU Interactive,Mid-Market,2509
2024-02-21,CPU Interactive,Startup,1728
2024-02-21,CPU Interactive,Research/Academic,2555
2024-02-22,GPU Training,Enterprise,16370
2024-02-22,GPU Training,Mid-Market,5993
2024-02-22,GPU Training,Startup,2481
2024-02-22,GPU Training,Research/Academic,3047
2024-02-22,GPU Inference,Enterprise,12417
2024-02-22,GPU Inference,Mid-Market,4404
2024-02-22,GPU Inference,Startup,3166
2024-02-22,GPU Inference,Research/Academic,1505
2024-02-22,CPU Batch,Enterprise,7071
2024-02-22,CPU Batch,Mid-Market,3077
2024-02-22,CPU Batch,Startup,886
2024-02-22,CPU Batch,Research/Academic,1581
2024-02-22,CPU Interactive,Enterprise,5177
2024-02-22,CPU Interactive,Mid-Market,2396
2024-02-22,CPU Interactive,Startup,1471
2024-02-22,CPU Interactive,Research/Academic,3201
2024-02-23,GPU Training,Enterprise,15973
2024-02-23,GPU Training,Mid-Market,5832
2024-02-23,GPU Training,Startup,2003
2024-02-23,GPU Training,Research/Academic,3337
2024-02-23,GPU Inference,Enterprise,10929
2024-02-23,GPU Inference,Mid-Market,4448
2024-02-23,GPU Inference,Startup,3748
2024-02-23,GPU Inference,Research/Academic,1283
2024-02-23,CPU Batch,Enterprise,6312
2024-02-23,CPU Batch,Mid-Market,3092
2024-02-23,CPU Batch,Startup,873
2024-02-23,CPU Batch,Research/Academic,1569
2024-02-23,CPU Interactive,Enterprise,4580
2024-02-23,CPU Interactive,Mid-Market,1886
2024-02-23,CPU Interactive,Startup,1288
2024-02-23,CPU Interactive,Research/Academic,2616
2024-02-24,GPU Training,Enterprise,12313
2024-02-24,GPU Training,Mid-Market,4349
2024-02-24,GPU Training,Startup,1884
2024-02-24,GPU Training,Research/Academic,2516
2024-02-24,GPU Inference,Enterprise,8002
2024-02-24,GPU Inference,Mid-Market,3295
2024-02-24,GPU Inference,Startup,2724
2024-02-24,GPU Inference,Research/Academic,850
2024-02-24,CPU Batch,Enterprise,4252
2024-02-24,CPU Batch,Mid-Market,2201
2024-02-24,CPU Batch,Startup,721
2024-02-24,CPU Batch,Research/Academic,997
2024-02-24,CPU Interactive,Enterprise,2529
2024-02-24,CPU Interactive,Mid-Market,1365
2024-02-24,CPU Interactive,Startup,781
2024-02-24,CPU Interactive,Research/Academic,1403
2024-02-25,GPU Training,Enterprise,11446
2024-02-25,GPU Training,Mid-Market,3897
2024-02-25,GPU Training,Startup,1897
2024-02-25,GPU Training,Research/Academic,2463
2024-02-25,GPU Inference,Enterprise,7456
2024-02-25,GPU Inference,Mid-Market,2801
2024-02-25,GPU Inference,Startup,1911
2024-02-25,GPU Inference,Research/Academic,966
2024-02-25,CPU Batch,Enterprise,3629
2024-02-25,CPU Batch,Mid-Market,1765
2024-02-25,CPU Batch,Startup,609
2024-02-25,CPU Batch,Research/Academic,895
2024-02-25,CPU Interactive,Enterprise,2148
2024-02-25,CPU Interactive,Mid-Market,1070
2024-02-25,CPU Interactive,Startup,653
2024-02-25,CPU Interactive,Research/Academic,1214
2024-02-26,GPU Training,Enterprise,14641
2024-02-26,GPU Training,Mid-Market,5262
2024-02-26,GPU Training,Startup,2369
2024-02-26,GPU Training,Research/Academic,3739
2024-02-26,GPU Inference,Enterprise,11415
2024-02-26,GPU Inference,Mid-Market,3965
2024-02-26,GPU Inference,Startup,3272
2024-02-26,GPU Inference,Research/Academic,1559
2024-02-26,CPU Batch,Enterprise,6434
2024-02-26,CPU Batch,Mid-Market,2994
2024-02-26,CPU Batch,Startup,936
2024-02-26,CPU Batch,Research/Academic,1402
2024-02-26,CPU Interactive,Enterprise,3978
2024-02-26,CPU Interactive,Mid-Market,2110
2024-02-26,CPU Interactive,Startup,1374
2024-02-26,CPU Interactive,Research/Academic,2118
2024-02-27,GPU Training,Enterprise,15529
2024-02-27,GPU Training,Mid-Market,5568
2024-02-27,GPU Training,Startup,2288
2024-02-27,GPU Training,Research/Academic,3495
2024-02-27,GPU Inference,Enterprise,11391
2024-02-27,GPU Inference,Mid-Market,5161
2024-02-27,GPU Inference,Startup,3020
2024-02-27,GPU Inference,Research/Academic,1500
2024-02-27,CPU Batch,Enterprise,5975
2024-02-27,CPU Batch,Mid-Market,3023
2024-02-27,CPU Batch,Startup,944
2024-02-27,CPU Batch,Research/Academic,1750
2024-02-27,CPU Interactive,Enterprise,4595
2024-02-27,CPU Interactive,Mid-Market,2430
2024-02-27,CPU Interactive,Startup,1471
2024-02-27,CPU Interactive,Research/Academic,2448
2024-02-28,GPU Training,Enterprise,16714
2024-02-28,GPU Training,Mid-Market,5360
2024-02-28,GPU Training,Startup,2162
2024-02-28,GPU Training,Research/Academic,3665
2024-02-28,GPU Inference,Enterprise,11772
2024-02-28,GPU Inference,Mid-Market,5171
2024-02-28,GPU Inference,Startup,3068
2024-02-28,GPU Inference,Research/Academic,1386
2024-02-28,CPU Batch,Enterprise,6457
2024-02-28,CPU Batch,Mid-Market,3705
2024-02-28,CPU Batch,Startup,961
2024-02-28,CPU Batch,Research/Academic,1740
2024-02-28,CPU Interactive,Enterprise,4567
2024-02-28,CPU Interactive,Mid-Market,2433
2024-02-28,CPU Interactive,Startup,1355
2024-02-28,CPU Interactive,Research/Academic,2667
2024-02-29,GPU Training,Enterprise,16879
2024-02-29,GPU Training,Mid-Market,5550
2024-02-29,GPU Training,Startup,2181
2024-02-29,GPU Training,Research/Academic,3170
2024-02-29,GPU Inference,Enterprise,11226
2024-02-29,GPU Inference,Mid-Market,4703
2024-02-29,GPU Inference,Startup,3875
2024-02-29,GPU Inference,Research/Academic,1192
2024-02-29,CPU Batch,Enterprise,6236
2024-02-29,CPU Batch,Mid-Market,3808
2024-02-29,CPU Batch,Startup,856
2024-02-29,CPU Batch,Research/Academic,1617
2024-02-29,CPU Interactive,Enterprise,4961
2024-02-29,CPU Interactive,Mid-Market,2608
2024-02-29,CPU Interactive,Startup,1304
2024-02-29,CPU Interactive,Research/Academic,2779
2024-03-01,GPU Training,Enterprise,17361
2024-03-01,GPU Training,Mid-Market,7527
2024-03-01,GPU Training,Startup,2264
2024-03-01,GPU Training,Research/Academic,3543
2024-03-01,GPU Inference,Enterprise,12834
2024-03-01,GPU Inference,Mid-Market,4951
2024-03-01,GPU Inference,Startup,4592
2024-03-01,GPU Inference,Research/Academic,1783
2024-03-01,CPU Batch,Enterprise,7144
2024-03-01,CPU Batch,Mid-Market,3386
2024-03-01,CPU Batch,Startup,782
2024-03-01,CPU Batch,Research/Academic,1709
2024-03-01,CPU Interactive,Enterprise,4958
2024-03-01,CPU Interactive,Mid-Market,2471
2024-03-01,CPU Interactive,Startup,1670
2024-03-01,CPU Interactive,Research/Academic,3033
2024-03-02,GPU Training,Enterprise,14306
2024-03-02,GPU Training,Mid-Market,4731
2024-03-02,GPU Training,Startup,1833
2024-03-02,GPU Training,Research/Academic,3097
2024-03-02,GPU Inference,Enterprise,9368
2024-03-02,GPU Inference,Mid-Market,4096
2024-03-02,GPU Inference,Startup,3006
2024-03-02,GPU Inference,Research/Academic,917
2024-03-02,CPU Batch,Enterprise,4585
2024-03-02,CPU Batch,Mid-Market,2349
2024-03-02,CPU Batch,Startup,601
2024-03-02,CPU Batch,Research/Academic,1234
2024-03-02,CPU Interactive,Enterprise,2814
2024-03-02,CPU Interactive,Mid-Market,1543
2024-03-02,CPU Interactive,Startup,943
2024-03-02,CPU Interactive,Research/Academic,1651
2024-03-03,GPU Training,Enterprise,13900
2024-03-03,GPU Training,Mid-Market,4690
2024-03-03,GPU Training,Startup,1979
2024-03-03,GPU Training,Research/Academic,3100
2024-03-03,GPU Inference,Enterprise,8501
2024-03-03,GPU Inference,Mid-Market,3406
2024-03-03,GPU Inference,Startup,2237
2024-03-03,GPU Inference,Research/Academic,981
2024-03-03,CPU Batch,Enterprise,4374
2024-03-03,CPU Batch,Mid-Market,2116
2024-03-03,CPU Batch,Startup,684
2024-03-03,CPU Batch,Research/Academic,851
2024-03-03,CPU Interactive,Enterprise,2388
2024-03-03,CPU Interactive,Mid-Market,1229
2024-03-03,CPU Interactive,Startup,711
2024-03-03,CPU Interactive,Research/Academic,1694
2024-03-04,GPU Training,Enterprise,17630
2024-03-04,GPU Training,Mid-Market,5886
2024-03-04,GPU Training,Startup,2629
2024-03-04,GPU Training,Research/Academic,3128
2024-03-04,GPU Inference,Enterprise,12643
2024-03-04,GPU Inference,Mid-Market,5743
2024-03-04,GPU Inference,Startup,3535
2024-03-04,GPU Inference,Research/Academic,1336
2024-03-04,CPU Batch,Enterprise,7460
2024-03-04,CPU Batch,Mid-Market,3967
2024-03-04,CPU Batch,Startup,1058
2024-03-04,CPU Batch,Research/Academic,1633
2024-03-04,CPU Interactive,Enterprise,4742
2024-03-04,CPU Interactive,Mid-Market,2332
2024-03-04,CPU Interactive,Startup,1378
2024-03-04,CPU Interactive,Research/Academic,2576
2024-03-05,GPU Training,Enterprise,18120
2024-03-05,GPU Training,Mid-Market,5920
2024-03-05,GPU Training,Startup,2284
2024-03-05,GPU Training,Research/Academic,3925
2024-03-05,GPU Inference,Enterprise,13829
2024-03-05,GPU Inference,Mid-Market,6350
2024-03-05,GPU Inference,Startup,3701
2024-03-05,GPU Inference,Research/Academic,1536
2024-03-05,CPU Batch,Enterprise,7382
2024-03-05,CPU Batch,Mid-Market,3654
2024-03-05,CPU Batch,Startup,1120
2024-03-05,CPU Batch,Research/Academic,1855
2024-03-05,CPU Interactive,Enterprise,5241
2024-03-05,CPU Interactive,Mid-Market,2618
2024-03-05,CPU Interactive,Startup,1607
2024-03-05,CPU Interactive,Research/Academic,2711
2024-03-06,GPU Training,Enterprise,18854
2024-03-06,GPU Training,Mid-Market,6390
2024-03-06,GPU Training,Startup,2525
2024-03-06,GPU Training,Research/Academic,4186
2024-03-06,GPU Inference,Enterprise,14798
2024-03-06,GPU Inference,Mid-Market,5449
2024-03-06,GPU Inference,Startup,4276
2024-03-06,GPU Inference,Research/Academic,1421
2024-03-06,CPU Batch,Enterprise,7409
2024-03-06,CPU Batch,Mid-Market,3646
2024-03-06,CPU Batch,Startup,1133
2024-03-06,CPU Batch,Research/Academic,1698
2024-03-06,CPU Interactive,Enterprise,5588
2024-03-06,CPU Interactive,Mid-Market,2719
2024-03-06,CPU Interactive,Startup,1611
2024-03-06,CPU Interactive,Research/Academic,2838
2024-03-07,GPU Training,Enterprise,19683
2024-03-07,GPU Training,Mid-Market,7112
2024-03-07,GPU Training,Startup,2990
2024-03-07,GPU Training,Research/Academic,4835
2024-03-07,GPU Inference,Enterprise,14953
2024-03-07,GPU Inference,Mid-Market,5691
2024-03-07,GPU Inference,Startup,3986
2024-03-07,GPU Inference,Research/Academic,1603
2024-03-07,CPU Batch,Enterprise,7255
2024-03-07,CPU Batch,Mid-Market,4154
2024-03-07,CPU Batch,Startup,1101
2024-03-07,CPU Batch,Research/Academic,1830
2024-03-07,CPU Interactive,Enterprise,5666
2024-03-07,CPU Interactive,Mid-Market,3206
2024-03-07,CPU Interactive,Startup,1826
2024-03-07,CPU Interactive,Research/Academic,3193
2024-03-08,GPU Training,Enterprise,19770
2024-03-08,GPU Training,Mid-Market,6830
2024-03-08,GPU Training,Startup,2661
2024-03-08,GPU Training,Research/Academic,3861
2024-03-08,GPU Inference,Enterprise,13589
2024-03-08,GPU Inference,Mid-Market,5695
2024-03-08,GPU Inference,Startup,3362
2024-03-08,GPU Inference,Research/Academic,1302
2024-03-08,CPU Batch,Enterprise,7041
2024-03-08,CPU Batch,Mid-Market,3480
2024-03-08,CPU Batch,Startup,949
2024-03-08,CPU Batch,Research/Academic,1834
2024-03-08,CPU Interactive,Enterprise,5002
2024-03-08,CPU Interactive,Mid-Market,2632
2024-03-08,CPU Interactive,Startup,1411
2024-03-08,CPU Interactive,Research/Academic,2835
2024-03-09,GPU Training,Enterprise,14528
2024-03-09,GPU Training,Mid-Market,5074
2024-03-09,GPU Training,Startup,1934
2024-03-09,GPU Training,Research/Academic,2980
2024-03-09,GPU Inference,Enterprise,10303
2024-03-09,GPU Inference,Mid-Market,3882
2024-03-09,GPU Inference,Startup,2550
2024-03-09,GPU Inference,Research/Academic,1016
2024-03-09,CPU Batch,Enterprise,4883
2024-03-09,CPU Batch,Mid-Market,2457
2024-03-09,CPU Batch,Startup,682
2024-03-09,CPU Batch,Research/Academic,1036
2024-03-09,CPU Interactive,Enterprise,2678
2024-03-09,CPU Interactive,Mid-Market,1420
2024-03-09,CPU Interactive,Startup,886
2024-03-09,CPU Interactive,Research/Academic,1553
2024-03-10,GPU Training,Enterprise,13219
2024-03-10,GPU Training,Mid-Market,4586
2024-03-10,GPU Training,Startup,2203
2024-03-10,GPU Training,Research/Academic,2736
2024-03-10,GPU Inference,Enterprise,8665
2024-03-10,GPU Inference,Mid-Market,3384
2024-03-10,GPU Inference,Startup,2685
2024-03-10,GPU Inference,Research/Academic,959
2024-03-10,CPU Batch,Enterprise,4318
2024-03-10,CPU Batch,Mid-Market,2238
2024-03-10,CPU Batch,Startup,630
2024-03-10,CPU Batch,Research/Academic,989
2024-03-10,CPU Interactive,Enterprise,2423
2024-03-10,CPU Interactive,Mid-Market,1333
2024-03-10,CPU Interactive,Startup,721
2024-03-10,CPU Interactive,Research/Academic,1333
2024-03-11,GPU Training,Enterprise,17892
2024-03-11,GPU Training,Mid-Market,6274
2024-03-11,GPU Training,Startup,2394
2024-03-11,GPU Training,Research/Academic,3656
2024-03-11,GPU Inference,Enterprise,13084
2024-03-11,GPU Inference,Mid-Market,4636
2024-03-11,GPU Inference,Startup,3763
2024-03-11,GPU Inference,Research/Academic,1414
2024-03-11,CPU Batch,Enterprise,7048
2024-03-11,CPU Batch,Mid-Market,3998
2024-03-11,CPU Batch,Startup,862
2024-03-11,CPU Batch,Research/Academic,1586
2024-03-11,CPU Interactive,Enterprise,4325
2024-03-11,CPU Interactive,Mid-Market,2394
2024-03-11,CPU Interactive,Startup,1488
2024-03-11,CPU Interactive,Research/Academic,2691
2024-03-12,GPU Training,Enterprise,19509
2024-03-12,GPU Training,Mid-Market,6803
2024-03-12,GPU Training,Startup,2805
2024-03-12,GPU Training,Research/Academic,3750
2024-03-12,GPU Inference,Enterprise,14384
2024-03-12,GPU Inference,Mid-Market,5685
2024-03-12,GPU Inference,Startup,3685
2024-03-12,GPU Inference,Research/Academic,1311
2024-03-12,CPU Batch,Enterprise,7176
2024-03-12,CPU Batch,Mid-Market,3931
2024-03-12,CPU Batch,Startup,1351
2024-03-12,CPU Batch,Research/Academic,1753
2024-03-12,CPU Interactive,Enterprise,5032
2024-03-12,CPU Interactive,Mid-Market,2463
2024-03-12,CPU Interactive,Startup,1802
2024-03-12,CPU Interactive,Research/Academic,2629
2024-03-13,GPU Training,Enterprise,20001
2024-03-13,GPU Training,Mid-Market,7112
2024-03-13,GPU Training,Startup,3071
2024-03-13,GPU Training,Research/Academic,3978
2024-03-13,GPU Inference,Enterprise,14540
2024-03-13,GPU Inference,Mid-Market,5934
2024-03-13,GPU Inference,Startup,3815
2024-03-13,GPU Inference,Research/Academic,1794
2024-03-13,CPU Batch,Enterprise,7410
2024-03-13,CPU Batch,Mid-Market,4051
2024-03-13,CPU Batch,Startup,791
2024-03-13,CPU Batch,Research/Academic,1987
2024-03-13,CPU Interactive,Enterprise,5708
2024-03-13,CPU Interactive,Mid-Market,2782
2024-03-13,CPU Interactive,Startup,1872
2024-03-13,CPU Interactive,Research/Academic,3284
2024-03-14,GPU Training,Enterprise,19082
2024-03-14,GPU Training,Mid-Market,6984
2024-03-14,GPU Training,Startup,2648
2024-03-14,GPU Training,Research/Academic,3857
2024-03-14,GPU Inference,Enterprise,14887
2024-03-14,GPU Inference,Mid-Market,6287
2024-03-14,GPU Inference,Startup,3856
2024-03-14,GPU Inference,Research/Academic,1460
2024-03-14,CPU Batch,Enterprise,7325
2024-03-14,CPU Batch,Mid-Market,4040
2024-03-14,CPU Batch,Startup,938
2024-03-14,CPU Batch,Research/Academic,1846
2024-03-14,CPU Interactive,Enterprise,5697
2024-03-14,CPU Interactive,Mid-Market,2834
2024-03-14,CPU Interactive,Startup,2030
2024-03-14,CPU Interactive,Research/Academic,3147
2024-03-15,GPU Training,Enterprise,18543
2024-03-15,GPU Training,Mid-Market,5998
2024-03-15,GPU Training,Startup,3151
2024-03-15,GPU Training,Research/Academic,3636
2024-03-15,GPU Inference,Enterprise,13778
2024-03-15,GPU Inference,Mid-Market,5580
2024-03-15,GPU Inference,Startup,3534
2024-03-15,GPU Inference,Research/Academic,1407
2024-03-15,CPU Batch,Enterprise,7726
2024-03-15,CPU Batch,Mid-Market,3786
2024-03-15,CPU Batch,Startup,912
2024-03-15,CPU Batch,Research/Academic,1788
2024-03-15,CPU Interactive,Enterprise,5021
2024-03-15,CPU Interactive,Mid-Market,3318
2024-03-15,CPU Interactive,Startup,1700
2024-03-15,CPU Interactive,Research/Academic,2857
2024-03-16,GPU Training,Enterprise,15093
2024-03-16,GPU Training,Mid-Market,4305
2024-03-16,GPU Training,Startup,2151
2024-03-16,GPU Training,Research/Academic,3456
2024-03-16,GPU Inference,Enterprise,9464
2024-03-16,GPU Inference,Mid-Market,3477
2024-03-16,GPU Inference,Startup,2678
2024-03-16,GPU Inference,Research/Academic,1160
2024-03-16,CPU Batch,Enterprise,4949
2024-03-16,CPU Batch,Mid-Market,2347
2024-03-16,CPU Batch,Startup,632
2024-03-16,CPU Batch,Research/Academic,1112
2024-03-16,CPU Interactive,Enterprise,2831
2024-03-16,CPU Interactive,Mid-Market,1581
2024-03-16,CPU Interactive,Startup,1031
2024-03-16,CPU Interactive,Research/Academic,1687
2024-03-17,GPU Training,Enterprise,12683
2024-03-17,GPU Training,Mid-Market,4188
2024-03-17,GPU Training,Startup,2129
2024-03-17,GPU Training,Research/Academic,2481
2024-03-17,GPU Inference,Enterprise,8516
2024-03-17,GPU Inference,Mid-Market,3626
2024-03-17,GPU Inference,Startup,2216
2024-03-17,GPU Inference,Research/Academic,859
2024-03-17,CPU Batch,Enterprise,4164
2024-03-17,CPU Batch,Mid-Market,2211
2024-03-17,CPU Batch,Startup,669
2024-03-17,CPU Batch,Research/Academic,1047
2024-03-17,CPU Interactive,Enterprise,2414
2024-03-17,CPU Interactive,Mid-Market,1179
2024-03-17,CPU Interactive,Startup,689
2024-03-17,CPU Interactive,Research/Academic,1347
2024-03-18,GPU Training,Enterprise,18144
2024-03-18,GPU Training,Mid-Market,6279
2024-03-18,GPU Training,Startup,2072
2024-03-18,GPU Training,Research/Academic,3460
2024-03-18,GPU Inference,Enterprise,13888
2024-03-18,GPU Inference,Mid-Market,5498
2024-03-18,GPU Inference,Startup,3304
2024-03-18,GPU Inference,Research/Academic,1733
2024-03-18,CPU Batch,Enterprise,7099
2024-03-18,CPU Batch,Mid-Market,3729
2024-03-18,CPU Batch,Startup,1050
2024-03-18,CPU Batch,Research/Academic,1646
2024-03-18,CPU Interactive,Enterprise,4678
2024-03-18,CPU Interactive,Mid-Market,2883
2024-03-18,CPU Interactive,Startup,1769
2024-03-18,CPU Interactive,Research/Academic,2997
2024-03-19,GPU Training,Enterprise,19191
2024-03-19,GPU Training,Mid-Market,6008
2024-03-19,GPU Training,Startup,3266
2024-03-19,GPU Training,Research/Academic,3617
2024-03-19,GPU Inference,Enterprise,14070
2024-03-19,GPU Inference,Mid-Market,5126
2024-03-19,GPU Inference,Startup,3225
2024-03-19,GPU Inference,Research/Academic,1547
2024-03-19,CPU Batch,Enterprise,7085
2024-03-19,CPU Batch,Mid-Market,3252
2024-03-19,CPU Batch,Startup,1100
2024-03-19,CPU Batch,Research/Academic,2068
2024-03-19,CPU Interactive,Enterprise,5501
2024-03-19,CPU Interactive,Mid-Market,2638
2024-03-19,CPU Interactive,Startup,1697
2024-03-19,CPU Interactive,Research/Academic,3254
2024-03-20,GPU Training,Enterprise,20563
2024-03-20,GPU Training,Mid-Market,6598
2024-03-20,GPU Training,Startup,2951
2024-03-20,GPU Training,Research/Academic,4154
2024-03-20,GPU Inference,Enterprise,14646
2024-03-20,GPU Inference,Mid-Market,5867
2024-03-20,GPU Inference,Startup,4185
2024-03-20,GPU Inference,Research/Academic,1733
2024-03-20,CPU Batch,Enterprise,7903
2024-03-20,CPU Batch,Mid-Market,3977
2024-03-20,CPU Batch,Startup,1304
2024-03-20,CPU Batch,Research/Academic,1741
2024-03-20,CPU Interactive,Enterprise,5760
2024-03-20,CPU Interactive,Mid-Market,2894
2024-03-20,CPU Interactive,Startup,2605
2024-03-20,CPU Interactive,Research/Academic,2858
2024-03-21,GPU Training,Enterprise,20670
2024-03-21,GPU Training,Mid-Market,7523
2024-03-21,GPU Training,Startup,3333
2024-03-21,GPU Training,Research/Academic,5120
2024-03-21,GPU Inference,Enterprise,15079
2024-03-21,GPU Inference,Mid-Market,6824
2024-03-21,GPU Inference,Startup,5281
2024-03-21,GPU Inference,Research/Academic,1774
2024-03-21,CPU Batch,Enterprise,7827
2024-03-21,CPU Batch,Mid-Market,4586
2024-03-21,CPU Batch,Startup,1329
2024-03-21,CPU Batch,Research/Academic,2035
2024-03-21,CPU Interactive,Enterprise,6038
2024-03-21,CPU Interactive,Mid-Market,3141
2024-03-21,CPU Interactive,Startup,1934
2024-03-21,CPU Interactive,Research/Academic,3670
2024-03-22,GPU Training,Enterprise,20322
2024-03-22,GPU Training,Mid-Market,6577
2024-03-22,GPU Training,Startup,2678
2024-03-22,GPU Training,Research/Academic,3938
2024-03-22,GPU Inference,Enterprise,14919
2024-03-22,GPU Inference,Mid-Market,6106
2024-03-22,GPU Inference,Startup,4504
2024-03-22,GPU Inference,Research/Academic,1665
2024-03-22,CPU Batch,Enterprise,7714
2024-03-22,CPU Batch,Mid-Market,4478
2024-03-22,CPU Batch,Startup,1080
2024-03-22,CPU Batch,Research/Academic,1821
2024-03-22,CPU Interactive,Enterprise,5577
2024-03-22,CPU Interactive,Mid-Market,2484
2024-03-22,CPU Interactive,Startup,1622
2024-03-22,CPU Interactive,Research/Academic,3444
2024-03-23,GPU Training,Enterprise,14436
2024-03-23,GPU Training,Mid-Market,5755
2024-03-23,GPU Training,Startup,2778
2024-03-23,GPU Training,Research/Academic,3095
2024-03-23,GPU Inference,Enterprise,10469
2024-03-23,GPU Inference,Mid-Market,4631
2024-03-23,GPU Inference,Startup,2907
2024-03-23,GPU Inference,Research/Academic,1199
2024-03-23,CPU Batch,Enterprise,5135
2024-03-23,CPU Batch,Mid-Market,2607
2024-03-23,CPU Batch,Startup,676
2024-03-23,CPU Batch,Research/Academic,1292
2024-03-23,CPU Interactive,Enterprise,3166
2024-03-23,CPU Interactive,Mid-Market,1541
2024-03-23,CPU Interactive,Startup,847
2024-03-23,CPU Interactive,Research/Academic,1613
2024-03-24,GPU Training,Enterprise,14748
2024-03-24,GPU Training,Mid-Market,5682
2024-03-24,GPU Training,Startup,2280
2024-03-24,GPU Training,Research/Academic,2898
2024-03-24,GPU Inference,Enterprise,9643
2024-03-24,GPU Inference,Mid-Market,3807
2024-03-24,GPU Inference,Startup,2657
2024-03-24,GPU Inference,Research/Academic,936
2024-03-24,CPU Batch,Enterprise,4785
2024-03-24,CPU Batch,Mid-Market,1935
2024-03-24,CPU Batch,Startup,702
2024-03-24,CPU Batch,Research/Academic,1038
2024-03-24,CPU Interactive,Enterprise,2565
2024-03-24,CPU Interactive,Mid-Market,1516
2024-03-24,CPU Interactive,Startup,781
2024-03-24,CPU Interactive,Research/Academic,1436
2024-03-25,GPU Training,Enterprise,19269
2024-03-25,GPU Training,Mid-Market,6861
2024-03-25,GPU Training,Startup,2753
2024-03-25,GPU Training,Research/Academic,3515
2024-03-25,GPU Inference,Enterprise,13914
2024-03-25,GPU Inference,Mid-Market,6524
2024-03-25,GPU Inference,Startup,4325
2024-03-25,GPU Inference,Research/Academic,1612
2024-03-25,CPU Batch,Enterprise,7611
2024-03-25,CPU Batch,Mid-Market,3753
2024-03-25,CPU Batch,Startup,1327
2024-03-25,CPU Batch,Research/Academic,1805
2024-03-25,CPU Interactive,Enterprise,5124
2024-03-25,CPU Interactive,Mid-Market,2909
2024-03-25,CPU Interactive,Startup,1561
2024-03-25,CPU Interactive,Research/Academic,2893
2024-03-26,GPU Training,Enterprise,20361
2024-03-26,GPU Training,Mid-Market,7004
2024-03-26,GPU Training,Startup,3149
2024-03-26,GPU Training,Research/Academic,4949
2024-03-26,GPU Inference,Enterprise,15346
2024-03-26,GPU Inference,Mid-Market,5310
2024-03-26,GPU Inference,Startup,4689
2024-03-26,GPU Inference,Research/Academic,1638
2024-03-26,CPU Batch,Enterprise,7933
2024-03-26,CPU Batch,Mid-Market,4117
2024-03-26,CPU Batch,Startup,1114
2024-03-26,CPU Batch,Research/Academic,1878
2024-03-26,CPU Interactive,Enterprise,5776
2024-03-26,CPU Interactive,Mid-Market,2803
2024-03-26,CPU Interactive,Startup,1642
2024-03-26,CPU Interactive,Research/Academic,4173
2024-03-27,GPU Training,Enterprise,20734
2024-03-27,GPU Training,Mid-Market,7396
2024-03-27,GPU Training,Startup,2675
2024-03-27,GPU Training,Research/Academic,4428
2024-03-27,GPU Inference,Enterprise,15019
2024-03-27,GPU Inference,Mid-Market,6263
2024-03-27,GPU Inference,Startup,5268
2024-03-27,GPU Inference,Research/Academic,1745
2024-03-27,CPU Batch,Enterprise,8335
2024-03-27,CPU Batch,Mid-Market,3679
2024-03-27,CPU Batch,Startup,1434
2024-03-27,CPU Batch,Research/Academic,1764
2024-03-27,CPU Interactive,Enterprise,6216
2024-03-27,CPU Interactive,Mid-Market,3245
2024-03-27,CPU Interactive,Startup,2047
2024-03-27,CPU Interactive,Research/Academic,3174
2024-03-28,GPU Training,Enterprise,21481
2024-03-28,GPU Training,Mid-Market,7113
2024-03-28,GPU Training,Startup,3216
2024-03-28,GPU Training,Research/Academic,4301
2024-03-28,GPU Inference,Enterprise,14385
2024-03-28,GPU Inference,Mid-Market,6997
2024-03-28,GPU Inference,Startup,4611
2024-03-28,GPU Inference,Research/Academic,1617
2024-03-28,CPU Batch,Enterprise,7969
2024-03-28,CPU Batch,Mid-Market,4272
2024-03-28,CPU Batch,Startup,1034
2024-03-28,CPU Batch,Research/Academic,1620
2024-03-28,CPU Interactive,Enterprise,6105
2024-03-28,CPU Interactive,Mid-Market,3218
2024-03-28,CPU Interactive,Startup,1916
2024-03-28,CPU Interactive,Research/Academic,3184
2024-03-29,GPU Training,Enterprise,20467
2024-03-29,GPU Training,Mid-Market,6339
2024-03-29,GPU Training,Startup,2708
2024-03-29,GPU Training,Research/Academic,3945
2024-03-29,GPU Inference,Enterprise,15413
2024-03-29,GPU Inference,Mid-Market,6023
2024-03-29,GPU Inference,Startup,4216
2024-03-29,GPU Inference,Research/Academic,1875
2024-03-29,CPU Batch,Enterprise,8038
2024-03-29,CPU Batch,Mid-Market,4149
2024-03-29,CPU Batch,Startup,1071
2024-03-29,CPU Batch,Research/Academic,1799
2024-03-29,CPU Interactive,Enterprise,5027
2024-03-29,CPU Interactive,Mid-Market,3034
2024-03-29,CPU Interactive,Startup,1892
2024-03-29,CPU Interactive,Research/Academic,3142
2024-03-30,GPU Training,Enterprise,15464
2024-03-30,GPU Training,Mid-Market,5639
2024-03-30,GPU Training,Startup,1939
2024-03-30,GPU Training,Research/Academic,3046
2024-03-30,GPU Inference,Enterprise,9964
2024-03-30,GPU Inference,Mid-Market,4896
2024-03-30,GPU Inference,Startup,3461
2024-03-30,GPU Inference,Research/Academic,940
2024-03-30,CPU Batch,Enterprise,4975
2024-03-30,CPU Batch,Mid-Market,2677
2024-03-30,CPU Batch,Startup,705
2024-03-30,CPU Batch,Research/Academic,1132
2024-03-30,CPU Interactive,Enterprise,3277
2024-03-30,CPU Interactive,Mid-Market,1602
2024-03-30,CPU Interactive,Startup,1049
2024-03-30,CPU Interactive,Research/Academic,1666
2024-03-31,GPU Training,Enterprise,15015
2024-03-31,GPU Training,Mid-Market,4893
2024-03-31,GPU Training,Startup,2120
2024-03-31,GPU Training,Research/Academic,3144
2024-03-31,GPU Inference,Enterprise,8830
2024-03-31,GPU Inference,Mid-Market,4372
2024-03-31,GPU Inference,Startup,2881
2024-03-31,GPU Inference,Research/Academic,1122
2024-03-31,CPU Batch,Enterprise,4341
2024-03-31,CPU Batch,Mid-Market,2172
2024-03-31,CPU Batch,Startup,557
2024-03-31,CPU Batch,Research/Academic,1100
2024-03-31,CPU Interactive,Enterprise,2622
2024-03-31,CPU Interactive,Mid-Market,1308
2024-03-31,CPU Interactive,Startup,757
2024-03-31,CPU Interactive,Research/Academic,1372
2024-04-01,GPU Training,Enterprise,16322
2024-04-01,GPU Training,Mid-Market,5454
2024-04-01,GPU Training,Startup,2266
2024-04-01,GPU Training,Research/Academic,3797
2024-04-01,GPU Inference,Enterprise,12155
2024-04-01,GPU Inference,Mid-Market,5532
2024-04-01,GPU Inference,Startup,3424
2024-04-01,GPU Inference,Research/Academic,1336
2024-04-01,CPU Batch,Enterprise,6460
2024-04-01,CPU Batch,Mid-Market,2939
2024-04-01,CPU Batch,Startup,1086
2024-04-01,CPU Batch,Research/Academic,1524
2024-04-01,CPU Interactive,Enterprise,4529
2024-04-01,CPU Interactive,Mid-Market,2156
2024-04-01,CPU Interactive,Startup,1410
2024-04-01,CPU Interactive,Research/Academic,2380
2024-04-02,GPU Training,Enterprise,18054
2024-04-02,GPU Training,Mid-Market,6052
2024-04-02,GPU Training,Startup,2703
2024-04-02,GPU Training,Research/Academic,3928
2024-04-02,GPU Inference,Enterprise,13426
2024-04-02,GPU Inference,Mid-Market,5614
2024-04-02,GPU Inference,Startup,3237
2024-04-02,GPU Inference,Research/Academic,1301
2024-04-02,CPU Batch,Enterprise,6404
2024-04-02,CPU Batch,Mid-Market,3587
2024-04-02,CPU Batch,Startup,962
2024-04-02,CPU Batch,Research/Academic,1419
2024-04-02,CPU Interactive,Enterprise,4713
2024-04-02,CPU Interactive,Mid-Market,2212
2024-04-02,CPU Interactive,Startup,1544
2024-04-02,CPU Interactive,Research/Academic,2414
2024-04-03,GPU Training,Enterprise,18399
2024-04-03,GPU Training,Mid-Market,6376
2024-04-03,GPU Training,Startup,3410
2024-04-03,GPU Training,Research/Academic,3951
2024-04-03,GPU Inference,Enterprise,12979
2024-04-03,GPU Inference,Mid-Market,5804
2024-04-03,GPU Inference,Startup,3346
2024-04-03,GPU Inference,Research/Academic,1311
2024-04-03,CPU Batch,Enterprise,6951
2024-04-03,CPU Batch,Mid-Market,3016
2024-04-03,CPU Batch,Startup,965
2024-04-03,CPU Batch,Research/Academic,1504
2024-04-03,CPU Interactive,Enterprise,4947
2024-04-03,CPU Interactive,Mid-Market,2363
2024-04-03,CPU Interactive,Startup,1697
2024-04-03,CPU Interactive,Research/Academic,2863
2024-04-04,GPU Training,Enterprise,19064
2024-04-04,GPU Training,Mid-Market,6218
2024-04-04,GPU Training,Startup,2477
2024-04-04,GPU Training,Research/Academic,3621
2024-04-04,GPU Inference,Enterprise,12523
2024-04-04,GPU Inference,Mid-Market,5647
2024-04-04,GPU Inference,Startup,4255
2024-04-04,GPU Inference,Research/Academic,1726
2024-04-04,CPU Batch,Enterprise,6692
2024-04-04,CPU Batch,Mid-Market,3444
2024-04-04,CPU Batch,Startup,905
2024-04-04,CPU Batch,Research/Academic,1660
2024-04-04,CPU Interactive,Enterprise,5139
2024-04-04,CPU Interactive,Mid-Market,2608
2024-04-04,CPU Interactive,Startup,1888
2024-04-04,CPU Interactive,Research/Academic,2794
2024-04-05,GPU Training,Enterprise,17911
2024-04-05,GPU Training,Mid-Market,6166
2024-04-05,GPU Training,Startup,2592
2024-04-05,GPU Training,Research/Academic,3438
2024-04-05,GPU Inference,Enterprise,13903
2024-04-05,GPU Inference,Mid-Market,4951
2024-04-05,GPU Inference,Startup,3926
2024-04-05,GPU Inference,Research/Academic,1273
2024-04-05,CPU Batch,Enterprise,7166
2024-04-05,CPU Batch,Mid-Market,3631
2024-04-05,CPU Batch,Startup,870
2024-04-05,CPU Batch,Research/Academic,1653
2024-04-05,CPU Interactive,Enterprise,4671
2024-04-05,CPU Interactive,Mid-Market,2306
2024-04-05,CPU Interactive,Startup,1658
2024-04-05,CPU Interactive,Research/Academic,2765
2024-04-06,GPU Training,Enterprise,13242
2024-04-06,GPU Training,Mid-Market,4515
2024-04-06,GPU Training,Startup,2085
2024-04-06,GPU Training,Research/Academic,2737
2024-04-06,GPU Inference,Enterprise,8850
2024-04-06,GPU Inference,Mid-Market,3509
2024-04-06,GPU Inference,Startup,3251
2024-04-06,GPU Inference,Research/Academic,869
2024-04-06,CPU Batch,Enterprise,4526
2024-04-06,CPU Batch,Mid-Market,2225
2024-04-06,CPU Batch,Startup,777
2024-04-06,CPU Batch,Research/Academic,984
2024-04-06,CPU Interactive,Enterprise,2481
2024-04-06,CPU Interactive,Mid-Market,1235
2024-04-06,CPU Interactive,Startup,870
2024-04-06,CPU Interactive,Research/Academic,1327
2024-04-07,GPU Training,Enterprise,12082
2024-04-07,GPU Training,Mid-Market,3654
2024-04-07,GPU Training,Startup,1913
2024-04-07,GPU Training,Research/Academic,2421
2024-04-07,GPU Inference,Enterprise,7518
2024-04-07,GPU Inference,Mid-Market,3580
2024-04-07,GPU Inference,Startup,2051
2024-04-07,GPU Inference,Research/Academic,910
2024-04-07,CPU Batch,Enterprise,3709
2024-04-07,CPU Batch,Mid-Market,2183
2024-04-07,CPU Batch,Startup,591
2024-04-07,CPU Batch,Research/Academic,836
2024-04-07,CPU Interactive,Enterprise,2124
2024-04-07,CPU Interactive,Mid-Market,1189
2024-04-07,CPU Interactive,Startup,700
2024-04-07,CPU Interactive,Research/Academic,1260
2024-04-08,GPU Training,Enterprise,17290
2024-04-08,GPU Training,Mid-Market,5381
2024-04-08,GPU Training,Startup,2508
2024-04-08,GPU Training,Research/Academic,3627
2024-04-08,GPU Inference,Enterprise,12694
2024-04-08,GPU Inference,Mid-Market,5055
2024-04-08,GPU Inference,Startup,3573
2024-04-08,GPU Inference,Research/Academic,1143
2024-04-08,CPU Batch,Enterprise,6218
2024-04-08,CPU Batch,Mid-Market,3393
2024-04-08,CPU Batch,Startup,903
2024-04-08,CPU Batch,Research/Academic,1551
2024-04-08,CPU Interactive,Enterprise,4595
2024-04-08,CPU Interactive,Mid-Market,2099
2024-04-08,CPU Interactive,Startup,1405
2024-04-08,CPU Interactive,Research/Academic,2593
2024-04-09,GPU Training,Enterprise,16787
2024-04-09,GPU Training,Mid-Market,6587
2024-04-09,GPU Training,Startup,2909
2024-04-09,GPU Training,Research/Academic,3613
2024-04-09,GPU Inference,Enterprise,13879
2024-04-09,GPU Inference,Mid-Market,4839
2024-04-09,GPU Inference,Startup,3888
2024-04-09,GPU Inference,Research/Academic,1421
2024-04-09,CPU Batch,Enterprise,6440
2024-04-09,CPU Batch,Mid-Market,3490
2024-04-09,CPU Batch,Startup,828
2024-04-09,CPU Batch,Research/Academic,1677
2024-04-09,CPU Interactive,Enterprise,4969
2024-04-09,CPU Interactive,Mid-Market,2512
2024-04-09,CPU Interactive,Startup,1251
2024-04-09,CPU Interactive,Research/Academic,2553
2024-04-10,GPU Training,Enterprise,18514
2024-04-10,GPU Training,Mid-Market,6257
2024-04-10,GPU Training,Startup,1980
2024-04-10,GPU Training,Research/Academic,4085
2024-04-10,GPU Inference,Enterprise,13375
2024-04-10,GPU Inference,Mid-Market,5227
2024-04-10,GPU Inference,Startup,4519
2024-04-10,GPU Inference,Research/Academic,1345
2024-04-10,CPU Batch,Enterprise,6686
2024-04-10,CPU Batch,Mid-Market,3606
2024-04-10,CPU Batch,Startup,1205
2024-04-10,CPU Batch,Research/Academic,1859
2024-04-10,CPU Interactive,Enterprise,5013
2024-04-10,CPU Interactive,Mid-Market,2641
2024-04-10,CPU Interactive,Startup,1783
2024-04-10,CPU Interactive,Research/Academic,2588
2024-04-11,GPU Training,Enterprise,18586
2024-04-11,GPU Training,Mid-Market,5941
2024-04-11,GPU Training,Startup,2846
2024-04-11,GPU Training,Research/Academic,3633
2024-04-11,GPU Inference,Enterprise,13586
2024-04-11,GPU Inference,Mid-Market,5590
2024-04-11,GPU Inference,Startup,2779
2024-04-11,GPU Inference,Research/Academic,1441
2024-04-11,CPU Batch,Enterprise,7053
2024-04-11,CPU Batch,Mid-Market,3629
2024-04-11,CPU Batch,Startup,961
2024-04-11,CPU Batch,Research/Academic,1862
2024-04-11,CPU Interactive,Enterprise,5139
2024-04-11,CPU Interactive,Mid-Market,2709
2024-04-11,CPU Interactive,Startup,1888
2024-04-11,CPU Interactive,Research/Academic,3025
2024-04-12,GPU Training,Enterprise,16691
2024-04-12,GPU Training,Mid-Market,5037
2024-04-12,GPU Training,Startup,2472
2024-04-12,GPU Training,Research/Academic,3754
2024-04-12,GPU Inference,Enterprise,12536
2024-04-12,GPU Inference,Mid-Market,5600
2024-04-12,GPU Inference,Startup,3908
2024-04-12,GPU Inference,Research/Academic,1502
2024-04-12,CPU Batch,Enterprise,6607
2024-04-12,CPU Batch,Mid-Market,3535
2024-04-12,CPU Batch,Startup,1006
2024-04-12,CPU Batch,Research/Academic,1790
2024-04-12,CPU Interactive,Enterprise,4330
2024-04-12,CPU Interactive,Mid-Market,2324
2024-04-12,CPU Interactive,Startup,1685
2024-04-12,CPU Interactive,Research/Academic,3037
2024-04-13,GPU Training,Enterprise,13319
2024-04-13,GPU Training,Mid-Market,4464
2024-04-13,GPU Training,Startup,2187
2024-04-13,GPU Training,Research/Academic,2886
2024-04-13,GPU Inference,Enterprise,8770
2024-04-13,GPU Inference,Mid-Market,3793
2024-04-13,GPU Inference,Startup,3098
2024-04-13,GPU Inference,Research/Academic,1102
2024-04-13,CPU Batch,Enterprise,4592
2024-04-13,CPU Batch,Mid-Market,2289
2024-04-13,CPU Batch,Startup,627
2024-04-13,CPU Batch,Research/Academic,1107
2024-04-13,CPU Interactive,Enterprise,2550
2024-04-13,CPU Interactive,Mid-Market,1344
2024-04-13,CPU Interactive,Startup,741
2024-04-13,CPU Interactive,Research/Academic,1645
2024-04-14,GPU Training,Enterprise,11824
2024-04-14,GPU Training,Mid-Market,4148
2024-04-14,GPU Training,Startup,1896
2024-04-14,GPU Training,Research/Academic,2960
2024-04-14,GPU Inference,Enterprise,7906
2024-04-14,GPU Inference,Mid-Market,3198
2024-04-14,GPU Inference,Startup,2277
2024-04-14,GPU Inference,Research/Academic,977
2024-04-14,CPU Batch,Enterprise,3415
2024-04-14,CPU Batch,Mid-Market,1824
2024-04-14,CPU Batch,Startup,752
2024-04-14,CPU Batch,Research/Academic,951
2024-04-14,CPU Interactive,Enterprise,2114
2024-04-14,CPU Interactive,Mid-Market,1141
2024-04-14,CPU Interactive,Startup,732
2024-04-14,CPU Interactive,Research/Academic,1368
2024-04-15,GPU Training,Enterprise,17773
2024-04-15,GPU Training,Mid-Market,5863
2024-04-15,GPU Training,Startup,2345
2024-04-15,GPU Training,Research/Academic,3585
2024-04-15,GPU Inference,Enterprise,12043
2024-04-15,GPU Inference,Mid-Market,4802
2024-04-15,GPU Inference,Startup,3035
2024-04-15,GPU Inference,Research/Academic,1162
2024-04-15,CPU Batch,Enterprise,6271
2024-04-15,CPU Batch,Mid-Market,3064
2024-04-15,CPU Batch,Startup,956
2024-04-15,CPU Batch,Research/Academic,1402
2024-04-15,CPU Interactive,Enterprise,3899
2024-04-15,CPU Interactive,Mid-Market,2128
2024-04-15,CPU Interactive,Startup,1373
2024-04-15,CPU Interactive,Research/Academic,2436
2024-04-16,GPU Training,Enterprise,18437
2024-04-16,GPU Training,Mid-Market,5744
2024-04-16,GPU Training,Startup,2924
2024-04-16,GPU Training,Research/Academic,3530
2024-04-16,GPU Inference,Enterprise,12996
2024-04-16,GPU Inference,Mid-Market,5120
2024-04-16,GPU Inference,Startup,3916
2024-04-16,GPU Inference,Research/Academic,1301
2024-04-16,CPU Batch,Enterprise,6738
2024-04-16,CPU Batch,Mid-Market,3370
2024-04-16,CPU Batch,Startup,847
2024-04-16,CPU Batch,Research/Academic,1719
2024-04-16,CPU Interactive,Enterprise,4859
2024-04-16,CPU Interactive,Mid-Market,2398
2024-04-16,CPU Interactive,Startup,1598
2024-04-16,CPU Interactive,Research/Academic,2743
2024-04-17,GPU Training,Enterprise,17568
2024-04-17,GPU Training,Mid-Market,6318
2024-04-17,GPU Training,Startup,2561
2024-04-17,GPU Training,Research/Academic,3435
2024-04-17,GPU Inference,Enterprise,12562
2024-04-17,GPU Inference,Mid-Market,5452
2024-04-17,GPU Inference,Startup,4350
2024-04-17,GPU Inference,Research/Academic,1347
2024-04-17,CPU Batch,Enterprise,7616
2024-04-17,CPU Batch,Mid-Market,3751
2024-04-17,CPU Batch,Startup,1142
2024-04-17,CPU Batch,Research/Academic,1741
2024-04-17,CPU Interactive,Enterprise,5337
2024-04-17,CPU Interactive,Mid-Market,2429
2024-04-17,CPU Interactive,Startup,1198
2024-04-17,CPU Interactive,Research/Academic,2764
2024-04-18,GPU Training,Enterprise,18612
2024-04-18,GPU Training,Mid-Market,6360
2024-04-18,GPU Training,Startup,2855
2024-04-18,GPU Training,Research/Academic,4119
2024-04-18,GPU Inference,Enterprise,13626
2024-04-18,GPU Inference,Mid-Market,5921
2024-04-18,GPU Inference,Startup,3638
2024-04-18,GPU Inference,Research/Academic,1305
2024-04-18,CPU Batch,Enterprise,7347
2024-04-18,CPU Batch,Mid-Market,3552
2024-04-18,CPU Batch,Startup,906
2024-04-18,CPU Batch,Research/Academic,1555
2024-04-18,CPU Interactive,Enterprise,4960
2024-04-18,CPU Interactive,Mid-Market,2509
2024-04-18,CPU Interactive,Startup,1435
2024-04-18,CPU Interactive,Research/Academic,2609
2024-04-19,GPU Training,Enterprise,17251
2024-04-19,GPU Training,Mid-Market,5768
2024-04-19,GPU Training,Startup,3015
2024-04-19,GPU Training,Research/Academic,3622
2024-04-19,GPU Inference,Enterprise,12949
2024-04-19,GPU Inference,Mid-Market,5076
2024-04-19,GPU Inference,Startup,3835
2024-04-19,GPU Inference,Research/Academic,1398
2024-04-19,CPU Batch,Enterprise,6893
2024-04-19,CPU Batch,Mid-Market,3407
2024-04-19,CPU Batch,Startup,1081
2024-04-19,CPU Batch,Research/Academic,1590
2024-04-19,CPU Interactive,Enterprise,4800
2024-04-19,CPU Interactive,Mid-Market,2328
2024-04-19,CPU Interactive,Startup,1231
2024-04-19,CPU Interactive,Research/Academic,2744
2024-04-20,GPU Training,Enterprise,13646
2024-04-20,GPU Training,Mid-Market,4773
2024-04-20,GPU Training,Startup,2118
2024-04-20,GPU Training,Research/Academic,2622
2024-04-20,GPU Inference,Enterprise,8681
2024-04-20,GPU Inference,Mid-Market,3891
2024-04-20,GPU Inference,Startup,2868
2024-04-20,GPU Inference,Research/Academic,908
2024-04-20,CPU Batch,Enterprise,4669
2024-04-20,CPU Batch,Mid-Market,2150
2024-04-20,CPU Batch,Startup,591
2024-04-20,CPU Batch,Research/Academic,1207
2024-04-20,CPU Interactive,Enterprise,2660
2024-04-20,CPU Interactive,Mid-Market,1299
2024-04-20,CPU Interactive,Startup,875
2024-04-20,CPU Interactive,Research/Academic,1502
2024-04-21,GPU Training,Enterprise,11142
2024-04-21,GPU Training,Mid-Market,4038
2024-04-21,GPU Training,Startup,1879
2024-04-21,GPU Training,Research/Academic,2458
2024-04-21,GPU Inference,Enterprise,8184
2024-04-21,GPU Inference,Mid-Market,3662
2024-04-21,GPU Inference,Startup,2372
2024-04-21,GPU Inference,Research/Academic,788
2024-04-21,CPU Batch,Enterprise,3880
2024-04-21,CPU Batch,Mid-Market,1917
2024-04-21,CPU Batch,Startup,533
2024-04-21,CPU Batch,Research/Academic,887
2024-04-21,CPU Interactive,Enterprise,2424
2024-04-21,CPU Interactive,Mid-Market,982
2024-04-21,CPU Interactive,Startup,696
2024-04-21,CPU Interactive,Research/Academic,1279
2024-04-22,GPU Training,Enterprise,16082
2024-04-22,GPU Training,Mid-Market,6114
2024-04-22,GPU Training,Startup,2782
2024-04-22,GPU Training,Research/Academic,3359
2024-04-22,GPU Inference,Enterprise,12346
2024-04-22,GPU Inference,Mid-Market,5173
2024-04-22,GPU Inference,Startup,3752
2024-04-22,GPU Inference,Research/Academic,1312
2024-04-22,CPU Batch,Enterprise,6463
2024-04-22,CPU Batch,Mid-Market,3395
2024-04-22,CPU Batch,Startup,1012
2024-04-22,CPU Batch,Research/Academic,1399
2024-04-22,CPU Interactive,Enterprise,4251
2024-04-22,CPU Interactive,Mid-Market,2033
2024-04-22,CPU Interactive,Startup,1620
2024-04-22,CPU Interactive,Research/Academic,2611
2024-04-23,GPU Training,Enterprise,17790
2024-04-23,GPU Training,Mid-Market,5459
2024-04-23,GPU Training,Startup,3286
2024-04-23,GPU Training,Research/Academic,3373
2024-04-23,GPU Inference,Enterprise,13207
2024-04-23,GPU Inference,Mid-Market,5820
2024-04-23,GPU Inference,Startup,3551
2024-04-23,GPU Inference,Research/Academic,1328
2024-04-23,CPU Batch,Enterprise,6754
2024-04-23,CPU Batch,Mid-Market,4195
2024-04-23,CPU Batch,Startup,987
2024-04-23,CPU Batch,Research/Academic,1807
2024-04-23,CPU Interactive,Enterprise,5027
2024-04-23,CPU Interactive,Mid-Market,2548
2024-04-23,CPU Interactive,Startup,1401
2024-04-23,CPU Interactive,Research/Academic,3009
2024-04-24,GPU Training,Enterprise,17214
2024-04-24,GPU Training,Mid-Market,7077
2024-04-24,GPU Training,Startup,2850
2024-04-24,GPU Training,Research/Academic,3002
2024-04-24,GPU Inference,Enterprise,13325
2024-04-24,GPU Inference,Mid-Market,5911
2024-04-24,GPU Inference,Startup,4004
2024-04-24,GPU Inference,Research/Academic,1511
2024-04-24,CPU Batch,Enterprise,6668
2024-04-24,CPU Batch,Mid-Market,3225
2024-04-24,CPU Batch,Startup,971
2024-04-24,CPU Batch,Research/Academic,1639
2024-04-24,CPU Interactive,Enterprise,4901
2024-04-24,CPU Interactive,Mid-Market,2808
2024-04-24,CPU Interactive,Startup,1479
2024-04-24,CPU Interactive,Research/Academic,2940
2024-04-25,GPU Training,Enterprise,18339
2024-04-25,GPU Training,Mid-Market,5679
2024-04-25,GPU Training,Startup,2378
2024-04-25,GPU Training,Research/Academic,3716
2024-04-25,GPU Inference,Enterprise,14638
2024-04-25,GPU Inference,Mid-Market,5889
2024-04-25,GPU Inference,Startup,3355
2024-04-25,GPU Inference,Research/Academic,1113
2024-04-25,CPU Batch,Enterprise,7106
2024-04-25,CPU Batch,Mid-Market,3512
2024-04-25,CPU Batch,Startup,1124
2024-04-25,CPU Batch,Research/Academic,1524
2024-04-25,CPU Interactive,Enterprise,5177
2024-04-25,CPU Interactive,Mid-Market,2809
2024-04-25,CPU Interactive,Startup,1595
2024-04-25,CPU Interactive,Research/Academic,2846
2024-04-26,GPU Training,Enterprise,17488
2024-04-26,GPU Training,Mid-Market,6284
2024-04-26,GPU Training,Startup,2658
2024-04-26,GPU Training,Research/Academic,3832
2024-04-26,GPU Inference,Enterprise,12675
2024-04-26,GPU Inference,Mid-Market,4921
2024-04-26,GPU Inference,Startup,4999
2024-04-26,GPU Inference,Research/Academic,1298
2024-04-26,CPU Batch,Enterprise,6560
2024-04-26,CPU Batch,Mid-Market,3423
2024-04-26,CPU Batch,Startup,961
2024-04-26,CPU Batch,Research/Academic,1541
2024-04-26,CPU Interactive,Enterprise,4660
2024-04-26,CPU Interactive,Mid-Market,2411
2024-04-26,CPU Interactive,Startup,1570
2024-04-26,CPU Interactive,Research/Academic,2227
2024-04-27,GPU Training,Enterprise,14361
2024-04-27,GPU Training,Mid-Market,4566
2024-04-27,GPU Training,Startup,2177
2024-04-27,GPU Training,Research/Academic,2419
2024-04-27,GPU Inference,Enterprise,8866
2024-04-27,GPU Inference,Mid-Market,3607
2024-04-27,GPU Inference,Startup,3295
2024-04-27,GPU Inference,Research/Academic,909
2024-04-27,CPU Batch,Enterprise,4613
2024-04-27,CPU Batch,Mid-Market,2191
2024-04-27,CPU Batch,Startup,602
2024-04-27,CPU Batch,Research/Academic,1039
2024-04-27,CPU Interactive,Enterprise,2713
2024-04-27,CPU Interactive,Mid-Market,1171
2024-04-27,CPU Interactive,Startup,726
2024-04-27,CPU Interactive,Research/Academic,1271
2024-04-28,GPU Training,Enterprise,11964
2024-04-28,GPU Training,Mid-Market,4090
2024-04-28,GPU Training,Startup,1571
2024-04-28,GPU Training,Research/Academic,2388
2024-04-28,GPU Inference,Enterprise,7533
2024-04-28,GPU Inference,Mid-Market,3183
2024-04-28,GPU Inference,Startup,2885
2024-04-28,GPU Inference,Research/Academic,889
2024-04-28,CPU Batch,Enterprise,3866
2024-04-28,CPU Batch,Mid-Market,1833
2024-04-28,CPU Batch,Startup,453
2024-04-28,CPU Batch,Research/Academic,829
2024-04-28,CPU Interactive,Enterprise,2219
2024-04-28,CPU Interactive,Mid-Market,1225
2024-04-28,CPU Interactive,Startup,817
2024-04-28,CPU Interactive,Research/Academic,1347
2024-04-29,GPU Training,Enterprise,16188
2024-04-29,GPU Training,Mid-Market,5787
2024-04-29,GPU Training,Startup,2448
2024-04-29,GPU Training,Research/Academic,3324
2024-04-29,GPU Inference,Enterprise,13644
2024-04-29,GPU Inference,Mid-Market,4655
2024-04-29,GPU Inference,Startup,3744
2024-04-29,GPU Inference,Research/Academic,1459
2024-04-29,CPU Batch,Enterprise,6153
2024-04-29,CPU Batch,Mid-Market,3196
2024-04-29,CPU Batch,Startup,870
2024-04-29,CPU Batch,Research/Academic,1517
2024-04-29,CPU Interactive,Enterprise,4172
2024-04-29,CPU Interactive,Mid-Market,2405
2024-04-29,CPU Interactive,Startup,1590
2024-04-29,CPU Interactive,Research/Academic,2668
2024-04-30,GPU Training,Enterprise,16919
2024-04-30,GPU Training,Mid-Market,6108
2024-04-30,GPU Training,Startup,2402
2024-04-30,GPU Training,Research/Academic,3455
2024-04-30,GPU Inference,Enterprise,14409
2024-04-30,GPU Inference,Mid-Market,5574
2024-04-30,GPU Inference,Startup,3513
2024-04-30,GPU Inference,Research/Academic,1411
2024-04-30,CPU Batch,Enterprise,6365
2024-04-30,CPU Batch,Mid-Market,3166
2024-04-30,CPU Batch,Startup,843
2024-04-30,CPU Batch,Research/Academic,1535
2024-04-30,CPU Interactive,Enterprise,4988
2024-04-30,CPU Interactive,Mid-Market,2596
2024-04-30,CPU Interactive,Startup,1689
2024-04-30,CPU Interactive,Research/Academic,2534
2024-05-01,GPU Training,Enterprise,18339
2024-05-01,GPU Training,Mid-Market,6621
2024-05-01,GPU Training,Startup,2655
2024-05-01,GPU Training,Research/Academic,3710
2024-05-01,GPU Inference,Enterprise,14137
2024-05-01,GPU Inference,Mid-Market,5679
2024-05-01,GPU Inference,Startup,4377
2024-05-01,GPU Inference,Research/Academic,1659
2024-05-01,CPU Batch,Enterprise,7005
2024-05-01,CPU Batch,Mid-Market,3926
2024-05-01,CPU Batch,Startup,1073
2024-05-01,CPU Batch,Research/Academic,1484
2024-05-01,CPU Interactive,Enterprise,4867
2024-05-01,CPU Interactive,Mid-Market,2490
2024-05-01,CPU Interactive,Startup,1516
2024-05-01,CPU Interactive,Research/Academic,2908
2024-05-02,GPU Training,Enterprise,19220
2024-05-02,GPU Training,Mid-Market,7099
2024-05-02,GPU Training,Startup,2975
2024-05-02,GPU Training,Research/Academic,3662
2024-05-02,GPU Inference,Enterprise,12794
2024-05-02,GPU Inference,Mid-Market,5856
2024-05-02,GPU Inference,Startup,4281
2024-05-02,GPU Inference,Research/Academic,1483
2024-05-02,CPU Batch,Enterprise,7676
2024-05-02,CPU Batch,Mid-Market,3945
2024-05-02,CPU Batch,Startup,1103
2024-05-02,CPU Batch,Research/Academic,1546
2024-05-02,CPU Interactive,Enterprise,5119
2024-05-02,CPU Interactive,Mid-Market,2693
2024-05-02,CPU Interactive,Startup,1573
2024-05-02,CPU Interactive,Research/Academic,3131
2024-05-03,GPU Training,Enterprise,18171
2024-05-03,GPU Training,Mid-Market,5756
2024-05-03,GPU Training,Startup,3163
2024-05-03,GPU Training,Research/Academic,3653
2024-05-03,GPU Inference,Enterprise,12389
2024-05-03,GPU Inference,Mid-Market,5546
2024-05-03,GPU Inference,Startup,4218
2024-05-03,GPU Inference,Research/Academic,1507
2024-05-03,CPU Batch,Enterprise,6769
2024-05-03,CPU Batch,Mid-Market,3727
2024-05-03,CPU Batch,Startup,998
2024-05-03,CPU Batch,Research/Academic,1461
2024-05-03,CPU Interactive,Enterprise,4510
2024-05-03,CPU Interactive,Mid-Market,2679
2024-05-03,CPU Interactive,Startup,1820
2024-05-03,CPU Interactive,Research/Academic,2818
2024-05-04,GPU Training,Enterprise,14499
2024-05-04,GPU Training,Mid-Market,5101
2024-05-04,GPU Training,Startup,2269
2024-05-04,GPU Training,Research/Academic,2567
2024-05-04,GPU Inference,Enterprise,9957
2024-05-04,GPU Inference,Mid-Market,4045
2024-05-04,GPU Inference,Startup,2727
2024-05-04,GPU Inference,Research/Academic,924
2024-05-04,CPU Batch,Enterprise,4623
2024-05-04,CPU Batch,Mid-Market,2087
2024-05-04,CPU Batch,Startup,708
2024-05-04,CPU Batch,Research/Academic,1003
2024-05-04,CPU Interactive,Enterprise,2677
2024-05-04,CPU Interactive,Mid-Market,1320
2024-05-04,CPU Interactive,Startup,845
2024-05-04,CPU Interactive,Research/Academic,1428
2024-05-05,GPU Training,Enterprise,12730
2024-05-05,GPU Training,Mid-Market,5074
2024-05-05,GPU Training,Startup,2316
2024-05-05,GPU Training,Research/Academic,2664
2024-05-05,GPU Inference,Enterprise,8388
2024-05-05,GPU Inference,Mid-Market,3737
2024-05-05,GPU Inference,Startup,2959
2024-05-05,GPU Inference,Research/Academic,824
2024-05-05,CPU Batch,Enterprise,3911
2024-05-05,CPU Batch,Mid-Market,1771
2024-05-05,CPU Batch,Startup,639
2024-05-05,CPU Batch,Research/Academic,1094
2024-05-05,CPU Interactive,Enterprise,2282
2024-05-05,CPU Interactive,Mid-Market,1018
2024-05-05,CPU Interactive,Startup,809
2024-05-05,CPU Interactive,Research/Academic,1217
2024-05-06,GPU Training,Enterprise,16648
2024-05-06,GPU Training,Mid-Market,6198
2024-05-06,GPU Training,Startup,2700
2024-05-06,GPU Training,Research/Academic,3321
2024-05-06,GPU Inference,Enterprise,12600
2024-05-06,GPU Inference,Mid-Market,5474
2024-05-06,GPU Inference,Startup,3791
2024-05-06,GPU Inference,Research/Academic,1240
2024-05-06,CPU Batch,Enterprise,6583
2024-05-06,CPU Batch,Mid-Market,3503
2024-05-06,CPU Batch,Startup,930
2024-05-06,CPU Batch,Research/Academic,1409
2024-05-06,CPU Interactive,Enterprise,4735
2024-05-06,CPU Interactive,Mid-Market,1951
2024-05-06,CPU Interactive,Startup,1427
2024-05-06,CPU Interactive,Research/Academic,2490
2024-05-07,GPU Training,Enterprise,18069
2024-05-07,GPU Training,Mid-Market,6484
2024-05-07,GPU Training,Startup,3152
2024-05-07,GPU Training,Research/Academic,3426
2024-05-07,GPU Inference,Enterprise,13916
2024-05-07,GPU Inference,Mid-Market,5785
2024-05-07,GPU Inference,Startup,3412
2024-05-07,GPU Inference,Research/Academic,1657
2024-05-07,CPU Batch,Enterprise,6485
2024-05-07,CPU Batch,Mid-Market,3627
2024-05-07,CPU Batch,Startup,1025
2024-05-07,CPU Batch,Research/Academic,1660
2024-05-07,CPU Interactive,Enterprise,4821
2024-05-07,CPU Interactive,Mid-Market,2705
2024-05-07,CPU Interactive,Startup,1349
2024-05-07,CPU Interactive,Research/Academic,2812
2024-05-08,GPU Training,Enterprise,18411
2024-05-08,GPU Training,Mid-Market,6234
2024-05-08,GPU Training,Startup,3040
2024-05-08,GPU Training,Research/Academic,4142
2024-05-08,GPU Inference,Enterprise,13806
2024-05-08,GPU Inference,Mid-Market,6207
2024-05-08,GPU Inference,Startup,4343
2024-05-08,GPU Inference,Research/Academic,1364
2024-05-08,CPU Batch,Enterprise,6995
2024-05-08,CPU Batch,Mid-Market,3549
2024-05-08,CPU Batch,Startup,926
2024-05-08,CPU Batch,Research/Academic,1729
2024-05-08,CPU Interactive,Enterprise,5149
2024-05-08,CPU Interactive,Mid-Market,2370
2024-05-08,CPU Interactive,Startup,1385
2024-05-08,CPU Interactive,Research/Academic,3033
2024-05-09,GPU Training,Enterprise,18239
2024-05-09,GPU Training,Mid-Market,6682
2024-05-09,GPU Training,Startup,3175
2024-05-09,GPU Training,Research/Academic,3434
2024-05-09,GPU Inference,Enterprise,13243
2024-05-09,GPU Inference,Mid-Market,6617
2024-05-09,GPU Inference,Startup,4512
2024-05-09,GPU Inference,Research/Academic,1417
2024-05-09,CPU Batch,Enterprise,6810
2024-05-09,CPU Batch,Mid-Market,3498
2024-05-09,CPU Batch,Startup,873
2024-05-09,CPU Batch,Research/Academic,1793
2024-05-09,CPU Interactive,Enterprise,5080
2024-05-09,CPU Interactive,Mid-Market,2938
2024-05-09,CPU Interactive,Startup,1653
2024-05-09,CPU Interactive,Research/Academic,2770
2024-05-10,GPU Training,Enterprise,17696
2024-05-10,GPU Training,Mid-Market,5202
2024-05-10,GPU Training,Startup,2723
2024-05-10,GPU Training,Research/Academic,3580
2024-05-10,GPU Inference,Enterprise,13827
2024-05-10,GPU Inference,Mid-Market,4926
2024-05-10,GPU Inference,Startup,4752
2024-05-10,GPU Inference,Research/Academic,1493
2024-05-10,CPU Batch,Enterprise,7228
2024-05-10,CPU Batch,Mid-Market,3513
2024-05-10,CPU Batch,Startup,1106
2024-05-10,CPU Batch,Research/Academic,1444
2024-05-10,CPU Interactive,Enterprise,4925
2024-05-10,CPU Interactive,Mid-Market,2356
2024-05-10,CPU Interactive,Startup,1300
2024-05-10,CPU Interactive,Research/Academic,2513
2024-05-11,GPU Training,Enterprise,13727
2024-05-11,GPU Training,Mid-Market,4500
2024-05-11,GPU Training,Startup,2205
2024-05-11,GPU Training,Research/Academic,2393
2024-05-11,GPU Inference,Enterprise,8599
2024-05-11,GPU Inference,Mid-Market,4332
2024-05-11,GPU Inference,Startup,3226
2024-05-11,GPU Inference,Research/Academic,899
2024-05-11,CPU Batch,Enterprise,4584
2024-05-11,CPU Batch,Mid-Market,2526
2024-05-11,CPU Batch,Startup,687
2024-05-11,CPU Batch,Research/Academic,1096
2024-05-11,CPU Interactive,Enterprise,2763
2024-05-11,CPU Interactive,Mid-Market,1306
2024-05-11,CPU Interactive,Startup,879
2024-05-11,CPU Interactive,Research/Academic,1517
2024-05-12,GPU Training,Enterprise,12735
2024-05-12,GPU Training,Mid-Market,4352
2024-05-12,GPU Training,Startup,1996
2024-05-12,GPU Training,Research/Academic,2601
2024-05-12,GPU Inference,Enterprise,8114
2024-05-12,GPU Inference,Mid-Market,3763
2024-05-12,GPU Inference,Startup,2329
2024-05-12,GPU Inference,Research/Academic,868
2024-05-12,CPU Batch,Enterprise,3884
2024-05-12,CPU Batch,Mid-Market,2068
2024-05-12,CPU Batch,Startup,434
2024-05-12,CPU Batch,Research/Academic,997
2024-05-12,CPU Interactive,Enterprise,2220
2024-05-12,CPU Interactive,Mid-Market,1291
2024-05-12,CPU Interactive,Startup,714
2024-05-12,CPU Interactive,Research/Academic,1305
2024-05-13,GPU Training,Enterprise,18545
2024-05-13,GPU Training,Mid-Market,5854
2024-05-13,GPU Training,Startup,3064
2024-05-13,GPU Training,Research/Academic,3470
2024-05-13,GPU Inference,Enterprise,13250
2024-05-13,GPU Inference,Mid-Market,5507
2024-05-13,GPU Inference,Startup,4468
2024-05-13,GPU Inference,Research/Academic,1286
2024-05-13,CPU Batch,Enterprise,6426
2024-05-13,CPU Batch,Mid-Market,3279
2024-05-13,CPU Batch,Startup,964
2024-05-13,CPU Batch,Research/Academic,1551
2024-05-13,CPU Interactive,Enterprise,4696
2024-05-13,CPU Interactive,Mid-Market,2598
2024-05-13,CPU Interactive,Startup,1346
2024-05-13,CPU Interactive,Research/Academic,2470
2024-05-14,GPU Training,Enterprise,17042
2024-05-14,GPU Training,Mid-Market,7231
2024-05-14,GPU Training,Startup,2880
2024-05-14,GPU Training,Research/Academic,3775
2024-05-14,GPU Inference,Enterprise,12983
2024-05-14,GPU Inference,Mid-Market,5762
2024-05-14,GPU Inference,Startup,4514
2024-05-14,GPU Inference,Research/Academic,1399
2024-05-14,CPU Batch,Enterprise,7185
2024-05-14,CPU Batch,Mid-Market,4152
2024-05-14,CPU Batch,Startup,876
2024-05-14,CPU Batch,Research/Academic,1497
2024-05-14,CPU Interactive,Enterprise,4761
2024-05-14,CPU Interactive,Mid-Market,2868
2024-05-14,CPU Interactive,Startup,1853
2024-05-14,CPU Interactive,Research/Academic,2799
2024-05-15,GPU Training,Enterprise,18950
2024-05-15,GPU Training,Mid-Market,6212
2024-05-15,GPU Training,Startup,3240
2024-05-15,GPU Training,Research/Academic,3693
2024-05-15,GPU Inference,Enterprise,13959
2024-05-15,GPU Inference,Mid-Market,6194
2024-05-15,GPU Inference,Startup,4278
2024-05-15,GPU Inference,Research/Academic,1441
2024-05-15,CPU Batch,Enterprise,7084
2024-05-15,CPU Batch,Mid-Market,3842
2024-05-15,CPU Batch,Startup,1231
2024-05-15,CPU Batch,Research/Academic,1752
2024-05-15,CPU Interactive,Enterprise,5283
2024-05-15,CPU Interactive,Mid-Market,2622
2024-05-15,CPU Interactive,Startup,1559
2024-05-15,CPU Interactive,Research/Academic,3093
2024-05-16,GPU Training,Enterprise,19065
2024-05-16,GPU Training,Mid-Market,5960
2024-05-16,GPU Training,Startup,2803
2024-05-16,GPU Training,Research/Academic,3782
2024-05-16,GPU Inference,Enterprise,13835
2024-05-16,GPU Inference,Mid-Market,6594
2024-05-16,GPU Inference,Startup,4644
2024-05-16,GPU Inference,Research/Academic,1640
2024-05-16,CPU Batch,Enterprise,7158
2024-05-16,CPU Batch,Mid-Market,3656
2024-05-16,CPU Batch,Startup,903
2024-05-16,CPU Batch,Research/Academic,1673
2024-05-16,CPU Interactive,Enterprise,5258
2024-05-16,CPU Interactive,Mid-Market,2482
2024-05-16,CPU Interactive,Startup,1634
2024-05-16,CPU Interactive,Research/Academic,2937
2024-05-17,GPU Training,Enterprise,18389
2024-05-17,GPU Training,Mid-Market,6496
2024-05-17,GPU Training,Startup,2599
2024-05-17,GPU Training,Research/Academic,3774
2024-05-17,GPU Inference,Enterprise,13384
2024-05-17,GPU Inference,Mid-Market,4644
2024-05-17,GPU Inference,Startup,3952
2024-05-17,GPU Inference,Research/Academic,1528
2024-05-17,CPU Batch,Enterprise,6440
2024-05-17,CPU Batch,Mid-Market,3563
2024-05-17,CPU Batch,Startup,1189
2024-05-17,CPU Batch,Research/Academic,1530
2024-05-17,CPU Interactive,Enterprise,4801
2024-05-17,CPU Interactive,Mid-Market,2278
2024-05-17,CPU Interactive,Startup,1937
2024-05-17,CPU Interactive,Research/Academic,2734
2024-05-18,GPU Training,Enterprise,13816
2024-05-18,GPU Training,Mid-Market,5274
2024-05-18,GPU Training,Startup,2301
2024-05-18,GPU Training,Research/Academic,2583
2024-05-18,GPU Inference,Enterprise,9193
2024-05-18,GPU Inference,Mid-Market,4114
2024-05-18,GPU Inference,Startup,2722
2024-05-18,GPU Inference,Research/Academic,827
2024-05-18,CPU Batch,Enterprise,4584
2024-05-18,CPU Batch,Mid-Market,2126
2024-05-18,CPU Batch,Startup,796
2024-05-18,CPU Batch,Research/Academic,1099
2024-05-18,CPU Interactive,Enterprise,2558
2024-05-18,CPU Interactive,Mid-Market,1313
2024-05-18,CPU Interactive,Startup,702
2024-05-18,CPU Interactive,Research/Academic,1393
2024-05-19,GPU Training,Enterprise,13474
2024-05-19,GPU Training,Mid-Market,5262
2024-05-19,GPU Training,Startup,2177
2024-05-19,GPU Training,Research/Academic,2579
2024-05-19,GPU Inference,Enterprise,8381
2024-05-19,GPU Inference,Mid-Market,3360
2024-05-19,GPU Inference,Startup,3398
2024-05-19,GPU Inference,Research/Academic,872
2024-05-19,CPU Batch,Enterprise,4286
2024-05-19,CPU Batch,Mid-Market,2229
2024-05-19,CPU Batch,Startup,456
2024-05-19,CPU Batch,Research/Academic,881
2024-05-19,CPU Interactive,Enterprise,2227
2024-05-19,CPU Interactive,Mid-Market,1183
2024-05-19,CPU Interactive,Startup,754
2024-05-19,CPU Interactive,Research/Academic,1666
2024-05-20,GPU Training,Enterprise,16534
2024-05-20,GPU Training,Mid-Market,6103
2024-05-20,GPU Training,Startup,2868
2024-05-20,GPU Training,Research/Academic,3464
2024-05-20,GPU Inference,Enterprise,13190
2024-05-20,GPU Inference,Mid-Market,5145
2024-05-20,GPU Inference,Startup,4143
2024-05-20,GPU Inference,Research/Academic,1419
2024-05-20,CPU Batch,Enterprise,6785
2024-05-20,CPU Batch,Mid-Market,3578
2024-05-20,CPU Batch,Startup,1133
2024-05-20,CPU Batch,Research/Academic,1703
2024-05-20,CPU Interactive,Enterprise,4591
2024-05-20,CPU Interactive,Mid-Market,2193
2024-05-20,CPU Interactive,Startup,1415
2024-05-20,CPU Interactive,Research/Academic,2577
2024-05-21,GPU Training,Enterprise,18321
2024-05-21,GPU Training,Mid-Market,6105
2024-05-21,GPU Training,Startup,2503
2024-05-21,GPU Training,Research/Academic,3309
2024-05-21,GPU Inference,Enterprise,12922
2024-05-21,GPU Inference,Mid-Market,5725
2024-05-21,GPU Inference,Startup,3607
2024-05-21,GPU Inference,Research/Academic,1321
2024-05-21,CPU Batch,Enterprise,6788
2024-05-21,CPU Batch,Mid-Market,3224
2024-05-21,CPU Batch,Startup,1031
2024-05-21,CPU Batch,Research/Academic,1725
2024-05-21,CPU Interactive,Enterprise,4838
2024-05-21,CPU Interactive,Mid-Market,2495
2024-05-21,CPU Interactive,Startup,1753
2024-05-21,CPU Interactive,Research/Academic,2675
2024-05-22,GPU Training,Enterprise,18428
2024-05-22,GPU Training,Mid-Market,7197
2024-05-22,GPU Training,Startup,3266
2024-05-22,GPU Training,Research/Academic,4001
2024-05-22,GPU Inference,Enterprise,14750
2024-05-22,GPU Inference,Mid-Market,5220
2024-05-22,GPU Inference,Startup,5217
2024-05-22,GPU Inference,Research/Academic,1520
2024-05-22,CPU Batch,Enterprise,7388
2024-05-22,CPU Batch,Mid-Market,3743
2024-05-22,CPU Batch,Startup,1019
2024-05-22,CPU Batch,Research/Academic,1636
2024-05-22,CPU Interactive,Enterprise,5207
2024-05-22,CPU Interactive,Mid-Market,2611
2024-05-22,CPU Interactive,Startup,1893
2024-05-22,CPU Interactive,Research/Academic,2588
2024-05-23,GPU Training,Enterprise,18619
2024-05-23,GPU Training,Mid-Market,7644
2024-05-23,GPU Training,Startup,2728
2024-05-23,GPU Training,Research/Academic,3742
2024-05-23,GPU Inference,Enterprise,13736
2024-05-23,GPU Inference,Mid-Market,6146
2024-05-23,GPU Inference,Startup,4067
2024-05-23,GPU Inference,Research/Academic,1451
2024-05-23,CPU Batch,Enterprise,7342
2024-05-23,CPU Batch,Mid-Market,3470
2024-05-23,CPU Batch,Startup,1114
2024-05-23,CPU Batch,Research/Academic,1787
2024-05-23,CPU Interactive,Enterprise,5498
2024-05-23,CPU Interactive,Mid-Market,2769
2024-05-23,CPU Interactive,Startup,2586
2024-05-23,CPU Interactive,Research/Academic,3283
2024-05-24,GPU Training,Enterprise,18413
2024-05-24,GPU Training,Mid-Market,5953
2024-05-24,GPU Training,Startup,2778
2024-05-24,GPU Training,Research/Academic,4082
2024-05-24,GPU Inference,Enterprise,14547
2024-05-24,GPU Inference,Mid-Market,6358
2024-05-24,GPU Inference,Startup,4665
2024-05-24,GPU Inference,Research/Academic,1271
2024-05-24,CPU Batch,Enterprise,7037
2024-05-24,CPU Batch,Mid-Market,3249
2024-05-24,CPU Batch,Startup,825
2024-05-24,CPU Batch,Research/Academic,1658
2024-05-24,CPU Interactive,Enterprise,4916
2024-05-24,CPU Interactive,Mid-Market,2668
2024-05-24,CPU Interactive,Startup,1700
2024-05-24,CPU Interactive,Research/Academic,2875
2024-05-25,GPU Training,Enterprise,13322
2024-05-25,GPU Training,Mid-Market,4791
2024-05-25,GPU Training,Startup,1789
2024-05-25,GPU Training,Research/Academic,2364
2024-05-25,GPU Inference,Enterprise,9793
2024-05-25,GPU Inference,Mid-Market,3807
2024-05-25,GPU Inference,Startup,3302
2024-05-25,GPU Inference,Research/Academic,1074
2024-05-25,CPU Batch,Enterprise,4490
2024-05-25,CPU Batch,Mid-Market,2463
2024-05-25,CPU Batch,Startup,608
2024-05-25,CPU Batch,Research/Academic,936
2024-05-25,CPU Interactive,Enterprise,2674
2024-05-25,CPU Interactive,Mid-Market,1340
2024-05-25,CPU Interactive,Startup,840
2024-05-25,CPU Interactive,Research/Academic,1783
2024-05-26,GPU Training,Enterprise,12230
2024-05-26,GPU Training,Mid-Market,4652
2024-05-26,GPU Training,Startup,1786
2024-05-26,GPU Training,Research/Academic,2799
2024-05-26,GPU Inference,Enterprise,8696
2024-05-26,GPU Inference,Mid-Market,3726
2024-05-26,GPU Inference,Startup,2401
2024-05-26,GPU Inference,Research/Academic,835
2024-05-26,CPU Batch,Enterprise,4095
2024-05-26,CPU Batch,Mid-Market,2294
2024-05-26,CPU Batch,Startup,598
2024-05-26,CPU Batch,Research/Academic,865
2024-05-26,CPU Interactive,Enterprise,2326
2024-05-26,CPU Interactive,Mid-Market,1415
2024-05-26,CPU Interactive,Startup,773
2024-05-26,CPU Interactive,Research/Academic,1475
2024-05-27,GPU Training,Enterprise,9262
2024-05-27,GPU Training,Mid-Market,3616
2024-05-27,GPU Training,Startup,2170
2024-05-27,GPU Training,Research/Academic,1791
2024-05-27,GPU Inference,Enterprise,7059
2024-05-27,GPU Inference,Mid-Market,3169
2024-05-27,GPU Inference,Startup,3501
2024-05-27,GPU Inference,Research/Academic,751
2024-05-27,CPU Batch,Enterprise,3921
2024-05-27,CPU Batch,Mid-Market,2346
2024-05-27,CPU Batch,Startup,731
2024-05-27,CPU Batch,Research/Academic,771
2024-05-27,CPU Interactive,Enterprise,2665
2024-05-27,CPU Interactive,Mid-Market,1507
2024-05-27,CPU Interactive,Startup,1019
2024-05-27,CPU Interactive,Research/Academic,1208
2024-05-28,GPU Training,Enterprise,18587
2024-05-28,GPU Training,Mid-Market,6274
2024-05-28,GPU Training,Startup,2815
2024-05-28,GPU Training,Research/Academic,3972
2024-05-28,GPU Inference,Enterprise,14340
2024-05-28,GPU Inference,Mid-Market,6451
2024-05-28,GPU Inference,Startup,3459
2024-05-28,GPU Inference,Research/Academic,1464
2024-05-28,CPU Batch,Enterprise,7104
2024-05-28,CPU Batch,Mid-Market,3189
2024-05-28,CPU Batch,Startup,913
2024-05-28,CPU Batch,Research/Academic,1521
2024-05-28,CPU Interactive,Enterprise,4964
2024-05-28,CPU Interactive,Mid-Market,2894
2024-05-28,CPU Interactive,Startup,2106
2024-05-28,CPU Interactive,Research/Academic,2657
2024-05-29,GPU Training,Enterprise,19513
2024-05-29,GPU Training,Mid-Market,6926
2024-05-29,GPU Training,Startup,3103
2024-05-29,GPU Training,Research/Academic,3944
2024-05-29,GPU Inference,Enterprise,14499
2024-05-29,GPU Inference,Mid-Market,6813
2024-05-29,GPU Inference,Startup,5130
2024-05-29,GPU Inference,Research/Academic,1357
2024-05-29,CPU Batch,Enterprise,7339
2024-05-29,CPU Batch,Mid-Market,3887
2024-05-29,CPU Batch,Startup,1056
2024-05-29,CPU Batch,Research/Academic,1833
2024-05-29,CPU Interactive,Enterprise,5185
2024-05-29,CPU Interactive,Mid-Market,2717
2024-05-29,CPU Interactive,Startup,1740
2024-05-29,CPU Interactive,Research/Academic,2502
2024-05-30,GPU Training,Enterprise,19058
2024-05-30,GPU Training,Mid-Market,6362
2024-05-30,GPU Training,Startup,2572
2024-05-30,GPU Training,Research/Academic,4285
2024-05-30,GPU Inference,Enterprise,14632
2024-05-30,GPU Inference,Mid-Market,6050
2024-05-30,GPU Inference,Startup,4208
2024-05-30,GPU Inference,Research/Academic,1513
2024-05-30,CPU Batch,Enterprise,7398
2024-05-30,CPU Batch,Mid-Market,3448
2024-05-30,CPU Batch,Startup,1017
2024-05-30,CPU Batch,Research/Academic,1795
2024-05-30,CPU Interactive,Enterprise,4892
2024-05-30,CPU Interactive,Mid-Market,2741
2024-05-30,CPU Interactive,Startup,1673
2024-05-30,CPU Interactive,Research/Academic,2988
2024-05-31,GPU Training,Enterprise,17900
2024-05-31,GPU Training,Mid-Market,6431
2024-05-31,GPU Training,Startup,3570
2024-05-31,GPU Training,Research/Academic,3555
2024-05-31,GPU Inference,Enterprise,13851
2024-05-31,GPU Inference,Mid-Market,6658
2024-05-31,GPU Inference,Startup,4028
2024-05-31,GPU Inference,Research/Academic,1630
2024-05-31,CPU Batch,Enterprise,6917
2024-05-31,CPU Batch,Mid-Market,4025
2024-05-31,CPU Batch,Startup,1083
2024-05-31,CPU Batch,Research/Academic,1668
2024-05-31,CPU Interactive,Enterprise,4816
2024-05-31,CPU Interactive,Mid-Market,2407
2024-05-31,CPU Interactive,Startup,1624
2024-05-31,CPU Interactive,Research/Academic,2963
2024-06-01,GPU Training,Enterprise,14752
2024-06-01,GPU Training,Mid-Market,5035
2024-06-01,GPU Training,Startup,2224
2024-06-01,GPU Training,Research/Academic,3190
2024-06-01,GPU Inference,Enterprise,10666
2024-06-01,GPU Inference,Mid-Market,4101
2024-06-01,GPU Inference,Startup,2948
2024-06-01,GPU Inference,Research/Academic,1077
2024-06-01,CPU Batch,Enterprise,5196
2024-06-01,CPU Batch,Mid-Market,2721
2024-06-01,CPU Batch,Startup,602
2024-06-01,CPU Batch,Research/Academic,1126
2024-06-01,CPU Interactive,Enterprise,2725
2024-06-01,CPU Interactive,Mid-Market,1446
2024-06-01,CPU Interactive,Startup,1143
2024-06-01,CPU Interactive,Research/Academic,1441
2024-06-02,GPU Training,Enterprise,12978
2024-06-02,GPU Training,Mid-Market,4559
2024-06-02,GPU Training,Startup,2226
2024-06-02,GPU Training,Research/Academic,2904
2024-06-02,GPU Inference,Enterprise,9340
2024-06-02,GPU Inference,Mid-Market,4218
2024-06-02,GPU Inference,Startup,2338
2024-06-02,GPU Inference,Research/Academic,1038
2024-06-02,CPU Batch,Enterprise,4139
2024-06-02,CPU Batch,Mid-Market,2267
2024-06-02,CPU Batch,Startup,512
2024-06-02,CPU Batch,Research/Academic,987
2024-06-02,CPU Interactive,Enterprise,2462
2024-06-02,CPU Interactive,Mid-Market,1378
2024-06-02,CPU Interactive,Startup,673
2024-06-02,CPU Interactive,Research/Academic,1396
2024-06-03,GPU Training,Enterprise,17690
2024-06-03,GPU Training,Mid-Market,6679
2024-06-03,GPU Training,Startup,3152
2024-06-03,GPU Training,Research/Academic,4085
2024-06-03,GPU Inference,Enterprise,13837
2024-06-03,GPU Inference,Mid-Market,6386
2024-06-03,GPU Inference,Startup,5244
2024-06-03,GPU Inference,Research/Academic,1273
2024-06-03,CPU Batch,Enterprise,7303
2024-06-03,CPU Batch,Mid-Market,3917
2024-06-03,CPU Batch,Startup,989
2024-06-03,CPU Batch,Research/Academic,1522
2024-06-03,CPU Interactive,Enterprise,5068
2024-06-03,CPU Interactive,Mid-Market,2338
2024-06-03,CPU Interactive,Startup,1594
2024-06-03,CPU Interactive,Research/Academic,2777
2024-06-04,GPU Training,Enterprise,19976
2024-06-04,GPU Training,Mid-Market,6484
2024-06-04,GPU Training,Startup,2781
2024-06-04,GPU Training,Research/Academic,3901
2024-06-04,GPU Inference,Enterprise,15469
2024-06-04,GPU Inference,Mid-Market,7385
2024-06-04,GPU Inference,Startup,3910
2024-06-04,GPU Inference,Research/Academic,1564
2024-06-04,CPU Batch,Enterprise,7026
2024-06-04,CPU Batch,Mid-Market,4050
2024-06-04,CPU Batch,Startup,939
2024-06-04,CPU Batch,Research/Academic,1635
2024-06-04,CPU Interactive,Enterprise,5150
2024-06-04,CPU Interactive,Mid-Market,2733
2024-06-04,CPU Interactive,Startup,1830
2024-06-04,CPU Interactive,Research/Academic,3127
2024-06-05,GPU Training,Enterprise,20346
2024-06-05,GPU Training,Mid-Market,6473
2024-06-05,GPU Training,Startup,3455
2024-06-05,GPU Training,Research/Academic,4039
2024-06-05,GPU Inference,Enterprise,16028
2024-06-05,GPU Inference,Mid-Market,6168
2024-06-05,GPU Inference,Startup,3984
2024-06-05,GPU Inference,Research/Academic,1565
2024-06-05,CPU Batch,Enterprise,7952
2024-06-05,CPU Batch,Mid-Market,3925
2024-06-05,CPU Batch,Startup,1056
2024-06-05,CPU Batch,Research/Academic,1656
2024-06-05,CPU Interactive,Enterprise,5869
2024-06-05,CPU Interactive,Mid-Market,2652
2024-06-05,CPU Interactive,Startup,1674
2024-06-05,CPU Interactive,Research/Academic,3266
2024-06-06,GPU Training,Enterprise,18908
2024-06-06,GPU Training,Mid-Market,7774
2024-06-06,GPU Training,Startup,3417
2024-06-06,GPU Training,Research/Academic,4360
2024-06-06,GPU Inference,Enterprise,15663
2024-06-06,GPU Inference,Mid-Market,6418
2024-06-06,GPU Inference,Startup,4258
2024-06-06,GPU Inference,Research/Academic,1553
2024-06-06,CPU Batch,Enterprise,7263
2024-06-06,CPU Batch,Mid-Market,4017
2024-06-06,CPU Batch,Startup,1192
2024-06-06,CPU Batch,Research/Academic,1998
2024-06-06,CPU Interactive,Enterprise,5704
2024-06-06,CPU Interactive,Mid-Market,3124
2024-06-06,CPU Interactive,Startup,1811
2024-06-06,CPU Interactive,Research/Academic,3084
2024-06-07,GPU Training,Enterprise,19825
2024-06-07,GPU Training,Mid-Market,6612
2024-06-07,GPU Training,Startup,3129
2024-06-07,GPU Training,Research/Academic,3558
2024-06-07,GPU Inference,Enterprise,14117
2024-06-07,GPU Inference,Mid-Market,6481
2024-06-07,GPU Inference,Startup,5142
2024-06-07,GPU Inference,Research/Academic,1384
2024-06-07,CPU Batch,Enterprise,7544
2024-06-07,CPU Batch,Mid-Market,3637
2024-06-07,CPU Batch,Startup,1055
2024-06-07,CPU Batch,Research/Academic,1934
2024-06-07,CPU Interactive,Enterprise,5302
2024-06-07,CPU Interactive,Mid-Market,2829
2024-06-07,CPU Interactive,Startup,2156
2024-06-07,CPU Interactive,Research/Academic,2766
2024-06-08,GPU Training,Enterprise,14258
2024-06-08,GPU Training,Mid-Market,4925
2024-06-08,GPU Training,Startup,2242
2024-06-08,GPU Training,Research/Academic,2445
2024-06-08,GPU Inference,Enterprise,10149
2024-06-08,GPU Inference,Mid-Market,4177
2024-06-08,GPU Inference,Startup,3557
2024-06-08,GPU Inference,Research/Academic,1078
2024-06-08,CPU Batch,Enterprise,4781
2024-06-08,CPU Batch,Mid-Market,2624
2024-06-08,CPU Batch,Startup,766
2024-06-08,CPU Batch,Research/Academic,1083
2024-06-08,CPU Interactive,Enterprise,2781
2024-06-08,CPU Interactive,Mid-Market,1265
2024-06-08,CPU Interactive,Startup,832
2024-06-08,CPU Interactive,Research/Academic,1524
2024-06-09,GPU Training,Enterprise,13955
2024-06-09,GPU Training,Mid-Market,4550
2024-06-09,GPU Training,Startup,2040
2024-06-09,GPU Training,Research/Academic,2510
2024-06-09,GPU Inference,Enterprise,9313
2024-06-09,GPU Inference,Mid-Market,4042
2024-06-09,GPU Inference,Startup,3073
2024-06-09,GPU Inference,Research/Academic,947
2024-06-09,CPU Batch,Enterprise,3948
2024-06-09,CPU Batch,Mid-Market,2067
2024-06-09,CPU Batch,Startup,573
2024-06-09,CPU Batch,Research/Academic,956
2024-06-09,CPU Interactive,Enterprise,2454
2024-06-09,CPU Interactive,Mid-Market,1409
2024-06-09,CPU Interactive,Startup,902
2024-06-09,CPU Interactive,Research/Academic,1288
2024-06-10,GPU Training,Enterprise,19075
2024-06-10,GPU Training,Mid-Market,6784
2024-06-10,GPU Training,Startup,2629
2024-06-10,GPU Training,Research/Academic,3951
2024-06-10,GPU Inference,Enterprise,14154
2024-06-10,GPU Inference,Mid-Market,5476
2024-06-10,GPU Inference,Startup,4767
2024-06-10,GPU Inference,Research/Academic,1482
2024-06-10,CPU Batch,Enterprise,7076
2024-06-10,CPU Batch,Mid-Market,3662
2024-06-10,CPU Batch,Startup,939
2024-06-10,CPU Batch,Research/Academic,1762
2024-06-10,CPU Interactive,Enterprise,4886
2024-06-10,CPU Interactive,Mid-Market,2582
2024-06-10,CPU Interactive,Startup,1709
2024-06-10,CPU Interactive,Research/Academic,2542
2024-06-11,GPU Training,Enterprise,18821
2024-06-11,GPU Training,Mid-Market,5840
2024-06-11,GPU Training,Startup,3258
2024-06-11,GPU Training,Research/Academic,3519
2024-06-11,GPU Inference,Enterprise,15053
2024-06-11,GPU Inference,Mid-Market,6522
2024-06-11,GPU Inference,Startup,5104
2024-06-11,GPU Inference,Research/Academic,1389
2024-06-11,CPU Batch,Enterprise,7333
2024-06-11,CPU Batch,Mid-Market,4250
2024-06-11,CPU Batch,Startup,1295
2024-06-11,CPU Batch,Research/Academic,1869
2024-06-11,CPU Interactive,Enterprise,5360
2024-06-11,CPU Interactive,Mid-Market,2570
2024-06-11,CPU Interactive,Startup,1928
2024-06-11,CPU Interactive,Research/Academic,2974
2024-06-12,GPU Training,Enterprise,20913
2024-06-12,GPU Training,Mid-Market,6839
2024-06-12,GPU Training,Startup,3128
2024-06-12,GPU Training,Research/Academic,4117
2024-06-12,GPU Inference,Enterprise,15571
2024-06-12,GPU Inference,Mid-Market,6776
2024-06-12,GPU Inference,Startup,4565
2024-06-12,GPU Inference,Research/Academic,1413
2024-06-12,CPU Batch,Enterprise,8073
2024-06-12,CPU Batch,Mid-Market,4631
2024-06-12,CPU Batch,Startup,1145
2024-06-12,CPU Batch,Research/Academic,1598
2024-06-12,CPU Interactive,Enterprise,5320
2024-06-12,CPU Interactive,Mid-Market,2965
2024-06-12,CPU Interactive,Startup,2157
2024-06-12,CPU Interactive,Research/Academic,2835
2024-06-13,GPU Training,Enterprise,20362
2024-06-13,GPU Training,Mid-Market,7254
2024-06-13,GPU Training,Startup,3547
2024-06-13,GPU Training,Research/Academic,3954
2024-06-13,GPU Inference,Enterprise,14500
2024-06-13,GPU Inference,Mid-Market,6847
2024-06-13,GPU Inference,Startup,5611
2024-06-13,GPU Inference,Research/Academic,1564
2024-06-13,CPU Batch,Enterprise,7690
2024-06-13,CPU Batch,Mid-Market,3765
2024-06-13,CPU Batch,Startup,981
2024-06-13,CPU Batch,Research/Academic,1929
2024-06-13,CPU Interactive,Enterprise,5724
2024-06-13,CPU Interactive,Mid-Market,3042
2024-06-13,CPU Interactive,Startup,2259
2024-06-13,CPU Interactive,Research/Academic,2948
2024-06-14,GPU Training,Enterprise,19120
2024-06-14,GPU Training,Mid-Market,6912
2024-06-14,GPU Training,Startup,2855
2024-06-14,GPU Training,Research/Academic,4131
2024-06-14,GPU Inference,Enterprise,14627
2024-06-14,GPU Inference,Mid-Market,5840
2024-06-14,GPU Inference,Startup,4722
2024-06-14,GPU Inference,Research/Academic,1523
2024-06-14,CPU Batch,Enterprise,7639
2024-06-14,CPU Batch,Mid-Market,3891
2024-06-14,CPU Batch,Startup,1116
2024-06-14,CPU Batch,Research/Academic,1773
2024-06-14,CPU Interactive,Enterprise,5109
2024-06-14,CPU Interactive,Mid-Market,2554
2024-06-14,CPU Interactive,Startup,1785
2024-06-14,CPU Interactive,Research/Academic,2852
2024-06-15,GPU Training,Enterprise,15945
2024-06-15,GPU Training,Mid-Market,5726
2024-06-15,GPU Training,Startup,2515
2024-06-15,GPU Training,Research/Academic,3048
2024-06-15,GPU Inference,Enterprise,10277
2024-06-15,GPU Inference,Mid-Market,4012
2024-06-15,GPU Inference,Startup,3197
2024-06-15,GPU Inference,Research/Academic,1059
2024-06-15,CPU Batch,Enterprise,4952
2024-06-15,CPU Batch,Mid-Market,2609
2024-06-15,CPU Batch,Startup,787
2024-06-15,CPU Batch,Research/Academic,1090
2024-06-15,CPU Interactive,Enterprise,2768
2024-06-15,CPU Interactive,Mid-Market,1643
2024-06-15,CPU Interactive,Startup,1045
2024-06-15,CPU Interactive,Research/Academic,1569
2024-06-16,GPU Training,Enterprise,13921
2024-06-16,GPU Training,Mid-Market,4856
2024-06-16,GPU Training,Startup,2196
2024-06-16,GPU Training,Research/Academic,2880
2024-06-16,GPU Inference,Enterprise,10315
2024-06-16,GPU Inference,Mid-Market,4015
2024-06-16,GPU Inference,Startup,3213
2024-06-16,GPU Inference,Research/Academic,829
2024-06-16,CPU Batch,Enterprise,4126
2024-06-16,CPU Batch,Mid-Market,2359
2024-06-16,CPU Batch,Startup,634
2024-06-16,CPU Batch,Research/Academic,695
2024-06-16,CPU Interactive,Enterprise,2521
2024-06-16,CPU Interactive,Mid-Market,1464
2024-06-16,CPU Interactive,Startup,647
2024-06-16,CPU Interactive,Research/Academic,1576
2024-06-17,GPU Training,Enterprise,16697
2024-06-17,GPU Training,Mid-Market,6971
2024-06-17,GPU Training,Startup,2917
2024-06-17,GPU Training,Research/Academic,3064
2024-06-17,GPU Inference,Enterprise,14614
2024-06-17,GPU Inference,Mid-Market,6616
2024-06-17,GPU Inference,Startup,4779
2024-06-17,GPU Inference,Research/Academic,1530
2024-06-17,CPU Batch,Enterprise,7037
2024-06-17,CPU Batch,Mid-Market,3231
2024-06-17,CPU Batch,Startup,1116
2024-06-17,CPU Batch,Research/Academic,1931
2024-06-17,CPU Interactive,Enterprise,5136
2024-06-17,CPU Interactive,Mid-Market,2229
2024-06-17,CPU Interactive,Startup,1372
2024-06-17,CPU Interactive,Research/Academic,2609
2024-06-18,GPU Training,Enterprise,18391
2024-06-18,GPU Training,Mid-Market,6881
2024-06-18,GPU Training,Startup,3219
2024-06-18,GPU Training,Research/Academic,3464
2024-06-18,GPU Inference,Enterprise,15566
2024-06-18,GPU Inference,Mid-Market,6694
2024-06-18,GPU Inference,Startup,4506
2024-06-18,GPU Inference,Research/Academic,1513
2024-06-18,CPU Batch,Enterprise,6814
2024-06-18,CPU Batch,Mid-Market,3704
2024-06-18,CPU Batch,Startup,1059
2024-06-18,CPU Batch,Research/Academic,1752
2024-06-18,CPU Interactive,Enterprise,5385
2024-06-18,CPU Interactive,Mid-Market,2816
2024-06-18,CPU Interactive,Startup,1723
2024-06-18,CPU Interactive,Research/Academic,3085
2024-06-19,GPU Training,Enterprise,21389
2024-06-19,GPU Training,Mid-Market,7145
2024-06-19,GPU Training,Startup,3345
2024-06-19,GPU Training,Research/Academic,4010
2024-06-19,GPU Inference,Enterprise,15141
2024-06-19,GPU Inference,Mid-Market,6858
2024-06-19,GPU Inference,Startup,4640
2024-06-19,GPU Inference,Research/Academic,1628
2024-06-19,CPU Batch,Enterprise,7588
2024-06-19,CPU Batch,Mid-Market,3818
2024-06-19,CPU Batch,Startup,1047
2024-06-19,CPU Batch,Research/Academic,1707
2024-06-19,CPU Interactive,Enterprise,5152
2024-06-19,CPU Interactive,Mid-Market,2950
2024-06-19,CPU Interactive,Startup,1897
2024-06-19,CPU Interactive,Research/Academic,3347
2024-06-20,GPU Training,Enterprise,20130
2024-06-20,GPU Training,Mid-Market,8221
2024-06-20,GPU Training,Startup,3081
2024-06-20,GPU Training,Research/Academic,3796
2024-06-20,GPU Inference,Enterprise,14949
2024-06-20,GPU Inference,Mid-Market,5864
2024-06-20,GPU Inference,Startup,5972
2024-06-20,GPU Inference,Research/Academic,1762
2024-06-20,CPU Batch,Enterprise,7766
2024-06-20,CPU Batch,Mid-Market,3665
2024-06-20,CPU Batch,Startup,1354
2024-06-20,CPU Batch,Research/Academic,1729
2024-06-20,CPU Interactive,Enterprise,5592
2024-06-20,CPU Interactive,Mid-Market,3263
2024-06-20,CPU Interactive,Startup,2052
2024-06-20,CPU Interactive,Research/Academic,3830
2024-06-21,GPU Training,Enterprise,21425
2024-06-21,GPU Training,Mid-Market,7225
2024-06-21,GPU Training,Startup,3092
2024-06-21,GPU Training,Research/Academic,3621
2024-06-21,GPU Inference,Enterprise,15861
2024-06-21,GPU Inference,Mid-Market,7398
2024-06-21,GPU Inference,Startup,5510
2024-06-21,GPU Inference,Research/Academic,1629
2024-06-21,CPU Batch,Enterprise,7652
2024-06-21,CPU Batch,Mid-Market,4164
2024-06-21,CPU Batch,Startup,1292
2024-06-21,CPU Batch,Research/Academic,1933
2024-06-21,CPU Interactive,Enterprise,5613
2024-06-21,CPU Interactive,Mid-Market,2753
2024-06-21,CPU Interactive,Startup,2076
2024-06-21,CPU Interactive,Research/Academic,2465
2024-06-22,GPU Training,Enterprise,16423
2024-06-22,GPU Training,Mid-Market,6782
2024-06-22,GPU Training,Startup,2118
2024-06-22,GPU Training,Research/Academic,3138
2024-06-22,GPU Inference,Enterprise,11220
2024-06-22,GPU Inference,Mid-Market,4628
2024-06-22,GPU Inference,Startup,4067
2024-06-22,GPU Inference,Research/Academic,1181
2024-06-22,CPU Batch,Enterprise,5342
2024-06-22,CPU Batch,Mid-Market,2890
2024-06-22,CPU Batch,Startup,765
2024-06-22,CPU Batch,Research/Academic,1606
2024-06-22,CPU Interactive,Enterprise,3100
2024-06-22,CPU Interactive,Mid-Market,1631
2024-06-22,CPU Interactive,Startup,842
2024-06-22,CPU Interactive,Research/Academic,1675
2024-06-23,GPU Training,Enterprise,15886
2024-06-23,GPU Training,Mid-Market,4841
2024-06-23,GPU Training,Startup,1839
2024-06-23,GPU Training,Research/Academic,3008
2024-06-23,GPU Inference,Enterprise,10716
2024-06-23,GPU Inference,Mid-Market,4334
2024-06-23,GPU Inference,Startup,3120
2024-06-23,GPU Inference,Research/Academic,885
2024-06-23,CPU Batch,Enterprise,4636
2024-06-23,CPU Batch,Mid-Market,2455
2024-06-23,CPU Batch,Startup,529
2024-06-23,CPU Batch,Research/Academic,1169
2024-06-23,CPU Interactive,Enterprise,2740
2024-06-23,CPU Interactive,Mid-Market,1502
2024-06-23,CPU Interactive,Startup,957
2024-06-23,CPU Interactive,Research/Academic,1590
2024-06-24,GPU Training,Enterprise,20671
2024-06-24,GPU Training,Mid-Market,7539
2024-06-24,GPU Training,Startup,2557
2024-06-24,GPU Training,Research/Academic,3548
2024-06-24,GPU Inference,Enterprise,15170
2024-06-24,GPU Inference,Mid-Market,6598
2024-06-24,GPU Inference,Startup,5246
2024-06-24,GPU Inference,Research/Academic,1623
2024-06-24,CPU Batch,Enterprise,8095
2024-06-24,CPU Batch,Mid-Market,4319
2024-06-24,CPU Batch,Startup,1003
2024-06-24,CPU Batch,Research/Academic,1849
2024-06-24,CPU Interactive,Enterprise,5140
2024-06-24,CPU Interactive,Mid-Market,2741
2024-06-24,CPU Interactive,Startup,1856
2024-06-24,CPU Interactive,Research/Academic,2297
2024-06-25,GPU Training,Enterprise,23425
2024-06-25,GPU Training,Mid-Market,7757
2024-06-25,GPU Training,Startup,3113
2024-06-25,GPU Training,Research/Academic,4902
2024-06-25,GPU Inference,Enterprise,16196
2024-06-25,GPU Inference,Mid-Market,7066
2024-06-25,GPU Inference,Startup,4969
2024-06-25,GPU Inference,Research/Academic,1896
2024-06-25,CPU Batch,Enterprise,7938
2024-06-25,CPU Batch,Mid-Market,4147
2024-06-25,CPU Batch,Startup,1325
2024-06-25,CPU Batch,Research/Academic,1958
2024-06-25,CPU Interactive,Enterprise,5732
2024-06-25,CPU Interactive,Mid-Market,3243
2024-06-25,CPU Interactive,Startup,2618
2024-06-25,CPU Interactive,Research/Academic,3343
2024-06-26,GPU Training,Enterprise,22404
2024-06-26,GPU Training,Mid-Market,7911
2024-06-26,GPU Training,Startup,4105
2024-06-26,GPU Training,Research/Academic,4197
2024-06-26,GPU Inference,Enterprise,16723
2024-06-26,GPU Inference,Mid-Market,6475
2024-06-26,GPU Inference,Startup,4710
2024-06-26,GPU Inference,Research/Academic,1640
2024-06-26,CPU Batch,Enterprise,8183
2024-06-26,CPU Batch,Mid-Market,4780
2024-06-26,CPU Batch,Startup,1259
2024-06-26,CPU Batch,Research/Academic,1786
2024-06-26,CPU Interactive,Enterprise,5789
2024-06-26,CPU Interactive,Mid-Market,3428
2024-06-26,CPU Interactive,Startup,2293
2024-06-26,CPU Interactive,Research/Academic,3388
2024-06-27,GPU Training,Enterprise,21924
2024-06-27,GPU Training,Mid-Market,8465
2024-06-27,GPU Training,Startup,3117
2024-06-27,GPU Training,Research/Academic,4544
2024-06-27,GPU Inference,Enterprise,18540
2024-06-27,GPU Inference,Mid-Market,7326
2024-06-27,GPU Inference,Startup,4956
2024-06-27,GPU Inference,Research/Academic,1767
2024-06-27,CPU Batch,Enterprise,8051
2024-06-27,CPU Batch,Mid-Market,3832
2024-06-27,CPU Batch,Startup,1284
2024-06-27,CPU Batch,Research/Academic,2102
2024-06-27,CPU Interactive,Enterprise,6047
2024-06-27,CPU Interactive,Mid-Market,3115
2024-06-27,CPU Interactive,Startup,1834
2024-06-27,CPU Interactive,Research/Academic,3430
2024-06-28,GPU Training,Enterprise,20842
2024-06-28,GPU Training,Mid-Market,6965
2024-06-28,GPU Training,Startup,4212
2024-06-28,GPU Training,Research/Academic,4365
2024-06-28,GPU Inference,Enterprise,16537
2024-06-28,GPU Inference,Mid-Market,7337
2024-06-28,GPU Inference,Startup,5701
2024-06-28,GPU Inference,Research/Academic,1578
2024-06-28,CPU Batch,Enterprise,8066
2024-06-28,CPU Batch,Mid-Market,4032
2024-06-28,CPU Batch,Startup,1211
2024-06-28,CPU Batch,Research/Academic,1920
2024-06-28,CPU Interactive,Enterprise,5507
2024-06-28,CPU Interactive,Mid-Market,2663
2024-06-28,CPU Interactive,Startup,1914
2024-06-28,CPU Interactive,Research/Academic,3119
2024-06-29,GPU Training,Enterprise,15068
2024-06-29,GPU Training,Mid-Market,5907
2024-06-29,GPU Training,Startup,2875
2024-06-29,GPU Training,Research/Academic,3923
2024-06-29,GPU Inference,Enterprise,11135
2024-06-29,GPU Inference,Mid-Market,4649
2024-06-29,GPU Inference,Startup,3186
2024-06-29,GPU Inference,Research/Academic,1160
2024-06-29,CPU Batch,Enterprise,5364
2024-06-29,CPU Batch,Mid-Market,2589
2024-06-29,CPU Batch,Startup,750
2024-06-29,CPU Batch,Research/Academic,1063
2024-06-29,CPU Interactive,Enterprise,3207
2024-06-29,CPU Interactive,Mid-Market,1530
2024-06-29,CPU Interactive,Startup,1035
2024-06-29,CPU Interactive,Research/Academic,1563
2024-06-30,GPU Training,Enterprise,14895
2024-06-30,GPU Training,Mid-Market,5245
2024-06-30,GPU Training,Startup,2400
2024-06-30,GPU Training,Research/Academic,3123
2024-06-30,GPU Inference,Enterprise,10828
2024-06-30,GPU Inference,Mid-Market,4594
2024-06-30,GPU Inference,Startup,3695
2024-06-30,GPU Inference,Research/Academic,1157
2024-06-30,CPU Batch,Enterprise,4667
2024-06-30,CPU Batch,Mid-Market,2343
2024-06-30,CPU Batch,Startup,741
2024-06-30,CPU Batch,Research/Academic,1164
2024-06-30,CPU Interactive,Enterprise,2735
2024-06-30,CPU Interactive,Mid-Market,1258
2024-06-30,CPU Interactive,Startup,811
2024-06-30,CPU Interactive,Research/Academic,1477
2024-07-01,GPU Training,Enterprise,17049
2024-07-01,GPU Training,Mid-Market,5790
2024-07-01,GPU Training,Startup,2987
2024-07-01,GPU Training,Research/Academic,3617
2024-07-01,GPU Inference,Enterprise,13418
2024-07-01,GPU Inference,Mid-Market,5944
2024-07-01,GPU Inference,Startup,3640
2024-07-01,GPU Inference,Research/Academic,1339
2024-07-01,CPU Batch,Enterprise,6150
2024-07-01,CPU Batch,Mid-Market,2892
2024-07-01,CPU Batch,Startup,877
2024-07-01,CPU Batch,Research/Academic,1640
2024-07-01,CPU Interactive,Enterprise,4413
2024-07-01,CPU Interactive,Mid-Market,2608
2024-07-01,CPU Interactive,Startup,1490
2024-07-01,CPU Interactive,Research/Academic,2985
2024-07-02,GPU Training,Enterprise,17488
2024-07-02,GPU Training,Mid-Market,6104
2024-07-02,GPU Training,Startup,2350
2024-07-02,GPU Training,Research/Academic,3737
2024-07-02,GPU Inference,Enterprise,13177
2024-07-02,GPU Inference,Mid-Market,5489
2024-07-02,GPU Inference,Startup,5058
2024-07-02,GPU Inference,Research/Academic,1484
2024-07-02,CPU Batch,Enterprise,6789
2024-07-02,CPU Batch,Mid-Market,3259
2024-07-02,CPU Batch,Startup,929
2024-07-02,CPU Batch,Research/Academic,1511
2024-07-02,CPU Interactive,Enterprise,4829
2024-07-02,CPU Interactive,Mid-Market,2728
2024-07-02,CPU Interactive,Startup,1647
2024-07-02,CPU Interactive,Research/Academic,3104
2024-07-03,GPU Training,Enterprise,18869
2024-07-03,GPU Training,Mid-Market,6286
2024-07-03,GPU Training,Startup,3174
2024-07-03,GPU Training,Research/Academic,4107
2024-07-03,GPU Inference,Enterprise,14995
2024-07-03,GPU Inference,Mid-Market,6429
2024-07-03,GPU Inference,Startup,4483
2024-07-03,GPU Inference,Research/Academic,1368
2024-07-03,CPU Batch,Enterprise,6831
2024-07-03,CPU Batch,Mid-Market,3867
2024-07-03,CPU Batch,Startup,1013
2024-07-03,CPU Batch,Research/Academic,1620
2024-07-03,CPU Interactive,Enterprise,4866
2024-07-03,CPU Interactive,Mid-Market,2481
2024-07-03,CPU Interactive,Startup,1604
2024-07-03,CPU Interactive,Research/Academic,2779
2024-07-04,GPU Training,Enterprise,10732
2024-07-04,GPU Training,Mid-Market,3774
2024-07-04,GPU Training,Startup,2172
2024-07-04,GPU Training,Research/Academic,1672
2024-07-04,GPU Inference,Enterprise,7844
2024-07-04,GPU Inference,Mid-Market,3912
2024-07-04,GPU Inference,Startup,4081
2024-07-04,GPU Inference,Research/Academic,708
2024-07-04,CPU Batch,Enterprise,3758
2024-07-04,CPU Batch,Mid-Market,2042
2024-07-04,CPU Batch,Startup,769
2024-07-04,CPU Batch,Research/Academic,801
2024-07-04,CPU Interactive,Enterprise,2750
2024-07-04,CPU Interactive,Mid-Market,1580
2024-07-04,CPU Interactive,Startup,1331
2024-07-04,CPU Interactive,Research/Academic,1379
2024-07-05,GPU Training,Enterprise,17232
2024-07-05,GPU Training,Mid-Market,6886
2024-07-05,GPU Training,Startup,3807
2024-07-05,GPU Training,Research/Academic,3108
2024-07-05,GPU Inference,Enterprise,12581
2024-07-05,GPU Inference,Mid-Market,5292
2024-07-05,GPU Inference,Startup,4226
2024-07-05,GPU Inference,Research/Academic,1428
2024-07-05,CPU Batch,Enterprise,6649
2024-07-05,CPU Batch,Mid-Market,3387
2024-07-05,CPU Batch,Startup,998
2024-07-05,CPU Batch,Research/Academic,1437
2024-07-05,CPU Interactive,Enterprise,4512
2024-07-05,CPU Interactive,Mid-Market,2379
2024-07-05,CPU Interactive,Startup,1270
2024-07-05,CPU Interactive,Research/Academic,2349
2024-07-06,GPU Training,Enterprise,12684
2024-07-06,GPU Training,Mid-Market,4916
2024-07-06,GPU Training,Startup,2160
2024-07-06,GPU Training,Research/Academic,2738
2024-07-06,GPU Inference,Enterprise,8602
2024-07-06,GPU Inference,Mid-Market,3570
2024-07-06,GPU Inference,Startup,3245
2024-07-06,GPU Inference,Research/Academic,744
2024-07-06,CPU Batch,Enterprise,4548
2024-07-06,CPU Batch,Mid-Market,1964
2024-07-06,CPU Batch,Startup,691
2024-07-06,CPU Batch,Research/Academic,943
2024-07-06,CPU Interactive,Enterprise,2626
2024-07-06,CPU Interactive,Mid-Market,1649
2024-07-06,CPU Interactive,Startup,646
2024-07-06,CPU Interactive,Research/Academic,1506
2024-07-07,GPU Training,Enterprise,11577
2024-07-07,GPU Training,Mid-Market,4505
2024-07-07,GPU Training,Startup,1921
2024-07-07,GPU Training,Research/Academic,2471
2024-07-07,GPU Inference,Enterprise,8069
2024-07-07,GPU Inference,Mid-Market,3782
2024-07-07,GPU Inference,Startup,2278
2024-07-07,GPU Inference,Research/Academic,927
2024-07-07,CPU Batch,Enterprise,3653
2024-07-07,CPU Batch,Mid-Market,1735
2024-07-07,CPU Batch,Startup,648
2024-07-07,CPU Batch,Research/Academic,864
2024-07-07,CPU Interactive,Enterprise,2344
2024-07-07,CPU Interactive,Mid-Market,1237
2024-07-07,CPU Interactive,Startup,665
2024-07-07,CPU Interactive,Research/Academic,1220
2024-07-08,GPU Training,Enterprise,16687
2024-07-08,GPU Training,Mid-Market,6493
2024-07-08,GPU Training,Startup,2770
2024-07-08,GPU Training,Research/Academic,3308
2024-07-08,GPU Inference,Enterprise,12786
2024-07-08,GPU Inference,Mid-Market,5497
2024-07-08,GPU Inference,Startup,4886
2024-07-08,GPU Inference,Research/Academic,1292
2024-07-08,CPU Batch,Enterprise,6215
2024-07-08,CPU Batch,Mid-Market,3128
2024-07-08,CPU Batch,Startup,852
2024-07-08,CPU Batch,Research/Academic,1319
2024-07-08,CPU Interactive,Enterprise,4216
2024-07-08,CPU Interactive,Mid-Market,2524
2024-07-08,CPU Interactive,Startup,1430
2024-07-08,CPU Interactive,Research/Academic,2599
2024-07-09,GPU Training,Enterprise,15801
2024-07-09,GPU Training,Mid-Market,6381
2024-07-09,GPU Training,Startup,2710
2024-07-09,GPU Training,Research/Academic,3296
2024-07-09,GPU Inference,Enterprise,13646
2024-07-09,GPU Inference,Mid-Market,5603
2024-07-09,GPU Inference,Startup,3407
2024-07-09,GPU Inference,Research/Academic,1461
2024-07-09,CPU Batch,Enterprise,6565
2024-07-09,CPU Batch,Mid-Market,3278
2024-07-09,CPU Batch,Startup,835
2024-07-09,CPU Batch,Research/Academic,1351
2024-07-09,CPU Interactive,Enterprise,4737
2024-07-09,CPU Interactive,Mid-Market,2750
2024-07-09,CPU Interactive,Startup,1623
2024-07-09,CPU Interactive,Research/Academic,2376
2024-07-10,GPU Training,Enterprise,18457
2024-07-10,GPU Training,Mid-Market,6406
2024-07-10,GPU Training,Startup,3215
2024-07-10,GPU Training,Research/Academic,3768
2024-07-10,GPU Inference,Enterprise,12380
2024-07-10,GPU Inference,Mid-Market,6208
2024-07-10,GPU Inference,Startup,4016
2024-07-10,GPU Inference,Research/Academic,1246
2024-07-10,CPU Batch,Enterprise,6638
2024-07-10,CPU Batch,Mid-Market,3549
2024-07-10,CPU Batch,Startup,793
2024-07-10,CPU Batch,Research/Academic,1654
2024-07-10,CPU Interactive,Enterprise,5021
2024-07-10,CPU Interactive,Mid-Market,2557
2024-07-10,CPU Interactive,Startup,1482
2024-07-10,CPU Interactive,Research/Academic,2545
2024-07-11,GPU Training,Enterprise,19071
2024-07-11,GPU Training,Mid-Market,5790
2024-07-11,GPU Training,Startup,3297
2024-07-11,GPU Training,Research/Academic,3543
2024-07-11,GPU Inference,Enterprise,13912
2024-07-11,GPU Inference,Mid-Market,5309
2024-07-11,GPU Inference,Startup,4459
2024-07-11,GPU Inference,Research/Academic,1467
2024-07-11,CPU Batch,Enterprise,6342
2024-07-11,CPU Batch,Mid-Market,3572
2024-07-11,CPU Batch,Startup,976
2024-07-11,CPU Batch,Research/Academic,1485
2024-07-11,CPU Interactive,Enterprise,5177
2024-07-11,CPU Interactive,Mid-Market,2244
2024-07-11,CPU Interactive,Startup,1761
2024-07-11,CPU Interactive,Research/Academic,3217
2024-07-12,GPU Training,Enterprise,18521
2024-07-12,GPU Training,Mid-Market,6319
2024-07-12,GPU Training,Startup,2674
2024-07-12,GPU Training,Research/Academic,3258
2024-07-12,GPU Inference,Enterprise,13173
2024-07-12,GPU Inference,Mid-Market,5936
2024-07-12,GPU Inference,Startup,3936
2024-07-12,GPU Inference,Research/Academic,1416
2024-07-12,CPU Batch,Enterprise,7086
2024-07-12,CPU Batch,Mid-Market,3340
2024-07-12,CPU Batch,Startup,799
2024-07-12,CPU Batch,Research/Academic,1365
2024-07-12,CPU Interactive,Enterprise,4714
2024-07-12,CPU Interactive,Mid-Market,2382
2024-07-12,CPU Interactive,Startup,1715
2024-07-12,CPU Interactive,Research/Academic,2473
2024-07-13,GPU Training,Enterprise,13781
2024-07-13,GPU Training,Mid-Market,4637
2024-07-13,GPU Training,Startup,1937
2024-07-13,GPU Training,Research/Academic,2530
2024-07-13,GPU Inference,Enterprise,8895
2024-07-13,GPU Inference,Mid-Market,4598
2024-07-13,GPU Inference,Startup,3002
2024-07-13,GPU Inference,Research/Academic,981
2024-07-13,CPU Batch,Enterprise,4247
2024-07-13,CPU Batch,Mid-Market,2078
2024-07-13,CPU Batch,Startup,609
2024-07-13,CPU Batch,Research/Academic,1107
2024-07-13,CPU Interactive,Enterprise,2473
2024-07-13,CPU Interactive,Mid-Market,1244
2024-07-13,CPU Interactive,Startup,869
2024-07-13,CPU Interactive,Research/Academic,1484
2024-07-14,GPU Training,Enterprise,13356
2024-07-14,GPU Training,Mid-Market,4510
2024-07-14,GPU Training,Startup,2145
2024-07-14,GPU Training,Research/Academic,2595
2024-07-14,GPU Inference,Enterprise,8053
2024-07-14,GPU Inference,Mid-Market,3381
2024-07-14,GPU Inference,Startup,2412
2024-07-14,GPU Inference,Research/Academic,756
2024-07-14,CPU Batch,Enterprise,3840
2024-07-14,CPU Batch,Mid-Market,1958
2024-07-14,CPU Batch,Startup,542
2024-07-14,CPU Batch,Research/Academic,706
2024-07-14,CPU Interactive,Enterprise,2364
2024-07-14,CPU Interactive,Mid-Market,1071
2024-07-14,CPU Interactive,Startup,942
2024-07-14,CPU Interactive,Research/Academic,1095
2024-07-15,GPU Training,Enterprise,16153
2024-07-15,GPU Training,Mid-Market,5033
2024-07-15,GPU Training,Startup,2768
2024-07-15,GPU Training,Research/Academic,2991
2024-07-15,GPU Inference,Enterprise,12442
2024-07-15,GPU Inference,Mid-Market,5061
2024-07-15,GPU Inference,Startup,4649
2024-07-15,GPU Inference,Research/Academic,1371
2024-07-15,CPU Batch,Enterprise,6801
2024-07-15,CPU Batch,Mid-Market,3109
2024-07-15,CPU Batch,Startup,938
2024-07-15,CPU Batch,Research/Academic,1332
2024-07-15,CPU Interactive,Enterprise,4299
2024-07-15,CPU Interactive,Mid-Market,2200
2024-07-15,CPU Interactive,Startup,1558
2024-07-15,CPU Interactive,Research/Academic,2667
2024-07-16,GPU Training,Enterprise,18242
2024-07-16,GPU Training,Mid-Market,5817
2024-07-16,GPU Training,Startup,3141
2024-07-16,GPU Training,Research/Academic,3419
2024-07-16,GPU Inference,Enterprise,13476
2024-07-16,GPU Inference,Mid-Market,5575
2024-07-16,GPU Inference,Startup,4165
2024-07-16,GPU Inference,Research/Academic,1564
2024-07-16,CPU Batch,Enterprise,6594
2024-07-16,CPU Batch,Mid-Market,3401
2024-07-16,CPU Batch,Startup,912
2024-07-16,CPU Batch,Research/Academic,1849
2024-07-16,CPU Interactive,Enterprise,4960
2024-07-16,CPU Interactive,Mid-Market,2344
2024-07-16,CPU Interactive,Startup,1541
2024-07-16,CPU Interactive,Research/Academic,2611
2024-07-17,GPU Training,Enterprise,18488
2024-07-17,GPU Training,Mid-Market,6161
2024-07-17,GPU Training,Startup,3081
2024-07-17,GPU Training,Research/Academic,4038
2024-07-17,GPU Inference,Enterprise,13338
2024-07-17,GPU Inference,Mid-Market,5576
2024-07-17,GPU Inference,Startup,4332
2024-07-17,GPU Inference,Research/Academic,1352
2024-07-17,CPU Batch,Enterprise,7259
2024-07-17,CPU Batch,Mid-Market,3708
2024-07-17,CPU Batch,Startup,1085
2024-07-17,CPU Batch,Research/Academic,1532
2024-07-17,CPU Interactive,Enterprise,4829
2024-07-17,CPU Interactive,Mid-Market,2311
2024-07-17,CPU Interactive,Startup,1815
2024-07-17,CPU Interactive,Research/Academic,2865
2024-07-18,GPU Training,Enterprise,19364
2024-07-18,GPU Training,Mid-Market,6381
2024-07-18,GPU Training,Startup,2877
2024-07-18,GPU Training,Research/Academic,3646
2024-07-18,GPU Inference,Enterprise,14584
2024-07-18,GPU Inference,Mid-Market,5452
2024-07-18,GPU Inference,Startup,5024
2024-07-18,GPU Inference,Research/Academic,1398
2024-07-18,CPU Batch,Enterprise,6426
2024-07-18,CPU Batch,Mid-Market,2988
2024-07-18,CPU Batch,Startup,953
2024-07-18,CPU Batch,Research/Academic,1757
2024-07-18,CPU Interactive,Enterprise,5365
2024-07-18,CPU Interactive,Mid-Market,2694
2024-07-18,CPU Interactive,Startup,2149
2024-07-18,CPU Interactive,Research/Academic,2819
2024-07-19,GPU Training,Enterprise,18252
2024-07-19,GPU Training,Mid-Market,5995
2024-07-19,GPU Training,Startup,2629
2024-07-19,GPU Training,Research/Academic,3253
2024-07-19,GPU Inference,Enterprise,12373
2024-07-19,GPU Inference,Mid-Market,6316
2024-07-19,GPU Inference,Startup,4069
2024-07-19,GPU Inference,Research/Academic,1253
2024-07-19,CPU Batch,Enterprise,6219
2024-07-19,CPU Batch,Mid-Market,3315
2024-07-19,CPU Batch,Startup,1165
2024-07-19,CPU Batch,Research/Academic,1799
2024-07-19,CPU Interactive,Enterprise,4288
2024-07-19,CPU Interactive,Mid-Market,2342
2024-07-19,CPU Interactive,Startup,1370
2024-07-19,CPU Interactive,Research/Academic,2796
2024-07-20,GPU Training,Enterprise,13550
2024-07-20,GPU Training,Mid-Market,4513
2024-07-20,GPU Training,Startup,2152
2024-07-20,GPU Training,Research/Academic,2519
2024-07-20,GPU Inference,Enterprise,10030
2024-07-20,GPU Inference,Mid-Market,4198
2024-07-20,GPU Inference,Startup,3336
2024-07-20,GPU Inference,Research/Academic,755
2024-07-20,CPU Batch,Enterprise,4336
2024-07-20,CPU Batch,Mid-Market,2595
2024-07-20,CPU Batch,Startup,737
2024-07-20,CPU Batch,Research/Academic,875
2024-07-20,CPU Interactive,Enterprise,2501
2024-07-20,CPU Interactive,Mid-Market,1220
2024-07-20,CPU Interactive,Startup,1053
2024-07-20,CPU Interactive,Research/Academic,1455
2024-07-21,GPU Training,Enterprise,12187
2024-07-21,GPU Training,Mid-Market,4438
2024-07-21,GPU Training,Startup,1464
2024-07-21,GPU Training,Research/Academic,2250
2024-07-21,GPU Inference,Enterprise,8510
2024-07-21,GPU Inference,Mid-Market,3875
2024-07-21,GPU Inference,Startup,2206
2024-07-21,GPU Inference,Research/Academic,819
2024-07-21,CPU Batch,Enterprise,3881
2024-07-21,CPU Batch,Mid-Market,1737
2024-07-21,CPU Batch,Startup,554
2024-07-21,CPU Batch,Research/Academic,874
2024-07-21,CPU Interactive,Enterprise,2339
2024-07-21,CPU Interactive,Mid-Market,1126
2024-07-21,CPU Interactive,Startup,725
2024-07-21,CPU Interactive,Research/Academic,1318
2024-07-22,GPU Training,Enterprise,15901
2024-07-22,GPU Training,Mid-Market,5818
2024-07-22,GPU Training,Startup,2531
2024-07-22,GPU Training,Research/Academic,3236
2024-07-22,GPU Inference,Enterprise,13540
2024-07-22,GPU Inference,Mid-Market,5850
2024-07-22,GPU Inference,Startup,3923
2024-07-22,GPU Inference,Research/Academic,1313
2024-07-22,CPU Batch,Enterprise,6728
2024-07-22,CPU Batch,Mid-Market,3086
2024-07-22,CPU Batch,Startup,933
2024-07-22,CPU Batch,Research/Academic,1455
2024-07-22,CPU Interactive,Enterprise,4359
2024-07-22,CPU Interactive,Mid-Market,2043
2024-07-22,CPU Interactive,Startup,1754
2024-07-22,CPU Interactive,Research/Academic,2314
2024-07-23,GPU Training,Enterprise,18356
2024-07-23,GPU Training,Mid-Market,5945
2024-07-23,GPU Training,Startup,2607
2024-07-23,GPU Training,Research/Academic,3787
2024-07-23,GPU Inference,Enterprise,14316
2024-07-23,GPU Inference,Mid-Market,6004
2024-07-23,GPU Inference,Startup,4947
2024-07-23,GPU Inference,Research/Academic,1333
2024-07-23,CPU Batch,Enterprise,6524
2024-07-23,CPU Batch,Mid-Market,3215
2024-07-23,CPU Batch,Startup,1053
2024-07-23,CPU Batch,Research/Academic,1440
2024-07-23,CPU Interactive,Enterprise,5011
2024-07-23,CPU Interactive,Mid-Market,2421
2024-07-23,CPU Interactive,Startup,1604
2024-07-23,CPU Interactive,Research/Academic,2825
2024-07-24,GPU Training,Enterprise,18487
2024-07-24,GPU Training,Mid-Market,6377
2024-07-24,GPU Training,Startup,2937
2024-07-24,GPU Training,Research/Academic,3869
2024-07-24,GPU Inference,Enterprise,13796
2024-07-24,GPU Inference,Mid-Market,6041
2024-07-24,GPU Inference,Startup,4659
2024-07-24,GPU Inference,Research/Academic,1504
2024-07-24,CPU Batch,Enterprise,6688
2024-07-24,CPU Batch,Mid-Market,3933
2024-07-24,CPU Batch,Startup,954
2024-07-24,CPU Batch,Research/Academic,1536
2024-07-24,CPU Interactive,Enterprise,4865
2024-07-24,CPU Interactive,Mid-Market,2342
2024-07-24,CPU Interactive,Startup,1467
2024-07-24,CPU Interactive,Research/Academic,2643
2024-07-25,GPU Training,Enterprise,19341
2024-07-25,GPU Training,Mid-Market,6502
2024-07-25,GPU Training,Startup,2784
2024-07-25,GPU Training,Research/Academic,3974
2024-07-25,GPU Inference,Enterprise,15090
2024-07-25,GPU Inference,Mid-Market,6664
2024-07-25,GPU Inference,Startup,4208
2024-07-25,GPU Inference,Research/Academic,1350
2024-07-25,CPU Batch,Enterprise,7222
2024-07-25,CPU Batch,Mid-Market,3526
2024-07-25,CPU Batch,Startup,942
2024-07-25,CPU Batch,Research/Academic,1658
2024-07-25,CPU Interactive,Enterprise,5239
2024-07-25,CPU Interactive,Mid-Market,2535
2024-07-25,CPU Interactive,Startup,1752
2024-07-25,CPU Interactive,Research/Academic,3050
2024-07-26,GPU Training,Enterprise,16854
2024-07-26,GPU Training,Mid-Market,6232
2024-07-26,GPU Training,Startup,2467
2024-07-26,GPU Training,Research/Academic,3179
2024-07-26,GPU Inference,Enterprise,13239
2024-07-26,GPU Inference,Mid-Market,6027
2024-07-26,GPU Inference,Startup,4286
2024-07-26,GPU Inference,Research/Academic,1272
2024-07-26,CPU Batch,Enterprise,6545
2024-07-26,CPU Batch,Mid-Market,3111
2024-07-26,CPU Batch,Startup,996
2024-07-26,CPU Batch,Research/Academic,1666
2024-07-26,CPU Interactive,Enterprise,4582
2024-07-26,CPU Interactive,Mid-Market,2376
2024-07-26,CPU Interactive,Startup,1631
2024-07-26,CPU Interactive,Research/Academic,2199
2024-07-27,GPU Training,Enterprise,13752
2024-07-27,GPU Training,Mid-Market,5899
2024-07-27,GPU Training,Startup,2120
2024-07-27,GPU Training,Research/Academic,2596
2024-07-27,GPU Inference,Enterprise,9761
2024-07-27,GPU Inference,Mid-Market,4579
2024-07-27,GPU Inference,Startup,3507
2024-07-27,GPU Inference,Research/Academic,789
2024-07-27,CPU Batch,Enterprise,4455
2024-07-27,CPU Batch,Mid-Market,2692
2024-07-27,CPU Batch,Startup,680
2024-07-27,CPU Batch,Research/Academic,925
2024-07-27,CPU Interactive,Enterprise,2569
2024-07-27,CPU Interactive,Mid-Market,1218
2024-07-27,CPU Interactive,Startup,999
2024-07-27,CPU Interactive,Research/Academic,1324
2024-07-28,GPU Training,Enterprise,12665
2024-07-28,GPU Training,Mid-Market,4196
2024-07-28,GPU Training,Startup,1891
2024-07-28,GPU Training,Research/Academic,2768
2024-07-28,GPU Inference,Enterprise,8599
2024-07-28,GPU Inference,Mid-Market,3547
2024-07-28,GPU Inference,Startup,2460
2024-07-28,GPU Inference,Research/Academic,729
2024-07-28,CPU Batch,Enterprise,3552
2024-07-28,CPU Batch,Mid-Market,1943
2024-07-28,CPU Batch,Startup,609
2024-07-28,CPU Batch,Research/Academic,832
2024-07-28,CPU Interactive,Enterprise,2333
2024-07-28,CPU Interactive,Mid-Market,1093
2024-07-28,CPU Interactive,Startup,723
2024-07-28,CPU Interactive,Research/Academic,1130
2024-07-29,GPU Training,Enterprise,17530
2024-07-29,GPU Training,Mid-Market,6886
2024-07-29,GPU Training,Startup,2182
2024-07-29,GPU Training,Research/Academic,3189
2024-07-29,GPU Inference,Enterprise,13874
2024-07-29,GPU Inference,Mid-Market,5136
2024-07-29,GPU Inference,Startup,4656
2024-07-29,GPU Inference,Research/Academic,1436
2024-07-29,CPU Batch,Enterprise,6370
2024-07-29,CPU Batch,Mid-Market,3407
2024-07-29,CPU Batch,Startup,1137
2024-07-29,CPU Batch,Research/Academic,1729
2024-07-29,CPU Interactive,Enterprise,4372
2024-07-29,CPU Interactive,Mid-Market,2215
2024-07-29,CPU Interactive,Startup,1333
2024-07-29,CPU Interactive,Research/Academic,2664
2024-07-30,GPU Training,Enterprise,16758
2024-07-30,GPU Training,Mid-Market,6139
2024-07-30,GPU Training,Startup,2869
2024-07-30,GPU Training,Research/Academic,3307
2024-07-30,GPU Inference,Enterprise,14020
2024-07-30,GPU Inference,Mid-Market,7151
2024-07-30,GPU Inference,Startup,4510
2024-07-30,GPU Inference,Research/Academic,1321
2024-07-30,CPU Batch,Enterprise,6810
2024-07-30,CPU Batch,Mid-Market,3433
2024-07-30,CPU Batch,Startup,1126
2024-07-30,CPU Batch,Research/Academic,1543
2024-07-30,CPU Interactive,Enterprise,4689
2024-07-30,CPU Interactive,Mid-Market,2192
2024-07-30,CPU Interactive,Startup,1325
2024-07-30,CPU Interactive,Research/Academic,2298
2024-07-31,GPU Training,Enterprise,18843
2024-07-31,GPU Training,Mid-Market,5956
2024-07-31,GPU Training,Startup,3456
2024-07-31,GPU Training,Research/Academic,3617
2024-07-31,GPU Inference,Enterprise,14137
2024-07-31,GPU Inference,Mid-Market,5802
2024-07-31,GPU Inference,Startup,5081
2024-07-31,GPU Inference,Research/Academic,1320
2024-07-31,CPU Batch,Enterprise,6468
2024-07-31,CPU Batch,Mid-Market,3775
2024-07-31,CPU Batch,Startup,1018
2024-07-31,CPU Batch,Research/Academic,1537
2024-07-31,CPU Interactive,Enterprise,5041
2024-07-31,CPU Interactive,Mid-Market,2579
2024-07-31,CPU Interactive,Startup,1748
2024-07-31,CPU Interactive,Research/Academic,2586
2024-08-01,GPU Training,Enterprise,19742
2024-08-01,GPU Training,Mid-Market,6161
2024-08-01,GPU Training,Startup,3510
2024-08-01,GPU Training,Research/Academic,3478
2024-08-01,GPU Inference,Enterprise,14443
2024-08-01,GPU Inference,Mid-Market,6350
2024-08-01,GPU Inference,Startup,5305
2024-08-01,GPU Inference,Research/Academic,1288
2024-08-01,CPU Batch,Enterprise,6875
2024-08-01,CPU Batch,Mid-Market,3870
2024-08-01,CPU Batch,Startup,926
2024-08-01,CPU Batch,Research/Academic,1537
2024-08-01,CPU Interactive,Enterprise,4836
2024-08-01,CPU Interactive,Mid-Market,2529
2024-08-01,CPU Interactive,Startup,2061
2024-08-01,CPU Interactive,Research/Academic,2560
2024-08-02,GPU Training,Enterprise,16716
2024-08-02,GPU Training,Mid-Market,6862
2024-08-02,GPU Training,Startup,3000
2024-08-02,GPU Training,Research/Academic,3995
2024-08-02,GPU Inference,Enterprise,13113
2024-08-02,GPU Inference,Mid-Market,5812
2024-08-02,GPU Inference,Startup,4081
2024-08-02,GPU Inference,Research/Academic,1330
2024-08-02,CPU Batch,Enterprise,5965
2024-08-02,CPU Batch,Mid-Market,3470
2024-08-02,CPU Batch,Startup,965
2024-08-02,CPU Batch,Research/Academic,1484
2024-08-02,CPU Interactive,Enterprise,4441
2024-08-02,CPU Interactive,Mid-Market,2223
2024-08-02,CPU Interactive,Startup,1674
2024-08-02,CPU Interactive,Research/Academic,2307
2024-08-03,GPU Training,Enterprise,13508
2024-08-03,GPU Training,Mid-Market,5406
2024-08-03,GPU Training,Startup,2537
2024-08-03,GPU Training,Research/Academic,2278
2024-08-03,GPU Inference,Enterprise,9145
2024-08-03,GPU Inference,Mid-Market,4153
2024-08-03,GPU Inference,Startup,3068
2024-08-03,GPU Inference,Research/Academic,822
2024-08-03,CPU Batch,Enterprise,4337
2024-08-03,CPU Batch,Mid-Market,2204
2024-08-03,CPU Batch,Startup,779
2024-08-03,CPU Batch,Research/Academic,974
2024-08-03,CPU Interactive,Enterprise,2612
2024-08-03,CPU Interactive,Mid-Market,1197
2024-08-03,CPU Interactive,Startup,749
2024-08-03,CPU Interactive,Research/Academic,1483
2024-08-04,GPU Training,Enterprise,12966
2024-08-04,GPU Training,Mid-Market,4102
2024-08-04,GPU Training,Startup,1999
2024-08-04,GPU Training,Research/Academic,2157
2024-08-04,GPU Inference,Enterprise,8383
2024-08-04,GPU Inference,Mid-Market,3865
2024-08-04,GPU Inference,Startup,2656
2024-08-04,GPU Inference,Research/Academic,814
2024-08-04,CPU Batch,Enterprise,3500
2024-08-04,CPU Batch,Mid-Market,1807
2024-08-04,CPU Batch,Startup,656
2024-08-04,CPU Batch,Research/Academic,857
2024-08-04,CPU Interactive,Enterprise,2065
2024-08-04,CPU Interactive,Mid-Market,1104
2024-08-04,CPU Interactive,Startup,604
2024-08-04,CPU Interactive,Research/Academic,1113
2024-08-05,GPU Training,Enterprise,17493
2024-08-05,GPU Training,Mid-Market,5796
2024-08-05,GPU Training,Startup,3338
2024-08-05,GPU Training,Research/Academic,3189
2024-08-05,GPU Inference,Enterprise,12986
2024-08-05,GPU Inference,Mid-Market,5874
2024-08-05,GPU Inference,Startup,3130
2024-08-05,GPU Inference,Research/Academic,1299
2024-08-05,CPU Batch,Enterprise,6214
2024-08-05,CPU Batch,Mid-Market,3569
2024-08-05,CPU Batch,Startup,1014
2024-08-05,CPU Batch,Research/Academic,1323
2024-08-05,CPU Interactive,Enterprise,4520
2024-08-05,CPU Interactive,Mid-Market,2217
2024-08-05,CPU Interactive,Startup,1313
2024-08-05,CPU Interactive,Research/Academic,2452
2024-08-06,GPU Training,Enterprise,17266
2024-08-06,GPU Training,Mid-Market,6852
2024-08-06,GPU Training,Startup,2913
2024-08-06,GPU Training,Research/Academic,3431
2024-08-06,GPU Inference,Enterprise,14172
2024-08-06,GPU Inference,Mid-Market,6375
2024-08-06,GPU Inference,Startup,4985
2024-08-06,GPU Inference,Research/Academic,1504
2024-08-06,CPU Batch,Enterprise,6569
2024-08-06,CPU Batch,Mid-Market,3351
2024-08-06,CPU Batch,Startup,1080
2024-08-06,CPU Batch,Research/Academic,1480
2024-08-06,CPU Interactive,Enterprise,4653
2024-08-06,CPU Interactive,Mid-Market,2752
2024-08-06,CPU Interactive,Startup,1922
2024-08-06,CPU Interactive,Research/Academic,2605
2024-08-07,GPU Training,Enterprise,17920
2024-08-07,GPU Training,Mid-Market,7147
2024-08-07,GPU Training,Startup,3229
2024-08-07,GPU Training,Research/Academic,3627
2024-08-07,GPU Inference,Enterprise,13896
2024-08-07,GPU Inference,Mid-Market,6226
2024-08-07,GPU Inference,Startup,4664
2024-08-07,GPU Inference,Research/Academic,1310
2024-08-07,CPU Batch,Enterprise,6630
2024-08-07,CPU Batch,Mid-Market,3472
2024-08-07,CPU Batch,Startup,915
2024-08-07,CPU Batch,Research/Academic,1649
2024-08-07,CPU Interactive,Enterprise,5076
2024-08-07,CPU Interactive,Mid-Market,2709
2024-08-07,CPU Interactive,Startup,1588
2024-08-07,CPU Interactive,Research/Academic,2873
2024-08-08,GPU Training,Enterprise,18318
2024-08-08,GPU Training,Mid-Market,5922
2024-08-08,GPU Training,Startup,3184
2024-08-08,GPU Training,Research/Academic,3579
2024-08-08,GPU Inference,Enterprise,15632
2024-08-08,GPU Inference,Mid-Market,6746
2024-08-08,GPU Inference,Startup,5103
2024-08-08,GPU Inference,Research/Academic,1409
2024-08-08,CPU Batch,Enterprise,6641
2024-08-08,CPU Batch,Mid-Market,3178
2024-08-08,CPU Batch,Startup,778
2024-08-08,CPU Batch,Research/Academic,1431
2024-08-08,CPU Interactive,Enterprise,4943
2024-08-08,CPU Interactive,Mid-Market,2244
2024-08-08,CPU Interactive,Startup,1581
2024-08-08,CPU Interactive,Research/Academic,2722
2024-08-09,GPU Training,Enterprise,17293
2024-08-09,GPU Training,Mid-Market,5890
2024-08-09,GPU Training,Startup,2694
2024-08-09,GPU Training,Research/Academic,3877
2024-08-09,GPU Inference,Enterprise,13815
2024-08-09,GPU Inference,Mid-Market,5594
2024-08-09,GPU Inference,Startup,4440
2024-08-09,GPU Inference,Research/Academic,1315
2024-08-09,CPU Batch,Enterprise,6222
2024-08-09,CPU Batch,Mid-Market,3142
2024-08-09,CPU Batch,Startup,1052
2024-08-09,CPU Batch,Research/Academic,1442
2024-08-09,CPU Interactive,Enterprise,4330
2024-08-09,CPU Interactive,Mid-Market,2369
2024-08-09,CPU Interactive,Startup,1564
2024-08-09,CPU Interactive,Research/Academic,2166
2024-08-10,GPU Training,Enterprise,13277
2024-08-10,GPU Training,Mid-Market,4999
2024-08-10,GPU Training,Startup,2260
2024-08-10,GPU Training,Research/Academic,3076
2024-08-10,GPU Inference,Enterprise,9898
2024-08-10,GPU Inference,Mid-Market,4507
2024-08-10,GPU Inference,Startup,4388
2024-08-10,GPU Inference,Research/Academic,979
2024-08-10,CPU Batch,Enterprise,4307
2024-08-10,CPU Batch,Mid-Market,2367
2024-08-10,CPU Batch,Startup,581
2024-08-10,CPU Batch,Research/Academic,1003
2024-08-10,CPU Interactive,Enterprise,2436
2024-08-10,CPU Interactive,Mid-Market,1350
2024-08-10,CPU Interactive,Startup,788
2024-08-10,CPU Interactive,Research/Academic,1326
2024-08-11,GPU Training,Enterprise,12684
2024-08-11,GPU Training,Mid-Market,4372
2024-08-11,GPU Training,Startup,1595
2024-08-11,GPU Training,Research/Academic,2148
2024-08-11,GPU Inference,Enterprise,8128
2024-08-11,GPU Inference,Mid-Market,3461
2024-08-11,GPU Inference,Startup,2981
2024-08-11,GPU Inference,Research/Academic,847
2024-08-11,CPU Batch,Enterprise,3828
2024-08-11,CPU Batch,Mid-Market,1999
2024-08-11,CPU Batch,Startup,606
2024-08-11,CPU Batch,Research/Academic,895
2024-08-11,CPU Interactive,Enterprise,2174
2024-08-11,CPU Interactive,Mid-Market,1223
2024-08-11,CPU Interactive,Startup,821
2024-08-11,CPU Interactive,Research/Academic,1245
2024-08-12,GPU Training,Enterprise,17515
2024-08-12,GPU Training,Mid-Market,4999
2024-08-12,GPU Training,Startup,4664
2024-08-12,GPU Training,Research/Academic,6282
2024-08-12,GPU Inference,Enterprise,13724
2024-08-12,GPU Inference,Mid-Market,6332
2024-08-12,GPU Inference,Startup,3673
2024-08-12,GPU Inference,Research/Academic,1434
2024-08-12,CPU Batch,Enterprise,5953
2024-08-12,CPU Batch,Mid-Market,2977
2024-08-12,CPU Batch,Startup,881
2024-08-12,CPU Batch,Research/Academic,1413
2024-08-12,CPU Interactive,Enterprise,4053
2024-08-12,CPU Interactive,Mid-Market,2372
2024-08-12,CPU Interactive,Startup,1596
2024-08-12,CPU Interactive,Research/Academic,2629
2024-08-13,GPU Training,Enterprise,17190
2024-08-13,GPU Training,Mid-Market,6174
2024-08-13,GPU Training,Startup,5058
2024-08-13,GPU Training,Research/Academic,7739
2024-08-13,GPU Inference,Enterprise,12299
2024-08-13,GPU Inference,Mid-Market,5578
2024-08-13,GPU Inference,Startup,4602
2024-08-13,GPU Inference,Research/Academic,1234
2024-08-13,CPU Batch,Enterprise,6357
2024-08-13,CPU Batch,Mid-Market,3291
2024-08-13,CPU Batch,Startup,863
2024-08-13,CPU Batch,Research/Academic,1500
2024-08-13,CPU Interactive,Enterprise,4779
2024-08-13,CPU Interactive,Mid-Market,2409
2024-08-13,CPU Interactive,Startup,1506
2024-08-13,CPU Interactive,Research/Academic,2575
2024-08-14,GPU Training,Enterprise,18331
2024-08-14,GPU Training,Mid-Market,5747
2024-08-14,GPU Training,Startup,5628
2024-08-14,GPU Training,Research/Academic,6834
2024-08-14,GPU Inference,Enterprise,14919
2024-08-14,GPU Inference,Mid-Market,6403
2024-08-14,GPU Inference,Startup,5454
2024-08-14,GPU Inference,Research/Academic,1277
2024-08-14,CPU Batch,Enterprise,6511
2024-08-14,CPU Batch,Mid-Market,3132
2024-08-14,CPU Batch,Startup,883
2024-08-14,CPU Batch,Research/Academic,1697
2024-08-14,CPU Interactive,Enterprise,5132
2024-08-14,CPU Interactive,Mid-Market,2345
2024-08-14,CPU Interactive,Startup,1562
2024-08-14,CPU Interactive,Research/Academic,2690
2024-08-15,GPU Training,Enterprise,18784
2024-08-15,GPU Training,Mid-Market,5744
2024-08-15,GPU Training,Startup,2444
2024-08-15,GPU Training,Research/Academic,3685
2024-08-15,GPU Inference,Enterprise,13136
2024-08-15,GPU Inference,Mid-Market,5963
2024-08-15,GPU Inference,Startup,4842
2024-08-15,GPU Inference,Research/Academic,1432
2024-08-15,CPU Batch,Enterprise,6573
2024-08-15,CPU Batch,Mid-Market,3331
2024-08-15,CPU Batch,Startup,1064
2024-08-15,CPU Batch,Research/Academic,1570
2024-08-15,CPU Interactive,Enterprise,4840
2024-08-15,CPU Interactive,Mid-Market,2617
2024-08-15,CPU Interactive,Startup,1776
2024-08-15,CPU Interactive,Research/Academic,3189
2024-08-16,GPU Training,Enterprise,18087
2024-08-16,GPU Training,Mid-Market,6758
2024-08-16,GPU Training,Startup,2631
2024-08-16,GPU Training,Research/Academic,3244
2024-08-16,GPU Inference,Enterprise,13431
2024-08-16,GPU Inference,Mid-Market,5817
2024-08-16,GPU Inference,Startup,4020
2024-08-16,GPU Inference,Research/Academic,1463
2024-08-16,CPU Batch,Enterprise,6660
2024-08-16,CPU Batch,Mid-Market,3254
2024-08-16,CPU Batch,Startup,1010
2024-08-16,CPU Batch,Research/Academic,1519
2024-08-16,CPU Interactive,Enterprise,4669
2024-08-16,CPU Interactive,Mid-Market,2171
2024-08-16,CPU Interactive,Startup,1523
2024-08-16,CPU Interactive,Research/Academic,2527
2024-08-17,GPU Training,Enterprise,13701
2024-08-17,GPU Training,Mid-Market,4530
2024-08-17,GPU Training,Startup,1600
2024-08-17,GPU Training,Research/Academic,2364
2024-08-17,GPU Inference,Enterprise,9465
2024-08-17,GPU Inference,Mid-Market,4131
2024-08-17,GPU Inference,Startup,3889
2024-08-17,GPU Inference,Research/Academic,968
2024-08-17,CPU Batch,Enterprise,4301
2024-08-17,CPU Batch,Mid-Market,2212
2024-08-17,CPU Batch,Startup,712
2024-08-17,CPU Batch,Research/Academic,949
2024-08-17,CPU Interactive,Enterprise,2493
2024-08-17,CPU Interactive,Mid-Market,1221
2024-08-17,CPU Interactive,Startup,1016
2024-08-17,CPU Interactive,Research/Academic,1447
2024-08-18,GPU Training,Enterprise,12187
2024-08-18,GPU Training,Mid-Market,4406
2024-08-18,GPU Training,Startup,2155
2024-08-18,GPU Training,Research/Academic,2370
2024-08-18,GPU Inference,Enterprise,8394
2024-08-18,GPU Inference,Mid-Market,3552
2024-08-18,GPU Inference,Startup,2994
2024-08-18,GPU Inference,Research/Academic,811
2024-08-18,CPU Batch,Enterprise,3610
2024-08-18,CPU Batch,Mid-Market,1731
2024-08-18,CPU Batch,Startup,540
2024-08-18,CPU Batch,Research/Academic,841
2024-08-18,CPU Interactive,Enterprise,2135
2024-08-18,CPU Interactive,Mid-Market,1153
2024-08-18,CPU Interactive,Startup,808
2024-08-18,CPU Interactive,Research/Academic,1279
2024-08-19,GPU Training,Enterprise,17101
2024-08-19,GPU Training,Mid-Market,5829
2024-08-19,GPU Training,Startup,2528
2024-08-19,GPU Training,Research/Academic,2966
2024-08-19,GPU Inference,Enterprise,12897
2024-08-19,GPU Inference,Mid-Market,5737
2024-08-19,GPU Inference,Startup,4032
2024-08-19,GPU Inference,Research/Academic,1295
2024-08-19,CPU Batch,Enterprise,6014
2024-08-19,CPU Batch,Mid-Market,2878
2024-08-19,CPU Batch,Startup,1004
2024-08-19,CPU Batch,Research/Academic,1396
2024-08-19,CPU Interactive,Enterprise,4184
2024-08-19,CPU Interactive,Mid-Market,2107
2024-08-19,CPU Interactive,Startup,1556
2024-08-19,CPU Interactive,Research/Academic,2700
2024-08-20,GPU Training,Enterprise,17295
2024-08-20,GPU Training,Mid-Market,6136
2024-08-20,GPU Training,Startup,3235
2024-08-20,GPU Training,Research/Academic,2930
2024-08-20,GPU Inference,Enterprise,15019
2024-08-20,GPU Inference,Mid-Market,7148
2024-08-20,GPU Inference,Startup,3369
2024-08-20,GPU Inference,Research/Academic,1339
2024-08-20,CPU Batch,Enterprise,6254
2024-08-20,CPU Batch,Mid-Market,3268
2024-08-20,CPU Batch,Startup,891
2024-08-20,CPU Batch,Research/Academic,1593
2024-08-20,CPU Interactive,Enterprise,4653
2024-08-20,CPU Interactive,Mid-Market,2306
2024-08-20,CPU Interactive,Startup,1566
2024-08-20,CPU Interactive,Research/Academic,2722
2024-08-21,GPU Training,Enterprise,17573
2024-08-21,GPU Training,Mid-Market,5821
2024-08-21,GPU Training,Startup,3789
2024-08-21,GPU Training,Research/Academic,3371
2024-08-21,GPU Inference,Enterprise,14216
2024-08-21,GPU Inference,Mid-Market,6034
2024-08-21,GPU Inference,Startup,5130
2024-08-21,GPU Inference,Research/Academic,1600
2024-08-21,CPU Batch,Enterprise,6777
2024-08-21,CPU Batch,Mid-Market,3080
2024-08-21,CPU Batch,Startup,817
2024-08-21,CPU Batch,Research/Academic,1488
2024-08-21,CPU Interactive,Enterprise,4798
2024-08-21,CPU Interactive,Mid-Market,2261
2024-08-21,CPU Interactive,Startup,1830
2024-08-21,CPU Interactive,Research/Academic,2484
2024-08-22,GPU Training,Enterprise,19573
2024-08-22,GPU Training,Mid-Market,7426
2024-08-22,GPU Training,Startup,2899
2024-08-22,GPU Training,Research/Academic,3676
2024-08-22,GPU Inference,Enterprise,13622
2024-08-22,GPU Inference,Mid-Market,6491
2024-08-22,GPU Inference,Startup,4533
2024-08-22,GPU Inference,Research/Academic,1274
2024-08-22,CPU Batch,Enterprise,6547
2024-08-22,CPU Batch,Mid-Market,3316
2024-08-22,CPU Batch,Startup,928
2024-08-22,CPU Batch,Research/Academic,1657
2024-08-22,CPU Interactive,Enterprise,4827
2024-08-22,CPU Interactive,Mid-Market,2959
2024-08-22,CPU Interactive,Startup,1454
2024-08-22,CPU Interactive,Research/Academic,3167
2024-08-23,GPU Training,Enterprise,16910
2024-08-23,GPU Training,Mid-Market,6246
2024-08-23,GPU Training,Startup,2692
2024-08-23,GPU Training,Research/Academic,3297
2024-08-23,GPU Inference,Enterprise,14108
2024-08-23,GPU Inference,Mid-Market,6591
2024-08-23,GPU Inference,Startup,5305
2024-08-23,GPU Inference,Research/Academic,1283
2024-08-23,CPU Batch,Enterprise,6489
2024-08-23,CPU Batch,Mid-Market,3155
2024-08-23,CPU Batch,Startup,833
2024-08-23,CPU Batch,Research/Academic,1363
2024-08-23,CPU Interactive,Enterprise,4471
2024-08-23,CPU Interactive,Mid-Market,2436
2024-08-23,CPU Interactive,Startup,1238
2024-08-23,CPU Interactive,Research/Academic,2532
2024-08-24,GPU Training,Enterprise,14267
2024-08-24,GPU Training,Mid-Market,5152
2024-08-24,GPU Training,Startup,2030
2024-08-24,GPU Training,Research/Academic,2310
2024-08-24,GPU Inference,Enterprise,9739
2024-08-24,GPU Inference,Mid-Market,3532
2024-08-24,GPU Inference,Startup,3680
2024-08-24,GPU Inference,Research/Academic,911
2024-08-24,CPU Batch,Enterprise,4622
2024-08-24,CPU Batch,Mid-Market,1969
2024-08-24,CPU Batch,Startup,699
2024-08-24,CPU Batch,Research/Academic,988
2024-08-24,CPU Interactive,Enterprise,2481
2024-08-24,CPU Interactive,Mid-Market,1202
2024-08-24,CPU Interactive,Startup,925
2024-08-24,CPU Interactive,Research/Academic,1482
2024-08-25,GPU Training,Enterprise,13530
2024-08-25,GPU Training,Mid-Market,4796
2024-08-25,GPU Training,Startup,1903
2024-08-25,GPU Training,Research/Academic,2235
2024-08-25,GPU Inference,Enterprise,8181
2024-08-25,GPU Inference,Mid-Market,4163
2024-08-25,GPU Inference,Startup,2653
2024-08-25,GPU Inference,Research/Academic,942
2024-08-25,CPU Batch,Enterprise,3761
2024-08-25,CPU Batch,Mid-Market,1950
2024-08-25,CPU Batch,Startup,517
2024-08-25,CPU Batch,Research/Academic,900
2024-08-25,CPU Interactive,Enterprise,2167
2024-08-25,CPU Interactive,Mid-Market,1112
2024-08-25,CPU Interactive,Startup,807
2024-08-25,CPU Interactive,Research/Academic,1197
2024-08-26,GPU Training,Enterprise,16280
2024-08-26,GPU Training,Mid-Market,6220
2024-08-26,GPU Training,Startup,2708
2024-08-26,GPU Training,Research/Academic,3359
2024-08-26,GPU Inference,Enterprise,13069
2024-08-26,GPU Inference,Mid-Market,5316
2024-08-26,GPU Inference,Startup,5530
2024-08-26,GPU Inference,Research/Academic,1458
2024-08-26,CPU Batch,Enterprise,6488
2024-08-26,CPU Batch,Mid-Market,3154
2024-08-26,CPU Batch,Startup,880
2024-08-26,CPU Batch,Research/Academic,1621
2024-08-26,CPU Interactive,Enterprise,4278
2024-08-26,CPU Interactive,Mid-Market,2185
2024-08-26,CPU Interactive,Startup,1861
2024-08-26,CPU Interactive,Research/Academic,2412
2024-08-27,GPU Training,Enterprise,18955
2024-08-27,GPU Training,Mid-Market,5684
2024-08-27,GPU Training,Startup,3053
2024-08-27,GPU Training,Research/Academic,4003
2024-08-27,GPU Inference,Enterprise,14006
2024-08-27,GPU Inference,Mid-Market,5972
2024-08-27,GPU Inference,Startup,4106
2024-08-27,GPU Inference,Research/Academic,1476
2024-08-27,CPU Batch,Enterprise,6253
2024-08-27,CPU Batch,Mid-Market,3315
2024-08-27,CPU Batch,Startup,811
2024-08-27,CPU Batch,Research/Academic,1692
2024-08-27,CPU Interactive,Enterprise,4910
2024-08-27,CPU Interactive,Mid-Market,2462
2024-08-27,CPU Interactive,Startup,1399
2024-08-27,CPU Interactive,Research/Academic,2957
2024-08-28,GPU Training,Enterprise,18246
2024-08-28,GPU Training,Mid-Market,6084
2024-08-28,GPU Training,Startup,2435
2024-08-28,GPU Training,Research/Academic,3376
2024-08-28,GPU Inference,Enterprise,13591
2024-08-28,GPU Inference,Mid-Market,5999
2024-08-28,GPU Inference,Startup,5323
2024-08-28,GPU Inference,Research/Academic,1351
2024-08-28,CPU Batch,Enterprise,6730
2024-08-28,CPU Batch,Mid-Market,3264
2024-08-28,CPU Batch,Startup,975
2024-08-28,CPU Batch,Research/Academic,1792
2024-08-28,CPU Interactive,Enterprise,4796
2024-08-28,CPU Interactive,Mid-Market,2630
2024-08-28,CPU Interactive,Startup,1382
2024-08-28,CPU Interactive,Research/Academic,3063
2024-08-29,GPU Training,Enterprise,18177
2024-08-29,GPU Training,Mid-Market,7081
2024-08-29,GPU Training,Startup,2968
2024-08-29,GPU Training,Research/Academic,3734
2024-08-29,GPU Inference,Enterprise,14813
2024-08-29,GPU Inference,Mid-Market,6080
2024-08-29,GPU Inference,Startup,5560
2024-08-29,GPU Inference,Research/Academic,1311
2024-08-29,CPU Batch,Enterprise,6846
2024-08-29,CPU Batch,Mid-Market,3342
2024-08-29,CPU Batch,Startup,1009
2024-08-29,CPU Batch,Research/Academic,1481
2024-08-29,CPU Interactive,Enterprise,5006
2024-08-29,CPU Interactive,Mid-Market,2440
2024-08-29,CPU Interactive,Startup,1765
2024-08-29,CPU Interactive,Research/Academic,2795
2024-08-30,GPU Training,Enterprise,17319
2024-08-30,GPU Training,Mid-Market,6261
2024-08-30,GPU Training,Startup,2926
2024-08-30,GPU Training,Research/Academic,3231
2024-08-30,GPU Inference,Enterprise,13697
2024-08-30,GPU Inference,Mid-Market,5586
2024-08-30,GPU Inference,Startup,6176
2024-08-30,GPU Inference,Research/Academic,1447
2024-08-30,CPU Batch,Enterprise,6525
2024-08-30,CPU Batch,Mid-Market,3626
2024-08-30,CPU Batch,Startup,742
2024-08-30,CPU Batch,Research/Academic,1218
2024-08-30,CPU Interactive,Enterprise,4491
2024-08-30,CPU Interactive,Mid-Market,2182
2024-08-30,CPU Interactive,Startup,1522
2024-08-30,CPU Interactive,Research/Academic,2586
2024-08-31,GPU Training,Enterprise,13999
2024-08-31,GPU Training,Mid-Market,4426
2024-08-31,GPU Training,Startup,2304
2024-08-31,GPU Training,Research/Academic,2590
2024-08-31,GPU Inference,Enterprise,9770
2024-08-31,GPU Inference,Mid-Market,4045
2024-08-31,GPU Inference,Startup,3854
2024-08-31,GPU Inference,Research/Academic,922
2024-08-31,CPU Batch,Enterprise,4620
2024-08-31,CPU Batch,Mid-Market,2108
2024-08-31,CPU Batch,Startup,687
2024-08-31,CPU Batch,Research/Academic,992
2024-08-31,CPU Interactive,Enterprise,2489
2024-08-31,CPU Interactive,Mid-Market,1388
2024-08-31,CPU Interactive,Startup,835
2024-08-31,CPU Interactive,Research/Academic,1136
2024-09-01,GPU Training,Enterprise,12922
2024-09-01,GPU Training,Mid-Market,5673
2024-09-01,GPU Training,Startup,2757
2024-09-01,GPU Training,Research/Academic,3255
2024-09-01,GPU Inference,Enterprise,10040
2024-09-01,GPU Inference,Mid-Market,3998
2024-09-01,GPU Inference,Startup,3239
2024-09-01,GPU Inference,Research/Academic,969
2024-09-01,CPU Batch,Enterprise,4090
2024-09-01,CPU Batch,Mid-Market,2474
2024-09-01,CPU Batch,Startup,813
2024-09-01,CPU Batch,Research/Academic,1024
2024-09-01,CPU Interactive,Enterprise,2508
2024-09-01,CPU Interactive,Mid-Market,1207
2024-09-01,CPU Interactive,Startup,1037
2024-09-01,CPU Interactive,Research/Academic,1407
2024-09-02,GPU Training,Enterprise,10595
2024-09-02,GPU Training,Mid-Market,4298
2024-09-02,GPU Training,Startup,2220
2024-09-02,GPU Training,Research/Academic,1889
2024-09-02,GPU Inference,Enterprise,8034
2024-09-02,GPU Inference,Mid-Market,4365
2024-09-02,GPU Inference,Startup,3889
2024-09-02,GPU Inference,Research/Academic,818
2024-09-02,CPU Batch,Enterprise,3950
2024-09-02,CPU Batch,Mid-Market,2228
2024-09-02,CPU Batch,Startup,685
2024-09-02,CPU Batch,Research/Academic,890
2024-09-02,CPU Interactive,Enterprise,2667
2024-09-02,CPU Interactive,Mid-Market,1534
2024-09-02,CPU Interactive,Startup,1293
2024-09-02,CPU Interactive,Research/Academic,1412
2024-09-03,GPU Training,Enterprise,19126
2024-09-03,GPU Training,Mid-Market,7162
2024-09-03,GPU Training,Startup,3672
2024-09-03,GPU Training,Research/Academic,3804
2024-09-03,GPU Inference,Enterprise,16121
2024-09-03,GPU Inference,Mid-Market,7171
2024-09-03,GPU Inference,Startup,5441
2024-09-03,GPU Inference,Research/Academic,1442
2024-09-03,CPU Batch,Enterprise,7444
2024-09-03,CPU Batch,Mid-Market,4138
2024-09-03,CPU Batch,Startup,959
2024-09-03,CPU Batch,Research/Academic,1674
2024-09-03,CPU Interactive,Enterprise,5133
2024-09-03,CPU Interactive,Mid-Market,3053
2024-09-03,CPU Interactive,Startup,1843
2024-09-03,CPU Interactive,Research/Academic,2822
2024-09-04,GPU Training,Enterprise,21546
2024-09-04,GPU Training,Mid-Market,7015
2024-09-04,GPU Training,Startup,3093
2024-09-04,GPU Training,Research/Academic,3656
2024-09-04,GPU Inference,Enterprise,16050
2024-09-04,GPU Inference,Mid-Market,8030
2024-09-04,GPU Inference,Startup,5214
2024-09-04,GPU Inference,Research/Academic,1672
2024-09-04,CPU Batch,Enterprise,7418
2024-09-04,CPU Batch,Mid-Market,4189
2024-09-04,CPU Batch,Startup,990
2024-09-04,CPU Batch,Research/Academic,1780
2024-09-04,CPU Interactive,Enterprise,5640
2024-09-04,CPU Interactive,Mid-Market,3490
2024-09-04,CPU Interactive,Startup,2086
2024-09-04,CPU Interactive,Research/Academic,2988
2024-09-05,GPU Training,Enterprise,22078
2024-09-05,GPU Training,Mid-Market,8872
2024-09-05,GPU Training,Startup,2883
2024-09-05,GPU Training,Research/Academic,3842
2024-09-05,GPU Inference,Enterprise,16610
2024-09-05,GPU Inference,Mid-Market,7102
2024-09-05,GPU Inference,Startup,5481
2024-09-05,GPU Inference,Research/Academic,1452
2024-09-05,CPU Batch,Enterprise,8116
2024-09-05,CPU Batch,Mid-Market,3597
2024-09-05,CPU Batch,Startup,1094
2024-09-05,CPU Batch,Research/Academic,1930
2024-09-05,CPU Interactive,Enterprise,5774
2024-09-05,CPU Interactive,Mid-Market,2845
2024-09-05,CPU Interactive,Startup,1690
2024-09-05,CPU Interactive,Research/Academic,3159
2024-09-06,GPU Training,Enterprise,19907
2024-09-06,GPU Training,Mid-Market,7403
2024-09-06,GPU Training,Startup,2832
2024-09-06,GPU Training,Research/Academic,4187
2024-09-06,GPU Inference,Enterprise,16083
2024-09-06,GPU Inference,Mid-Market,7077
2024-09-06,GPU Inference,Startup,6479
2024-09-06,GPU Inference,Research/Academic,1485
2024-09-06,CPU Batch,Enterprise,7248
2024-09-06,CPU Batch,Mid-Market,3719
2024-09-06,CPU Batch,Startup,1065
2024-09-06,CPU Batch,Research/Academic,1713
2024-09-06,CPU Interactive,Enterprise,5108
2024-09-06,CPU Interactive,Mid-Market,2415
2024-09-06,CPU Interactive,Startup,1697
2024-09-06,CPU Interactive,Research/Academic,3024
2024-09-07,GPU Training,Enterprise,15730
2024-09-07,GPU Training,Mid-Market,6053
2024-09-07,GPU Training,Startup,3232
2024-09-07,GPU Training,Research/Academic,3177
2024-09-07,GPU Inference,Enterprise,11840
2024-09-07,GPU Inference,Mid-Market,5159
2024-09-07,GPU Inference,Startup,4687
2024-09-07,GPU Inference,Research/Academic,1247
2024-09-07,CPU Batch,Enterprise,5169
2024-09-07,CPU Batch,Mid-Market,2708
2024-09-07,CPU Batch,Startup,709
2024-09-07,CPU Batch,Research/Academic,1147
2024-09-07,CPU Interactive,Enterprise,2879
2024-09-07,CPU Interactive,Mid-Market,1606
2024-09-07,CPU Interactive,Startup,921
2024-09-07,CPU Interactive,Research/Academic,1599
2024-09-08,GPU Training,Enterprise,13357
2024-09-08,GPU Training,Mid-Market,5891
2024-09-08,GPU Training,Startup,2336
2024-09-08,GPU Training,Research/Academic,2908
2024-09-08,GPU Inference,Enterprise,10733
2024-09-08,GPU Inference,Mid-Market,4514
2024-09-08,GPU Inference,Startup,4106
2024-09-08,GPU Inference,Research/Academic,879
2024-09-08,CPU Batch,Enterprise,4695
2024-09-08,CPU Batch,Mid-Market,2385
2024-09-08,CPU Batch,Startup,639
2024-09-08,CPU Batch,Research/Academic,1105
2024-09-08,CPU Interactive,Enterprise,2402
2024-09-08,CPU Interactive,Mid-Market,1300
2024-09-08,CPU Interactive,Startup,1030
2024-09-08,CPU Interactive,Research/Academic,1205
2024-09-09,GPU Training,Enterprise,20027
2024-09-09,GPU Training,Mid-Market,7233
2024-09-09,GPU Training,Startup,4056
2024-09-09,GPU Training,Research/Academic,3295
2024-09-09,GPU Inference,Enterprise,16631
2024-09-09,GPU Inference,Mid-Market,6548
2024-09-09,GPU Inference,Startup,5044
2024-09-09,GPU Inference,Research/Academic,1356
2024-09-09,CPU Batch,Enterprise,6945
2024-09-09,CPU Batch,Mid-Market,3866
2024-09-09,CPU Batch,Startup,928
2024-09-09,CPU Batch,Research/Academic,1779
2024-09-09,CPU Interactive,Enterprise,4904
2024-09-09,CPU Interactive,Mid-Market,2439
2024-09-09,CPU Interactive,Startup,1627
2024-09-09,CPU Interactive,Research/Academic,2876
2024-09-10,GPU Training,Enterprise,20349
2024-09-10,GPU Training,Mid-Market,7341
2024-09-10,GPU Training,Startup,3660
2024-09-10,GPU Training,Research/Academic,4283
2024-09-10,GPU Inference,Enterprise,16190
2024-09-10,GPU Inference,Mid-Market,6655
2024-09-10,GPU Inference,Startup,5650
2024-09-10,GPU Inference,Research/Academic,1630
2024-09-10,CPU Batch,Enterprise,7046
2024-09-10,CPU Batch,Mid-Market,3636
2024-09-10,CPU Batch,Startup,1002
2024-09-10,CPU Batch,Research/Academic,1698
2024-09-10,CPU Interactive,Enterprise,5278
2024-09-10,CPU Interactive,Mid-Market,3014
2024-09-10,CPU Interactive,Startup,1545
2024-09-10,CPU Interactive,Research/Academic,2665
2024-09-11,GPU Training,Enterprise,21284
2024-09-11,GPU Training,Mid-Market,7585
2024-09-11,GPU Training,Startup,2965
2024-09-11,GPU Training,Research/Academic,3921
2024-09-11,GPU Inference,Enterprise,16610
2024-09-11,GPU Inference,Mid-Market,7175
2024-09-11,GPU Inference,Startup,5876
2024-09-11,GPU Inference,Research/Academic,1532
2024-09-11,CPU Batch,Enterprise,8153
2024-09-11,CPU Batch,Mid-Market,4120
2024-09-11,CPU Batch,Startup,1020
2024-09-11,CPU Batch,Research/Academic,1789
2024-09-11,CPU Interactive,Enterprise,5673
2024-09-11,CPU Interactive,Mid-Market,3241
2024-09-11,CPU Interactive,Startup,1809
2024-09-11,CPU Interactive,Research/Academic,3335
2024-09-12,GPU Training,Enterprise,21622
2024-09-12,GPU Training,Mid-Market,8532
2024-09-12,GPU Training,Startup,4128
2024-09-12,GPU Training,Research/Academic,4182
2024-09-12,GPU Inference,Enterprise,16721
2024-09-12,GPU Inference,Mid-Market,7652
2024-09-12,GPU Inference,Startup,5657
2024-09-12,GPU Inference,Research/Academic,1849
2024-09-12,CPU Batch,Enterprise,7712
2024-09-12,CPU Batch,Mid-Market,3872
2024-09-12,CPU Batch,Startup,1064
2024-09-12,CPU Batch,Research/Academic,1612
2024-09-12,CPU Interactive,Enterprise,5929
2024-09-12,CPU Interactive,Mid-Market,2887
2024-09-12,CPU Interactive,Startup,2279
2024-09-12,CPU Interactive,Research/Academic,2904
2024-09-13,GPU Training,Enterprise,20724
2024-09-13,GPU Training,Mid-Market,7959
2024-09-13,GPU Training,Startup,2610
2024-09-13,GPU Training,Research/Academic,4619
2024-09-13,GPU Inference,Enterprise,15860
2024-09-13,GPU Inference,Mid-Market,7123
2024-09-13,GPU Inference,Startup,5916
2024-09-13,GPU Inference,Research/Academic,1634
2024-09-13,CPU Batch,Enterprise,7558
2024-09-13,CPU Batch,Mid-Market,4154
2024-09-13,CPU Batch,Startup,1164
2024-09-13,CPU Batch,Research/Academic,1988
2024-09-13,CPU Interactive,Enterprise,5408
2024-09-13,CPU Interactive,Mid-Market,3205
2024-09-13,CPU Interactive,Startup,2033
2024-09-13,CPU Interactive,Research/Academic,2545
2024-09-14,GPU Training,Enterprise,17451
2024-09-14,GPU Training,Mid-Market,5379
2024-09-14,GPU Training,Startup,3084
2024-09-14,GPU Training,Research/Academic,3002
2024-09-14,GPU Inference,Enterprise,11779
2024-09-14,GPU Inference,Mid-Market,4705
2024-09-14,GPU Inference,Startup,4170
2024-09-14,GPU Inference,Research/Academic,1057
2024-09-14,CPU Batch,Enterprise,5310
2024-09-14,CPU Batch,Mid-Market,2664
2024-09-14,CPU Batch,Startup,816
2024-09-14,CPU Batch,Research/Academic,968
2024-09-14,CPU Interactive,Enterprise,2917
2024-09-14,CPU Interactive,Mid-Market,1589
2024-09-14,CPU Interactive,Startup,1036
2024-09-14,CPU Interactive,Research/Academic,1755
2024-09-15,GPU Training,Enterprise,14534
2024-09-15,GPU Training,Mid-Market,5273
2024-09-15,GPU Training,Startup,2788
2024-09-15,GPU Training,Research/Academic,2341
2024-09-15,GPU Inference,Enterprise,10447
2024-09-15,GPU Inference,Mid-Market,4361
2024-09-15,GPU Inference,Startup,3136
2024-09-15,GPU Inference,Research/Academic,1000
2024-09-15,CPU Batch,Enterprise,4489
2024-09-15,CPU Batch,Mid-Market,2383
2024-09-15,CPU Batch,Startup,616
2024-09-15,CPU Batch,Research/Academic,1059
2024-09-15,CPU Interactive,Enterprise,2613
2024-09-15,CPU Interactive,Mid-Market,1324
2024-09-15,CPU Interactive,Startup,801
2024-09-15,CPU Interactive,Research/Academic,1332
2024-09-16,GPU Training,Enterprise,20348
2024-09-16,GPU Training,Mid-Market,6992
2024-09-16,GPU Training,Startup,2849
2024-09-16,GPU Training,Research/Academic,3274
2024-09-16,GPU Inference,Enterprise,16246
2024-09-16,GPU Inference,Mid-Market,6619
2024-09-16,GPU Inference,Startup,5612
2024-09-16,GPU Inference,Research/Academic,1655
2024-09-16,CPU Batch,Enterprise,6898
2024-09-16,CPU Batch,Mid-Market,3756
2024-09-16,CPU Batch,Startup,1043
2024-09-16,CPU Batch,Research/Academic,1730
2024-09-16,CPU Interactive,Enterprise,5307
2024-09-16,CPU Interactive,Mid-Market,2428
2024-09-16,CPU Interactive,Startup,1865
2024-09-16,CPU Interactive,Research/Academic,3043
2024-09-17,GPU Training,Enterprise,20522
2024-09-17,GPU Training,Mid-Market,7299
2024-09-17,GPU Training,Startup,3570
2024-09-17,GPU Training,Research/Academic,4044
2024-09-17,GPU Inference,Enterprise,16908
2024-09-17,GPU Inference,Mid-Market,7521
2024-09-17,GPU Inference,Startup,5044
2024-09-17,GPU Inference,Research/Academic,1704
2024-09-17,CPU Batch,Enterprise,7842
2024-09-17,CPU Batch,Mid-Market,3931
2024-09-17,CPU Batch,Startup,916
2024-09-17,CPU Batch,Research/Academic,1712
2024-09-17,CPU Interactive,Enterprise,5499
2024-09-17,CPU Interactive,Mid-Market,2658
2024-09-17,CPU Interactive,Startup,1803
2024-09-17,CPU Interactive,Research/Academic,2704
2024-09-18,GPU Training,Enterprise,22208
2024-09-18,GPU Training,Mid-Market,7818
2024-09-18,GPU Training,Startup,2923
2024-09-18,GPU Training,Research/Academic,4240
2024-09-18,GPU Inference,Enterprise,16970
2024-09-18,GPU Inference,Mid-Market,7723
2024-09-18,GPU Inference,Startup,5579
2024-09-18,GPU Inference,Research/Academic,1519
2024-09-18,CPU Batch,Enterprise,7466
2024-09-18,CPU Batch,Mid-Market,3844
2024-09-18,CPU Batch,Startup,1130
2024-09-18,CPU Batch,Research/Academic,1798
2024-09-18,CPU Interactive,Enterprise,5618
2024-09-18,CPU Interactive,Mid-Market,2900
2024-09-18,CPU Interactive,Startup,1873
2024-09-18,CPU Interactive,Research/Academic,3837
2024-09-19,GPU Training,Enterprise,21032
2024-09-19,GPU Training,Mid-Market,7438
2024-09-19,GPU Training,Startup,5294
2024-09-19,GPU Training,Research/Academic,4265
2024-09-19,GPU Inference,Enterprise,16113
2024-09-19,GPU Inference,Mid-Market,7912
2024-09-19,GPU Inference,Startup,5253
2024-09-19,GPU Inference,Research/Academic,1743
2024-09-19,CPU Batch,Enterprise,7638
2024-09-19,CPU Batch,Mid-Market,3872
2024-09-19,CPU Batch,Startup,1369
2024-09-19,CPU Batch,Research/Academic,1860
2024-09-19,CPU Interactive,Enterprise,6046
2024-09-19,CPU Interactive,Mid-Market,3164
2024-09-19,CPU Interactive,Startup,1903
2024-09-19,CPU Interactive,Research/Academic,3386
2024-09-20,GPU Training,Enterprise,21745
2024-09-20,GPU Training,Mid-Market,7459
2024-09-20,GPU Training,Startup,4230
2024-09-20,GPU Training,Research/Academic,4214
2024-09-20,GPU Inference,Enterprise,16396
2024-09-20,GPU Inference,Mid-Market,7250
2024-09-20,GPU Inference,Startup,5691
2024-09-20,GPU Inference,Research/Academic,1399
2024-09-20,CPU Batch,Enterprise,7464
2024-09-20,CPU Batch,Mid-Market,3945
2024-09-20,CPU Batch,Startup,1044
2024-09-20,CPU Batch,Research/Academic,1775
2024-09-20,CPU Interactive,Enterprise,5316
2024-09-20,CPU Interactive,Mid-Market,2960
2024-09-20,CPU Interactive,Startup,1986
2024-09-20,CPU Interactive,Research/Academic,2984
2024-09-21,GPU Training,Enterprise,16152
2024-09-21,GPU Training,Mid-Market,6898
2024-09-21,GPU Training,Startup,2760
2024-09-21,GPU Training,Research/Academic,3220
2024-09-21,GPU Inference,Enterprise,12120
2024-09-21,GPU Inference,Mid-Market,5205
2024-09-21,GPU Inference,Startup,5097
2024-09-21,GPU Inference,Research/Academic,1305
2024-09-21,CPU Batch,Enterprise,5491
2024-09-21,CPU Batch,Mid-Market,2776
2024-09-21,CPU Batch,Startup,852
2024-09-21,CPU Batch,Research/Academic,1252
2024-09-21,CPU Interactive,Enterprise,3146
2024-09-21,CPU Interactive,Mid-Market,1714
2024-09-21,CPU Interactive,Startup,1039
2024-09-21,CPU Interactive,Research/Academic,1792
2024-09-22,GPU Training,Enterprise,16136
2024-09-22,GPU Training,Mid-Market,5957
2024-09-22,GPU Training,Startup,2446
2024-09-22,GPU Training,Research/Academic,3216
2024-09-22,GPU Inference,Enterprise,10709
2024-09-22,GPU Inference,Mid-Market,4678
2024-09-22,GPU Inference,Startup,3595
2024-09-22,GPU Inference,Research/Academic,968
2024-09-22,CPU Batch,Enterprise,4817
2024-09-22,CPU Batch,Mid-Market,2241
2024-09-22,CPU Batch,Startup,623
2024-09-22,CPU Batch,Research/Academic,1179
2024-09-22,CPU Interactive,Enterprise,2672
2024-09-22,CPU Interactive,Mid-Market,1425
2024-09-22,CPU Interactive,Startup,837
2024-09-22,CPU Interactive,Research/Academic,1619
2024-09-23,GPU Training,Enterprise,22090
2024-09-23,GPU Training,Mid-Market,8025
2024-09-23,GPU Training,Startup,3752
2024-09-23,GPU Training,Research/Academic,4077
2024-09-23,GPU Inference,Enterprise,16748
2024-09-23,GPU Inference,Mid-Market,7085
2024-09-23,GPU Inference,Startup,6892
2024-09-23,GPU Inference,Research/Academic,1726
2024-09-23,CPU Batch,Enterprise,7650
2024-09-23,CPU Batch,Mid-Market,4091
2024-09-23,CPU Batch,Startup,1112
2024-09-23,CPU Batch,Research/Academic,1657
2024-09-23,CPU Interactive,Enterprise,5509
2024-09-23,CPU Interactive,Mid-Market,2806
2024-09-23,CPU Interactive,Startup,1687
2024-09-23,CPU Interactive,Research/Academic,2691
2024-09-24,GPU Training,Enterprise,21077
2024-09-24,GPU Training,Mid-Market,7803
2024-09-24,GPU Training,Startup,3660
2024-09-24,GPU Training,Research/Academic,3968
2024-09-24,GPU Inference,Enterprise,18451
2024-09-24,GPU Inference,Mid-Market,7851
2024-09-24,GPU Inference,Startup,6656
2024-09-24,GPU Inference,Research/Academic,1680
2024-09-24,CPU Batch,Enterprise,7848
2024-09-24,CPU Batch,Mid-Market,4234
2024-09-24,CPU Batch,Startup,1021
2024-09-24,CPU Batch,Research/Academic,1949
2024-09-24,CPU Interactive,Enterprise,5693
2024-09-24,CPU Interactive,Mid-Market,3329
2024-09-24,CPU Interactive,Startup,1962
2024-09-24,CPU Interactive,Research/Academic,3563
2024-09-25,GPU Training,Enterprise,22490
2024-09-25,GPU Training,Mid-Market,8009
2024-09-25,GPU Training,Startup,4060
2024-09-25,GPU Training,Research/Academic,4898
2024-09-25,GPU Inference,Enterprise,19787
2024-09-25,GPU Inference,Mid-Market,8148
2024-09-25,GPU Inference,Startup,7980
2024-09-25,GPU Inference,Research/Academic,1714
2024-09-25,CPU Batch,Enterprise,8707
2024-09-25,CPU Batch,Mid-Market,4046
2024-09-25,CPU Batch,Startup,1285
2024-09-25,CPU Batch,Research/Academic,1593
2024-09-25,CPU Interactive,Enterprise,5863
2024-09-25,CPU Interactive,Mid-Market,3346
2024-09-25,CPU Interactive,Startup,1812
2024-09-25,CPU Interactive,Research/Academic,3512
2024-09-26,GPU Training,Enterprise,24408
2024-09-26,GPU Training,Mid-Market,8115
2024-09-26,GPU Training,Startup,3457
2024-09-26,GPU Training,Research/Academic,4295
2024-09-26,GPU Inference,Enterprise,17829
2024-09-26,GPU Inference,Mid-Market,8078
2024-09-26,GPU Inference,Startup,6492
2024-09-26,GPU Inference,Research/Academic,1713
2024-09-26,CPU Batch,Enterprise,8912
2024-09-26,CPU Batch,Mid-Market,4111
2024-09-26,CPU Batch,Startup,1445
2024-09-26,CPU Batch,Research/Academic,1767
2024-09-26,CPU Interactive,Enterprise,6317
2024-09-26,CPU Interactive,Mid-Market,3615
2024-09-26,CPU Interactive,Startup,2496
2024-09-26,CPU Interactive,Research/Academic,3370
2024-09-27,GPU Training,Enterprise,22989
2024-09-27,GPU Training,Mid-Market,8271
2024-09-27,GPU Training,Startup,3478
2024-09-27,GPU Training,Research/Academic,4475
2024-09-27,GPU Inference,Enterprise,19062
2024-09-27,GPU Inference,Mid-Market,8031
2024-09-27,GPU Inference,Startup,6559
2024-09-27,GPU Inference,Research/Academic,1767
2024-09-27,CPU Batch,Enterprise,7645
2024-09-27,CPU Batch,Mid-Market,4343
2024-09-27,CPU Batch,Startup,1053
2024-09-27,CPU Batch,Research/Academic,1782
2024-09-27,CPU Interactive,Enterprise,6273
2024-09-27,CPU Interactive,Mid-Market,2986
2024-09-27,CPU Interactive,Startup,1822
2024-09-27,CPU Interactive,Research/Academic,3490
2024-09-28,GPU Training,Enterprise,16505
2024-09-28,GPU Training,Mid-Market,5935
2024-09-28,GPU Training,Startup,3289
2024-09-28,GPU Training,Research/Academic,3257
2024-09-28,GPU Inference,Enterprise,11632
2024-09-28,GPU Inference,Mid-Market,5650
2024-09-28,GPU Inference,Startup,4092
2024-09-28,GPU Inference,Research/Academic,1325
2024-09-28,CPU Batch,Enterprise,5276
2024-09-28,CPU Batch,Mid-Market,3019
2024-09-28,CPU Batch,Startup,982
2024-09-28,CPU Batch,Research/Academic,1163
2024-09-28,CPU Interactive,Enterprise,3155
2024-09-28,CPU Interactive,Mid-Market,1726
2024-09-28,CPU Interactive,Startup,993
2024-09-28,CPU Interactive,Research/Academic,1797
2024-09-29,GPU Training,Enterprise,15938
2024-09-29,GPU Training,Mid-Market,5648
2024-09-29,GPU Training,Startup,2673
2024-09-29,GPU Training,Research/Academic,3061
2024-09-29,GPU Inference,Enterprise,11264
2024-09-29,GPU Inference,Mid-Market,4716
2024-09-29,GPU Inference,Startup,3632
2024-09-29,GPU Inference,Research/Academic,1048
2024-09-29,CPU Batch,Enterprise,4626
2024-09-29,CPU Batch,Mid-Market,2332
2024-09-29,CPU Batch,Startup,707
2024-09-29,CPU Batch,Research/Academic,923
2024-09-29,CPU Interactive,Enterprise,2663
2024-09-29,CPU Interactive,Mid-Market,1421
2024-09-29,CPU Interactive,Startup,857
2024-09-29,CPU Interactive,Research/Academic,1727
2024-09-30,GPU Training,Enterprise,21474
2024-09-30,GPU Training,Mid-Market,7764
2024-09-30,GPU Training,Startup,3348
2024-09-30,GPU Training,Research/Academic,4054
2024-09-30,GPU Inference,Enterprise,16417
2024-09-30,GPU Inference,Mid-Market,7486
2024-09-30,GPU Inference,Startup,5347
2024-09-30,GPU Inference,Research/Academic,1592
2024-09-30,CPU Batch,Enterprise,7113
2024-09-30,CPU Batch,Mid-Market,3779
2024-09-30,CPU Batch,Startup,1379
2024-09-30,CPU Batch,Research/Academic,1939
2024-09-30,CPU Interactive,Enterprise,5784
2024-09-30,CPU Interactive,Mid-Market,3195
2024-09-30,CPU Interactive,Startup,2060
2024-09-30,CPU Interactive,Research/Academic,2925
2024-10-01,GPU Training,Enterprise,19647
2024-10-01,GPU Training,Mid-Market,7932
2024-10-01,GPU Training,Startup,3414
2024-10-01,GPU Training,Research/Academic,4728
2024-10-01,GPU Inference,Enterprise,16216
2024-10-01,GPU Inference,Mid-Market,8307
2024-10-01,GPU Inference,Startup,5611
2024-10-01,GPU Inference,Research/Academic,1728
2024-10-01,CPU Batch,Enterprise,7888
2024-10-01,CPU Batch,Mid-Market,3561
2024-10-01,CPU Batch,Startup,1021
2024-10-01,CPU Batch,Research/Academic,1562
2024-10-01,CPU Interactive,Enterprise,5126
2024-10-01,CPU Interactive,Mid-Market,2982
2024-10-01,CPU Interactive,Startup,1822
2024-10-01,CPU Interactive,Research/Academic,2988
2024-10-02,GPU Training,Enterprise,21952
2024-10-02,GPU Training,Mid-Market,6740
2024-10-02,GPU Training,Startup,4146
2024-10-02,GPU Training,Research/Academic,3946
2024-10-02,GPU Inference,Enterprise,17308
2024-10-02,GPU Inference,Mid-Market,7784
2024-10-02,GPU Inference,Startup,6946
2024-10-02,GPU Inference,Research/Academic,1585
2024-10-02,CPU Batch,Enterprise,6965
2024-10-02,CPU Batch,Mid-Market,3951
2024-10-02,CPU Batch,Startup,1141
2024-10-02,CPU Batch,Research/Academic,1607
2024-10-02,CPU Interactive,Enterprise,5619
2024-10-02,CPU Interactive,Mid-Market,2879
2024-10-02,CPU Interactive,Startup,1648
2024-10-02,CPU Interactive,Research/Academic,3256
2024-10-03,GPU Training,Enterprise,21005
2024-10-03,GPU Training,Mid-Market,7467
2024-10-03,GPU Training,Startup,3365
2024-10-03,GPU Training,Research/Academic,4481
2024-10-03,GPU Inference,Enterprise,16934
2024-10-03,GPU Inference,Mid-Market,7505
2024-10-03,GPU Inference,Startup,5599
2024-10-03,GPU Inference,Research/Academic,1659
2024-10-03,CPU Batch,Enterprise,8006
2024-10-03,CPU Batch,Mid-Market,4120
2024-10-03,CPU Batch,Startup,1210
2024-10-03,CPU Batch,Research/Academic,1833
2024-10-03,CPU Interactive,Enterprise,5430
2024-10-03,CPU Interactive,Mid-Market,2853
2024-10-03,CPU Interactive,Startup,1941
2024-10-03,CPU Interactive,Research/Academic,2990
2024-10-04,GPU Training,Enterprise,19666
2024-10-04,GPU Training,Mid-Market,6438
2024-10-04,GPU Training,Startup,2892
2024-10-04,GPU Training,Research/Academic,3797
2024-10-04,GPU Inference,Enterprise,16150
2024-10-04,GPU Inference,Mid-Market,6743
2024-10-04,GPU Inference,Startup,5695
2024-10-04,GPU Inference,Research/Academic,1473
2024-10-04,CPU Batch,Enterprise,7705
2024-10-04,CPU Batch,Mid-Market,3786
2024-10-04,CPU Batch,Startup,1179
2024-10-04,CPU Batch,Research/Academic,1725
2024-10-04,CPU Interactive,Enterprise,4955
2024-10-04,CPU Interactive,Mid-Market,2754
2024-10-04,CPU Interactive,Startup,1567
2024-10-04,CPU Interactive,Research/Academic,2869
2024-10-05,GPU Training,Enterprise,15187
2024-10-05,GPU Training,Mid-Market,5749
2024-10-05,GPU Training,Startup,2207
2024-10-05,GPU Training,Research/Academic,2957
2024-10-05,GPU Inference,Enterprise,11595
2024-10-05,GPU Inference,Mid-Market,5317
2024-10-05,GPU Inference,Startup,3604
2024-10-05,GPU Inference,Research/Academic,1068
2024-10-05,CPU Batch,Enterprise,4955
2024-10-05,CPU Batch,Mid-Market,2846
2024-10-05,CPU Batch,Startup,605
2024-10-05,CPU Batch,Research/Academic,1052
2024-10-05,CPU Interactive,Enterprise,3240
2024-10-05,CPU Interactive,Mid-Market,1503
2024-10-05,CPU Interactive,Startup,801
2024-10-05,CPU Interactive,Research/Academic,1526
2024-10-06,GPU Training,Enterprise,13139
2024-10-06,GPU Training,Mid-Market,5341
2024-10-06,GPU Training,Startup,2683
2024-10-06,GPU Training,Research/Academic,2575
2024-10-06,GPU Inference,Enterprise,10051
2024-10-06,GPU Inference,Mid-Market,4812
2024-10-06,GPU Inference,Startup,2896
2024-10-06,GPU Inference,Research/Academic,867
2024-10-06,CPU Batch,Enterprise,4179
2024-10-06,CPU Batch,Mid-Market,2077
2024-10-06,CPU Batch,Startup,599
2024-10-06,CPU Batch,Research/Academic,877
2024-10-06,CPU Interactive,Enterprise,2519
2024-10-06,CPU Interactive,Mid-Market,1307
2024-10-06,CPU Interactive,Startup,926
2024-10-06,CPU Interactive,Research/Academic,1401
2024-10-07,GPU Training,Enterprise,19747
2024-10-07,GPU Training,Mid-Market,6334
2024-10-07,GPU Training,Startup,3447
2024-10-07,GPU Training,Research/Academic,3597
2024-10-07,GPU Inference,Enterprise,15670
2024-10-07,GPU Inference,Mid-Market,7479
2024-10-07,GPU Inference,Startup,5052
2024-10-07,GPU Inference,Research/Academic,1652
2024-10-07,CPU Batch,Enterprise,7598
2024-10-07,CPU Batch,Mid-Market,3925
2024-10-07,CPU Batch,Startup,938
2024-10-07,CPU Batch,Research/Academic,1385
2024-10-07,CPU Interactive,Enterprise,5218
2024-10-07,CPU Interactive,Mid-Market,2664
2024-10-07,CPU Interactive,Startup,1587
2024-10-07,CPU Interactive,Research/Academic,3029
2024-10-08,GPU Training,Enterprise,19881
2024-10-08,GPU Training,Mid-Market,7150
2024-10-08,GPU Training,Startup,3638
2024-10-08,GPU Training,Research/Academic,3549
2024-10-08,GPU Inference,Enterprise,16509
2024-10-08,GPU Inference,Mid-Market,7886
2024-10-08,GPU Inference,Startup,5943
2024-10-08,GPU Inference,Research/Academic,1721
2024-10-08,CPU Batch,Enterprise,7727
2024-10-08,CPU Batch,Mid-Market,3837
2024-10-08,CPU Batch,Startup,821
2024-10-08,CPU Batch,Research/Academic,1554
2024-10-08,CPU Interactive,Enterprise,5567
2024-10-08,CPU Interactive,Mid-Market,2563
2024-10-08,CPU Interactive,Startup,1803
2024-10-08,CPU Interactive,Research/Academic,3060
2024-10-09,GPU Training,Enterprise,22879
2024-10-09,GPU Training,Mid-Market,7419
2024-10-09,GPU Training,Startup,3317
2024-10-09,GPU Training,Research/Academic,4048
2024-10-09,GPU Inference,Enterprise,17316
2024-10-09,GPU Inference,Mid-Market,7446
2024-10-09,GPU Inference,Startup,6773
2024-10-09,GPU Inference,Research/Academic,1503
2024-10-09,CPU Batch,Enterprise,7634
2024-10-09,CPU Batch,Mid-Market,4071
2024-10-09,CPU Batch,Startup,1065
2024-10-09,CPU Batch,Research/Academic,1868
2024-10-09,CPU Interactive,Enterprise,5636
2024-10-09,CPU Interactive,Mid-Market,3132
2024-10-09,CPU Interactive,Startup,1992
2024-10-09,CPU Interactive,Research/Academic,3184
2024-10-10,GPU Training,Enterprise,21049
2024-10-10,GPU Training,Mid-Market,7396
2024-10-10,GPU Training,Startup,4155
2024-10-10,GPU Training,Research/Academic,4278
2024-10-10,GPU Inference,Enterprise,16408
2024-10-10,GPU Inference,Mid-Market,7634
2024-10-10,GPU Inference,Startup,4500
2024-10-10,GPU Inference,Research/Academic,1531
2024-10-10,CPU Batch,Enterprise,7898
2024-10-10,CPU Batch,Mid-Market,3913
2024-10-10,CPU Batch,Startup,1134
2024-10-10,CPU Batch,Research/Academic,1372
2024-10-10,CPU Interactive,Enterprise,5665
2024-10-10,CPU Interactive,Mid-Market,3118
2024-10-10,CPU Interactive,Startup,2115
2024-10-10,CPU Interactive,Research/Academic,3426
2024-10-11,GPU Training,Enterprise,20448
2024-10-11,GPU Training,Mid-Market,7300
2024-10-11,GPU Training,Startup,2922
2024-10-11,GPU Training,Research/Academic,3819
2024-10-11,GPU Inference,Enterprise,15516
2024-10-11,GPU Inference,Mid-Market,6325
2024-10-11,GPU Inference,Startup,5019
2024-10-11,GPU Inference,Research/Academic,1726
2024-10-11,CPU Batch,Enterprise,7311
2024-10-11,CPU Batch,Mid-Market,3898
2024-10-11,CPU Batch,Startup,1023
2024-10-11,CPU Batch,Research/Academic,1472
2024-10-11,CPU Interactive,Enterprise,5457
2024-10-11,CPU Interactive,Mid-Market,2389
2024-10-11,CPU Interactive,Startup,1709
2024-10-11,CPU Interactive,Research/Academic,2884
2024-10-12,GPU Training,Enterprise,15868
2024-10-12,GPU Training,Mid-Market,5353
2024-10-12,GPU Training,Startup,2098
2024-10-12,GPU Training,Research/Academic,2775
2024-10-12,GPU Inference,Enterprise,11083
2024-10-12,GPU Inference,Mid-Market,4774
2024-10-12,GPU Inference,Startup,4498
2024-10-12,GPU Inference,Research/Academic,971
2024-10-12,CPU Batch,Enterprise,4988
2024-10-12,CPU Batch,Mid-Market,2589
2024-10-12,CPU Batch,Startup,814
2024-10-12,CPU Batch,Research/Academic,1121
2024-10-12,CPU Interactive,Enterprise,2998
2024-10-12,CPU Interactive,Mid-Market,1519
2024-10-12,CPU Interactive,Startup,1064
2024-10-12,CPU Interactive,Research/Academic,1419
2024-10-13,GPU Training,Enterprise,13272
2024-10-13,GPU Training,Mid-Market,5426
2024-10-13,GPU Training,Startup,2585
2024-10-13,GPU Training,Research/Academic,2882
2024-10-13,GPU Inference,Enterprise,10107
2024-10-13,GPU Inference,Mid-Market,5056
2024-10-13,GPU Inference,Startup,3427
2024-10-13,GPU Inference,Research/Academic,999
2024-10-13,CPU Batch,Enterprise,4327
2024-10-13,CPU Batch,Mid-Market,2476
2024-10-13,CPU Batch,Startup,599
2024-10-13,CPU Batch,Research/Academic,921
2024-10-13,CPU Interactive,Enterprise,2359
2024-10-13,CPU Interactive,Mid-Market,1478
2024-10-13,CPU Interactive,Startup,917
2024-10-13,CPU Interactive,Research/Academic,1431
2024-10-14,GPU Training,Enterprise,12261
2024-10-14,GPU Training,Mid-Market,4329
2024-10-14,GPU Training,Startup,2102
2024-10-14,GPU Training,Research/Academic,1821
2024-10-14,GPU Inference,Enterprise,8409
2024-10-14,GPU Inference,Mid-Market,4096
2024-10-14,GPU Inference,Startup,3989
2024-10-14,GPU Inference,Research/Academic,709
2024-10-14,CPU Batch,Enterprise,3738
2024-10-14,CPU Batch,Mid-Market,2504
2024-10-14,CPU Batch,Startup,823
2024-10-14,CPU Batch,Research/Academic,811
2024-10-14,CPU Interactive,Enterprise,2842
2024-10-14,CPU Interactive,Mid-Market,1646
2024-10-14,CPU Interactive,Startup,1352
2024-10-14,CPU Interactive,Research/Academic,1458
2024-10-15,GPU Training,Enterprise,20789
2024-10-15,GPU Training,Mid-Market,7768
2024-10-15,GPU Training,Startup,3771
2024-10-15,GPU Training,Research/Academic,3937
2024-10-15,GPU Inference,Enterprise,16563
2024-10-15,GPU Inference,Mid-Market,8215
2024-10-15,GPU Inference,Startup,5545
2024-10-15,GPU Inference,Research/Academic,1611
2024-10-15,CPU Batch,Enterprise,7523
2024-10-15,CPU Batch,Mid-Market,3684
2024-10-15,CPU Batch,Startup,989
2024-10-15,CPU Batch,Research/Academic,1652
2024-10-15,CPU Interactive,Enterprise,5310
2024-10-15,CPU Interactive,Mid-Market,2589
2024-10-15,CPU Interactive,Startup,1743
2024-10-15,CPU Interactive,Research/Academic,3046
2024-10-16,GPU Training,Enterprise,22804
2024-10-16,GPU Training,Mid-Market,8079
2024-10-16,GPU Training,Startup,2645
2024-10-16,GPU Training,Research/Academic,4286
2024-10-16,GPU Inference,Enterprise,16826
2024-10-16,GPU Inference,Mid-Market,7847
2024-10-16,GPU Inference,Startup,6042
2024-10-16,GPU Inference,Research/Academic,1582
2024-10-16,CPU Batch,Enterprise,7582
2024-10-16,CPU Batch,Mid-Market,3949
2024-10-16,CPU Batch,Startup,1318
2024-10-16,CPU Batch,Research/Academic,1745
2024-10-16,CPU Interactive,Enterprise,5868
2024-10-16,CPU Interactive,Mid-Market,3178
2024-10-16,CPU Interactive,Startup,2119
2024-10-16,CPU Interactive,Research/Academic,2681
2024-10-17,GPU Training,Enterprise,22683
2024-10-17,GPU Training,Mid-Market,7533
2024-10-17,GPU Training,Startup,3942
2024-10-17,GPU Training,Research/Academic,3768
2024-10-17,GPU Inference,Enterprise,16427
2024-10-17,GPU Inference,Mid-Market,8742
2024-10-17,GPU Inference,Startup,5406
2024-10-17,GPU Inference,Research/Academic,1762
2024-10-17,CPU Batch,Enterprise,7651
2024-10-17,CPU Batch,Mid-Market,3842
2024-10-17,CPU Batch,Startup,1116
2024-10-17,CPU Batch,Research/Academic,1575
2024-10-17,CPU Interactive,Enterprise,5768
2024-10-17,CPU Interactive,Mid-Market,2833
2024-10-17,CPU Interactive,Startup,1917
2024-10-17,CPU Interactive,Research/Academic,3420
2024-10-18,GPU Training,Enterprise,20933
2024-10-18,GPU Training,Mid-Market,6699
2024-10-18,GPU Training,Startup,3830
2024-10-18,GPU Training,Research/Academic,3887
2024-10-18,GPU Inference,Enterprise,16093
2024-10-18,GPU Inference,Mid-Market,7660
2024-10-18,GPU Inference,Startup,5679
2024-10-18,GPU Inference,Research/Academic,1397
2024-10-18,CPU Batch,Enterprise,7973
2024-10-18,CPU Batch,Mid-Market,3844
2024-10-18,CPU Batch,Startup,1081
2024-10-18,CPU Batch,Research/Academic,1646
2024-10-18,CPU Interactive,Enterprise,5526
2024-10-18,CPU Interactive,Mid-Market,2692
2024-10-18,CPU Interactive,Startup,1526
2024-10-18,CPU Interactive,Research/Academic,2747
2024-10-19,GPU Training,Enterprise,16659
2024-10-19,GPU Training,Mid-Market,6007
2024-10-19,GPU Training,Startup,2558
2024-10-19,GPU Training,Research/Academic,3308
2024-10-19,GPU Inference,Enterprise,11858
2024-10-19,GPU Inference,Mid-Market,4995
2024-10-19,GPU Inference,Startup,3978
2024-10-19,GPU Inference,Research/Academic,1101
2024-10-19,CPU Batch,Enterprise,4777
2024-10-19,CPU Batch,Mid-Market,2567
2024-10-19,CPU Batch,Startup,755
2024-10-19,CPU Batch,Research/Academic,990
2024-10-19,CPU Interactive,Enterprise,2891
2024-10-19,CPU Interactive,Mid-Market,1511
2024-10-19,CPU Interactive,Startup,1149
2024-10-19,CPU Interactive,Research/Academic,1382
2024-10-20,GPU Training,Enterprise,14597
2024-10-20,GPU Training,Mid-Market,5141
2024-10-20,GPU Training,Startup,2778
2024-10-20,GPU Training,Research/Academic,2769
2024-10-20,GPU Inference,Enterprise,11176
2024-10-20,GPU Inference,Mid-Market,4819
2024-10-20,GPU Inference,Startup,3494
2024-10-20,GPU Inference,Research/Academic,987
2024-10-20,CPU Batch,Enterprise,4174
2024-10-20,CPU Batch,Mid-Market,2337
2024-10-20,CPU Batch,Startup,532
2024-10-20,CPU Batch,Research/Academic,910
2024-10-20,CPU Interactive,Enterprise,2559
2024-10-20,CPU Interactive,Mid-Market,1450
2024-10-20,CPU Interactive,Startup,672
2024-10-20,CPU Interactive,Research/Academic,1542
2024-10-21,GPU Training,Enterprise,19665
2024-10-21,GPU Training,Mid-Market,6220
2024-10-21,GPU Training,Startup,2305
2024-10-21,GPU Training,Research/Academic,3280
2024-10-21,GPU Inference,Enterprise,16007
2024-10-21,GPU Inference,Mid-Market,7056
2024-10-21,GPU Inference,Startup,6104
2024-10-21,GPU Inference,Research/Academic,1427
2024-10-21,CPU Batch,Enterprise,6888
2024-10-21,CPU Batch,Mid-Market,3636
2024-10-21,CPU Batch,Startup,1066
2024-10-21,CPU Batch,Research/Academic,1683
2024-10-21,CPU Interactive,Enterprise,4871
2024-10-21,CPU Interactive,Mid-Market,2837
2024-10-21,CPU Interactive,Startup,1627
2024-10-21,CPU Interactive,Research/Academic,2577
2024-10-22,GPU Training,Enterprise,20332
2024-10-22,GPU Training,Mid-Market,8041
2024-10-22,GPU Training,Startup,3420
2024-10-22,GPU Training,Research/Academic,3682
2024-10-22,GPU Inference,Enterprise,17474
2024-10-22,GPU Inference,Mid-Market,8660
2024-10-22,GPU Inference,Startup,6104
2024-10-22,GPU Inference,Research/Academic,1728
2024-10-22,CPU Batch,Enterprise,7727
2024-10-22,CPU Batch,Mid-Market,3694
2024-10-22,CPU Batch,Startup,1097
2024-10-22,CPU Batch,Research/Academic,1535
2024-10-22,CPU Interactive,Enterprise,5387
2024-10-22,CPU Interactive,Mid-Market,2755
2024-10-22,CPU Interactive,Startup,1805
2024-10-22,CPU Interactive,Research/Academic,2811
2024-10-23,GPU Training,Enterprise,21534
2024-10-23,GPU Training,Mid-Market,8117
2024-10-23,GPU Training,Startup,3592
2024-10-23,GPU Training,Research/Academic,3514
2024-10-23,GPU Inference,Enterprise,16829
2024-10-23,GPU Inference,Mid-Market,6903
2024-10-23,GPU Inference,Startup,6316
2024-10-23,GPU Inference,Research/Academic,1677
2024-10-23,CPU Batch,Enterprise,7706
2024-10-23,CPU Batch,Mid-Market,3753
2024-10-23,CPU Batch,Startup,1159
2024-10-23,CPU Batch,Research/Academic,1685
2024-10-23,CPU Interactive,Enterprise,5384
2024-10-23,CPU Interactive,Mid-Market,3146
2024-10-23,CPU Interactive,Startup,2169
2024-10-23,CPU Interactive,Research/Academic,3340
2024-10-24,GPU Training,Enterprise,21274
2024-10-24,GPU Training,Mid-Market,8501
2024-10-24,GPU Training,Startup,3439
2024-10-24,GPU Training,Research/Academic,4299
2024-10-24,GPU Inference,Enterprise,17007
2024-10-24,GPU Inference,Mid-Market,7569
2024-10-24,GPU Inference,Startup,4596
2024-10-24,GPU Inference,Research/Academic,1573
2024-10-24,CPU Batch,Enterprise,7657
2024-10-24,CPU Batch,Mid-Market,3855
2024-10-24,CPU Batch,Startup,1390
2024-10-24,CPU Batch,Research/Academic,1594
2024-10-24,CPU Interactive,Enterprise,5659
2024-10-24,CPU Interactive,Mid-Market,2880
2024-10-24,CPU Interactive,Startup,1888
2024-10-24,CPU Interactive,Research/Academic,3452
2024-10-25,GPU Training,Enterprise,22089
2024-10-25,GPU Training,Mid-Market,7120
2024-10-25,GPU Training,Startup,3197
2024-10-25,GPU Training,Research/Academic,3551
2024-10-25,GPU Inference,Enterprise,17461
2024-10-25,GPU Inference,Mid-Market,7942
2024-10-25,GPU Inference,Startup,5798
2024-10-25,GPU Inference,Research/Academic,1375
2024-10-25,CPU Batch,Enterprise,7042
2024-10-25,CPU Batch,Mid-Market,3905
2024-10-25,CPU Batch,Startup,1170
2024-10-25,CPU Batch,Research/Academic,1442
2024-10-25,CPU Interactive,Enterprise,5220
2024-10-25,CPU Interactive,Mid-Market,3139
2024-10-25,CPU Interactive,Startup,1798
2024-10-25,CPU Interactive,Research/Academic,3270
2024-10-26,GPU Training,Enterprise,16292
2024-10-26,GPU Training,Mid-Market,5286
2024-10-26,GPU Training,Startup,2568
2024-10-26,GPU Training,Research/Academic,2938
2024-10-26,GPU Inference,Enterprise,11164
2024-10-26,GPU Inference,Mid-Market,4803
2024-10-26,GPU Inference,Startup,4928
2024-10-26,GPU Inference,Research/Academic,994
2024-10-26,CPU Batch,Enterprise,5166
2024-10-26,CPU Batch,Mid-Market,2496
2024-10-26,CPU Batch,Startup,728
2024-10-26,CPU Batch,Research/Academic,1186
2024-10-26,CPU Interactive,Enterprise,2853
2024-10-26,CPU Interactive,Mid-Market,1612
2024-10-26,CPU Interactive,Startup,798
2024-10-26,CPU Interactive,Research/Academic,1661
2024-10-27,GPU Training,Enterprise,13493
2024-10-27,GPU Training,Mid-Market,5267
2024-10-27,GPU Training,Startup,2766
2024-10-27,GPU Training,Research/Academic,2926
2024-10-27,GPU Inference,Enterprise,9951
2024-10-27,GPU Inference,Mid-Market,4282
2024-10-27,GPU Inference,Startup,3425
2024-10-27,GPU Inference,Research/Academic,986
2024-10-27,CPU Batch,Enterprise,3911
2024-10-27,CPU Batch,Mid-Market,2204
2024-10-27,CPU Batch,Startup,650
2024-10-27,CPU Batch,Research/Academic,950
2024-10-27,CPU Interactive,Enterprise,2573
2024-10-27,CPU Interactive,Mid-Market,1357
2024-10-27,CPU Interactive,Startup,825
2024-10-27,CPU Interactive,Research/Academic,1184
2024-10-28,GPU Training,Enterprise,19977
2024-10-28,GPU Training,Mid-Market,6680
2024-10-28,GPU Training,Startup,3110
2024-10-28,GPU Training,Research/Academic,3858
2024-10-28,GPU Inference,Enterprise,17084
2024-10-28,GPU Inference,Mid-Market,7140
2024-10-28,GPU Inference,Startup,6128
2024-10-28,GPU Inference,Research/Academic,1332
2024-10-28,CPU Batch,Enterprise,7285
2024-10-28,CPU Batch,Mid-Market,3736
2024-10-28,CPU Batch,Startup,1235
2024-10-28,CPU Batch,Research/Academic,1583
2024-10-28,CPU Interactive,Enterprise,4993
2024-10-28,CPU Interactive,Mid-Market,2879
2024-10-28,CPU Interactive,Startup,1743
2024-10-28,CPU Interactive,Research/Academic,2531
2024-10-29,GPU Training,Enterprise,23122
2024-10-29,GPU Training,Mid-Market,6959
2024-10-29,GPU Training,Startup,3477
2024-10-29,GPU Training,Research/Academic,4009
2024-10-29,GPU Inference,Enterprise,17151
2024-10-29,GPU Inference,Mid-Market,7428
2024-10-29,GPU Inference,Startup,5900
2024-10-29,GPU Inference,Research/Academic,1541
2024-10-29,CPU Batch,Enterprise,7104
2024-10-29,CPU Batch,Mid-Market,4491
2024-10-29,CPU Batch,Startup,1069
2024-10-29,CPU Batch,Research/Academic,1785
2024-10-29,CPU Interactive,Enterprise,5375
2024-10-29,CPU Interactive,Mid-Market,2818
2024-10-29,CPU Interactive,Startup,1803
2024-10-29,CPU Interactive,Research/Academic,2639
2024-10-30,GPU Training,Enterprise,21748
2024-10-30,GPU Training,Mid-Market,7648
2024-10-30,GPU Training,Startup,4230
2024-10-30,GPU Training,Research/Academic,3713
2024-10-30,GPU Inference,Enterprise,17074
2024-10-30,GPU Inference,Mid-Market,7281
2024-10-30,GPU Inference,Startup,7391
2024-10-30,GPU Inference,Research/Academic,1507
2024-10-30,CPU Batch,Enterprise,7816
2024-10-30,CPU Batch,Mid-Market,4255
2024-10-30,CPU Batch,Startup,1110
2024-10-30,CPU Batch,Research/Academic,1568
2024-10-30,CPU Interactive,Enterprise,5351
2024-10-30,CPU Interactive,Mid-Market,3184
2024-10-30,CPU Interactive,Startup,1699
2024-10-30,CPU Interactive,Research/Academic,3198
2024-10-31,GPU Training,Enterprise,22004
2024-10-31,GPU Training,Mid-Market,8087
2024-10-31,GPU Training,Startup,3894
2024-10-31,GPU Training,Research/Academic,3793
2024-10-31,GPU Inference,Enterprise,16822
2024-10-31,GPU Inference,Mid-Market,8163
2024-10-31,GPU Inference,Startup,5775
2024-10-31,GPU Inference,Research/Academic,1297
2024-10-31,CPU Batch,Enterprise,7845
2024-10-31,CPU Batch,Mid-Market,3699
2024-10-31,CPU Batch,Startup,1195
2024-10-31,CPU Batch,Research/Academic,1957
2024-10-31,CPU Interactive,Enterprise,5809
2024-10-31,CPU Interactive,Mid-Market,3302
2024-10-31,CPU Interactive,Startup,2068
2024-10-31,CPU Interactive,Research/Academic,3613
2024-11-01,GPU Training,Enterprise,19857
2024-11-01,GPU Training,Mid-Market,7448
2024-11-01,GPU Training,Startup,3776
2024-11-01,GPU Training,Research/Academic,3806
2024-11-01,GPU Inference,Enterprise,17318
2024-11-01,GPU Inference,Mid-Market,7125
2024-11-01,GPU Inference,Startup,7555
2024-11-01,GPU Inference,Research/Academic,1810
2024-11-01,CPU Batch,Enterprise,7445
2024-11-01,CPU Batch,Mid-Market,3981
2024-11-01,CPU Batch,Startup,1256
2024-11-01,CPU Batch,Research/Academic,1533
2024-11-01,CPU Interactive,Enterprise,4983
2024-11-01,CPU Interactive,Mid-Market,3042
2024-11-01,CPU Interactive,Startup,1899
2024-11-01,CPU Interactive,Research/Academic,2826
2024-11-02,GPU Training,Enterprise,15804
2024-11-02,GPU Training,Mid-Market,4809
2024-11-02,GPU Training,Startup,2597
2024-11-02,GPU Training,Research/Academic,2773
2024-11-02,GPU Inference,Enterprise,12006
2024-11-02,GPU Inference,Mid-Market,5512
2024-11-02,GPU Inference,Startup,4423
2024-11-02,GPU Inference,Research/Academic,1102
2024-11-02,CPU Batch,Enterprise,4624
2024-11-02,CPU Batch,Mid-Market,2662
2024-11-02,CPU Batch,Startup,783
2024-11-02,CPU Batch,Research/Academic,1242
2024-11-02,CPU Interactive,Enterprise,3158
2024-11-02,CPU Interactive,Mid-Market,1368
2024-11-02,CPU Interactive,Startup,969
2024-11-02,CPU Interactive,Research/Academic,1498
2024-11-03,GPU Training,Enterprise,14922
2024-11-03,GPU Training,Mid-Market,5337
2024-11-03,GPU Training,Startup,2425
2024-11-03,GPU Training,Research/Academic,2998
2024-11-03,GPU Inference,Enterprise,10009
2024-11-03,GPU Inference,Mid-Market,4321
2024-11-03,GPU Inference,Startup,3302
2024-11-03,GPU Inference,Research/Academic,937
2024-11-03,CPU Batch,Enterprise,4007
2024-11-03,CPU Batch,Mid-Market,2183
2024-11-03,CPU Batch,Startup,610
2024-11-03,CPU Batch,Research/Academic,905
2024-11-03,CPU Interactive,Enterprise,2592
2024-11-03,CPU Interactive,Mid-Market,1323
2024-11-03,CPU Interactive,Startup,995
2024-11-03,CPU Interactive,Research/Academic,1350
2024-11-04,GPU Training,Enterprise,19754
2024-11-04,GPU Training,Mid-Market,6841
2024-11-04,GPU Training,Startup,3326
2024-11-04,GPU Training,Research/Academic,3899
2024-11-04,GPU Inference,Enterprise,15847
2024-11-04,GPU Inference,Mid-Market,7425
2024-11-04,GPU Inference,Startup,5220
2024-11-04,GPU Inference,Research/Academic,1577
2024-11-04,CPU Batch,Enterprise,6993
2024-11-04,CPU Batch,Mid-Market,3954
2024-11-04,CPU Batch,Startup,1067
2024-11-04,CPU Batch,Research/Academic,1850
2024-11-04,CPU Interactive,Enterprise,4781
2024-11-04,CPU Interactive,Mid-Market,2397
2024-11-04,CPU Interactive,Startup,1629
2024-11-04,CPU Interactive,Research/Academic,2454
2024-11-05,GPU Training,Enterprise,19658
2024-11-05,GPU Training,Mid-Market,7811
2024-11-05,GPU Training,Startup,3498
2024-11-05,GPU Training,Research/Academic,3722
2024-11-05,GPU Inference,Enterprise,16673
2024-11-05,GPU Inference,Mid-Market,7221
2024-11-05,GPU Inference,Startup,7380
2024-11-05,GPU Inference,Research/Academic,1470
2024-11-05,CPU Batch,Enterprise,6990
2024-11-05,CPU Batch,Mid-Market,4056
2024-11-05,CPU Batch,Startup,1063
2024-11-05,CPU Batch,Research/Academic,1985
2024-11-05,CPU Interactive,Enterprise,5297
2024-11-05,CPU Interactive,Mid-Market,3047
2024-11-05,CPU Interactive,Startup,2158
2024-11-05,CPU Interactive,Research/Academic,2841
2024-11-06,GPU Training,Enterprise,21143
2024-11-06,GPU Training,Mid-Market,8259
2024-11-06,GPU Training,Startup,3933
2024-11-06,GPU Training,Research/Academic,3621
2024-11-06,GPU Inference,Enterprise,16667
2024-11-06,GPU Inference,Mid-Market,6493
2024-11-06,GPU Inference,Startup,6701
2024-11-06,GPU Inference,Research/Academic,1571
2024-11-06,CPU Batch,Enterprise,7534
2024-11-06,CPU Batch,Mid-Market,3506
2024-11-06,CPU Batch,Startup,984
2024-11-06,CPU Batch,Research/Academic,1670
2024-11-06,CPU Interactive,Enterprise,5464
2024-11-06,CPU Interactive,Mid-Market,3005
2024-11-06,CPU Interactive,Startup,2110
2024-11-06,CPU Interactive,Research/Academic,3683
2024-11-07,GPU Training,Enterprise,21778
2024-11-07,GPU Training,Mid-Market,8486
2024-11-07,GPU Training,Startup,3327
2024-11-07,GPU Training,Research/Academic,3546
2024-11-07,GPU Inference,Enterprise,17211
2024-11-07,GPU Inference,Mid-Market,6944
2024-11-07,GPU Inference,Startup,6262
2024-11-07,GPU Inference,Research/Academic,1508
2024-11-07,CPU Batch,Enterprise,7015
2024-11-07,CPU Batch,Mid-Market,4458
2024-11-07,CPU Batch,Startup,1053
2024-11-07,CPU Batch,Research/Academic,1522
2024-11-07,CPU Interactive,Enterprise,5976
2024-11-07,CPU Interactive,Mid-Market,2909
2024-11-07,CPU Interactive,Startup,2304
2024-11-07,CPU Interactive,Research/Academic,2975
2024-11-08,GPU Training,Enterprise,20374
2024-11-08,GPU Training,Mid-Market,7682
2024-11-08,GPU Training,Startup,3771
2024-11-08,GPU Training,Research/Academic,4116
2024-11-08,GPU Inference,Enterprise,16606
2024-11-08,GPU Inference,Mid-Market,7696
2024-11-08,GPU Inference,Startup,6532
2024-11-08,GPU Inference,Research/Academic,1556
2024-11-08,CPU Batch,Enterprise,7334
2024-11-08,CPU Batch,Mid-Market,3470
2024-11-08,CPU Batch,Startup,1173
2024-11-08,CPU Batch,Research/Academic,1693
2024-11-08,CPU Interactive,Enterprise,5180
2024-11-08,CPU Interactive,Mid-Market,3058
2024-11-08,CPU Interactive,Startup,1556
2024-11-08,CPU Interactive,Research/Academic,3286
2024-11-09,GPU Training,Enterprise,15859
2024-11-09,GPU Training,Mid-Market,5847
2024-11-09,GPU Training,Startup,2555
2024-11-09,GPU Training,Research/Academic,2582
2024-11-09,GPU Inference,Enterprise,11598
2024-11-09,GPU Inference,Mid-Market,5315
2024-11-09,GPU Inference,Startup,4537
2024-11-09,GPU Inference,Research/Academic,1054
2024-11-09,CPU Batch,Enterprise,4506
2024-11-09,CPU Batch,Mid-Market,2299
2024-11-09,CPU Batch,Startup,932
2024-11-09,CPU Batch,Research/Academic,1031
2024-11-09,CPU Interactive,Enterprise,3081
2024-11-09,CPU Interactive,Mid-Market,1448
2024-11-09,CPU Interactive,Startup,999
2024-11-09,CPU Interactive,Research/Academic,1673
2024-11-10,GPU Training,Enterprise,14411
2024-11-10,GPU Training,Mid-Market,5998
2024-11-10,GPU Training,Startup,2538
2024-11-10,GPU Training,Research/Academic,2870
2024-11-10,GPU Inference,Enterprise,10428
2024-11-10,GPU Inference,Mid-Market,4915
2024-11-10,GPU Inference,Startup,4573
2024-11-10,GPU Inference,Research/Academic,957
2024-11-10,CPU Batch,Enterprise,4519
2024-11-10,CPU Batch,Mid-Market,2104
2024-11-10,CPU Batch,Startup,685
2024-11-10,CPU Batch,Research/Academic,1003
2024-11-10,CPU Interactive,Enterprise,2405
2024-11-10,CPU Interactive,Mid-Market,1353
2024-11-10,CPU Interactive,Startup,882
2024-11-10,CPU Interactive,Research/Academic,1282
2024-11-11,GPU Training,Enterprise,11086
2024-11-11,GPU Training,Mid-Market,4341
2024-11-11,GPU Training,Startup,2496
2024-11-11,GPU Training,Research/Academic,1835
2024-11-11,GPU Inference,Enterprise,8897
2024-11-11,GPU Inference,Mid-Market,4229
2024-11-11,GPU Inference,Startup,4448
2024-11-11,GPU Inference,Research/Academic,707
2024-11-11,CPU Batch,Enterprise,4387
2024-11-11,CPU Batch,Mid-Market,2030
2024-11-11,CPU Batch,Startup,743
2024-11-11,CPU Batch,Research/Academic,787
2024-11-11,CPU Interactive,Enterprise,2997
2024-11-11,CPU Interactive,Mid-Market,1459
2024-11-11,CPU Interactive,Startup,1391
2024-11-11,CPU Interactive,Research/Academic,1400
2024-11-12,GPU Training,Enterprise,21158
2024-11-12,GPU Training,Mid-Market,8206
2024-11-12,GPU Training,Startup,4084
2024-11-12,GPU Training,Research/Academic,3737
2024-11-12,GPU Inference,Enterprise,17197
2024-11-12,GPU Inference,Mid-Market,6674
2024-11-12,GPU Inference,Startup,6209
2024-11-12,GPU Inference,Research/Academic,1467
2024-11-12,CPU Batch,Enterprise,7330
2024-11-12,CPU Batch,Mid-Market,3418
2024-11-12,CPU Batch,Startup,1149
2024-11-12,CPU Batch,Research/Academic,1473
2024-11-12,CPU Interactive,Enterprise,5458
2024-11-12,CPU Interactive,Mid-Market,2646
2024-11-12,CPU Interactive,Startup,1720
2024-11-12,CPU Interactive,Research/Academic,3252
2024-11-13,GPU Training,Enterprise,22407
2024-11-13,GPU Training,Mid-Market,8552
2024-11-13,GPU Training,Startup,4464
2024-11-13,GPU Training,Research/Academic,3817
2024-11-13,GPU Inference,Enterprise,18657
2024-11-13,GPU Inference,Mid-Market,7068
2024-11-13,GPU Inference,Startup,6916
2024-11-13,GPU Inference,Research/Academic,1546
2024-11-13,CPU Batch,Enterprise,7320
2024-11-13,CPU Batch,Mid-Market,4131
2024-11-13,CPU Batch,Startup,1261
2024-11-13,CPU Batch,Research/Academic,1868
2024-11-13,CPU Interactive,Enterprise,5678
2024-11-13,CPU Interactive,Mid-Market,3019
2024-11-13,CPU Interactive,Startup,2106
2024-11-13,CPU Interactive,Research/Academic,3151
2024-11-14,GPU Training,Enterprise,22381
2024-11-14,GPU Training,Mid-Market,8011
2024-11-14,GPU Training,Startup,4101
2024-11-14,GPU Training,Research/Academic,3566
2024-11-14,GPU Inference,Enterprise,17498
2024-11-14,GPU Inference,Mid-Market,7119
2024-11-14,GPU Inference,Startup,6549
2024-11-14,GPU Inference,Research/Academic,1835
2024-11-14,CPU Batch,Enterprise,7457
2024-11-14,CPU Batch,Mid-Market,3994
2024-11-14,CPU Batch,Startup,1234
2024-11-14,CPU Batch,Research/Academic,1471
2024-11-14,CPU Interactive,Enterprise,5663
2024-11-14,CPU Interactive,Mid-Market,3152
2024-11-14,CPU Interactive,Startup,1435
2024-11-14,CPU Interactive,Research/Academic,2921
2024-11-15,GPU Training,Enterprise,21862
2024-11-15,GPU Training,Mid-Market,8094
2024-11-15,GPU Training,Startup,3705
2024-11-15,GPU Training,Research/Academic,4161
2024-11-15,GPU Inference,Enterprise,16940
2024-11-15,GPU Inference,Mid-Market,7788
2024-11-15,GPU Inference,Startup,5829
2024-11-15,GPU Inference,Research/Academic,1550
2024-11-15,CPU Batch,Enterprise,7206
2024-11-15,CPU Batch,Mid-Market,4206
2024-11-15,CPU Batch,Startup,1315
2024-11-15,CPU Batch,Research/Academic,1885
2024-11-15,CPU Interactive,Enterprise,5196
2024-11-15,CPU Interactive,Mid-Market,2626
2024-11-15,CPU Interactive,Startup,2164
2024-11-15,CPU Interactive,Research/Academic,3012
2024-11-16,GPU Training,Enterprise,16161
2024-11-16,GPU Training,Mid-Market,5504
2024-11-16,GPU Training,Startup,2844
2024-11-16,GPU Training,Research/Academic,2709
2024-11-16,GPU Inference,Enterprise,12055
2024-11-16,GPU Inference,Mid-Market,5775
2024-11-16,GPU Inference,Startup,5156
2024-11-16,GPU Inference,Research/Academic,1136
2024-11-16,CPU Batch,Enterprise,4663
2024-11-16,CPU Batch,Mid-Market,2603
2024-11-16,CPU Batch,Startup,945
2024-11-16,CPU Batch,Research/Academic,1050
2024-11-16,CPU Interactive,Enterprise,2912
2024-11-16,CPU Interactive,Mid-Market,1713
2024-11-16,CPU Interactive,Startup,1105
2024-11-16,CPU Interactive,Research/Academic,1943
2024-11-17,GPU Training,Enterprise,14531
2024-11-17,GPU Training,Mid-Market,5038
2024-11-17,GPU Training,Startup,2937
2024-11-17,GPU Training,Research/Academic,2518
2024-11-17,GPU Inference,Enterprise,10539
2024-11-17,GPU Inference,Mid-Market,4719
2024-11-17,GPU Inference,Startup,4343
2024-11-17,GPU Inference,Research/Academic,1019
2024-11-17,CPU Batch,Enterprise,4304
2024-11-17,CPU Batch,Mid-Market,2140
2024-11-17,CPU Batch,Startup,725
2024-11-17,CPU Batch,Research/Academic,1331
2024-11-17,CPU Interactive,Enterprise,2588
2024-11-17,CPU Interactive,Mid-Market,1348
2024-11-17,CPU Interactive,Startup,758
2024-11-17,CPU Interactive,Research/Academic,1305
2024-11-18,GPU Training,Enterprise,19796
2024-11-18,GPU Training,Mid-Market,6941
2024-11-18,GPU Training,Startup,3379
2024-11-18,GPU Training,Research/Academic,4261
2024-11-18,GPU Inference,Enterprise,17196
2024-11-18,GPU Inference,Mid-Market,7223
2024-11-18,GPU Inference,Startup,5113
2024-11-18,GPU Inference,Research/Academic,1661
2024-11-18,CPU Batch,Enterprise,7171
2024-11-18,CPU Batch,Mid-Market,3318
2024-11-18,CPU Batch,Startup,1161
2024-11-18,CPU Batch,Research/Academic,1781
2024-11-18,CPU Interactive,Enterprise,4571
2024-11-18,CPU Interactive,Mid-Market,2528
2024-11-18,CPU Interactive,Startup,1748
2024-11-18,CPU Interactive,Research/Academic,2914
2024-11-19,GPU Training,Enterprise,20550
2024-11-19,GPU Training,Mid-Market,7144
2024-11-19,GPU Training,Startup,3884
2024-11-19,GPU Training,Research/Academic,3739
2024-11-19,GPU Inference,Enterprise,17573
2024-11-19,GPU Inference,Mid-Market,7105
2024-11-19,GPU Inference,Startup,5287
2024-11-19,GPU Inference,Research/Academic,1665
2024-11-19,CPU Batch,Enterprise,7474
2024-11-19,CPU Batch,Mid-Market,4112
2024-11-19,CPU Batch,Startup,1030
2024-11-19,CPU Batch,Research/Academic,1585
2024-11-19,CPU Interactive,Enterprise,5746
2024-11-19,CPU Interactive,Mid-Market,2601
2024-11-19,CPU Interactive,Startup,2225
2024-11-19,CPU Interactive,Research/Academic,3299
2024-11-20,GPU Training,Enterprise,22762
2024-11-20,GPU Training,Mid-Market,7567
2024-11-20,GPU Training,Startup,3385
2024-11-20,GPU Training,Research/Academic,3999
2024-11-20,GPU Inference,Enterprise,16813
2024-11-20,GPU Inference,Mid-Market,7395
2024-11-20,GPU Inference,Startup,6924
2024-11-20,GPU Inference,Research/Academic,1699
2024-11-20,CPU Batch,Enterprise,7299
2024-11-20,CPU Batch,Mid-Market,4159
2024-11-20,CPU Batch,Startup,1193
2024-11-20,CPU Batch,Research/Academic,1960
2024-11-20,CPU Interactive,Enterprise,5776
2024-11-20,CPU Interactive,Mid-Market,3233
2024-11-20,CPU Interactive,Startup,2104
2024-11-20,CPU Interactive,Research/Academic,3329
2024-11-21,GPU Training,Enterprise,20903
2024-11-21,GPU Training,Mid-Market,7880
2024-11-21,GPU Training,Startup,3720
2024-11-21,GPU Training,Research/Academic,3990
2024-11-21,GPU Inference,Enterprise,18044
2024-11-21,GPU Inference,Mid-Market,8281
2024-11-21,GPU Inference,Startup,6730
2024-11-21,GPU Inference,Research/Academic,1591
2024-11-21,CPU Batch,Enterprise,7394
2024-11-21,CPU Batch,Mid-Market,4285
2024-11-21,CPU Batch,Startup,1179
2024-11-21,CPU Batch,Research/Academic,1601
2024-11-21,CPU Interactive,Enterprise,5754
2024-11-21,CPU Interactive,Mid-Market,2730
2024-11-21,CPU Interactive,Startup,2051
2024-11-21,CPU Interactive,Research/Academic,3111
2024-11-22,GPU Training,Enterprise,20544
2024-11-22,GPU Training,Mid-Market,8483
2024-11-22,GPU Training,Startup,3109
2024-11-22,GPU Training,Research/Academic,4110
2024-11-22,GPU Inference,Enterprise,18471
2024-11-22,GPU Inference,Mid-Market,8158
2024-11-22,GPU Inference,Startup,6112
2024-11-22,GPU Inference,Research/Academic,1406
2024-11-22,CPU Batch,Enterprise,7012
2024-11-22,CPU Batch,Mid-Market,3750
2024-11-22,CPU Batch,Startup,1013
2024-11-22,CPU Batch,Research/Academic,1595
2024-11-22,CPU Interactive,Enterprise,5228
2024-11-22,CPU Interactive,Mid-Market,2798
2024-11-22,CPU Interactive,Startup,1978
2024-11-22,CPU Interactive,Research/Academic,2615
2024-11-23,GPU Training,Enterprise,15596
2024-11-23,GPU Training,Mid-Market,5726
2024-11-23,GPU Training,Startup,2662
2024-11-23,GPU Training,Research/Academic,3429
2024-11-23,GPU Inference,Enterprise,11954
2024-11-23,GPU Inference,Mid-Market,4730
2024-11-23,GPU Inference,Startup,4518
2024-11-23,GPU Inference,Research/Academic,1125
2024-11-23,CPU Batch,Enterprise,4913
2024-11-23,CPU Batch,Mid-Market,2364
2024-11-23,CPU Batch,Startup,906
2024-11-23,CPU Batch,Research/Academic,1034
2024-11-23,CPU Interactive,Enterprise,3006
2024-11-23,CPU Interactive,Mid-Market,1579
2024-11-23,CPU Interactive,Startup,1109
2024-11-23,CPU Interactive,Research/Academic,1828
2024-11-24,GPU Training,Enterprise,15378
2024-11-24,GPU Training,Mid-Market,5225
2024-11-24,GPU Training,Startup,2921
2024-11-24,GPU Training,Research/Academic,2639
2024-11-24,GPU Inference,Enterprise,10774
2024-11-24,GPU Inference,Mid-Market,4373
2024-11-24,GPU Inference,Startup,3433
2024-11-24,GPU Inference,Research/Academic,976
2024-11-24,CPU Batch,Enterprise,4297
2024-11-24,CPU Batch,Mid-Market,1959
2024-11-24,CPU Batch,Startup,668
2024-11-24,CPU Batch,Research/Academic,904
2024-11-24,CPU Interactive,Enterprise,2657
2024-11-24,CPU Interactive,Mid-Market,1311
2024-11-24,CPU Interactive,Startup,778
2024-11-24,CPU Interactive,Research/Academic,1383
2024-11-25,GPU Training,Enterprise,19340
2024-11-25,GPU Training,Mid-Market,7924
2024-11-25,GPU Training,Startup,3415
2024-11-25,GPU Training,Research/Academic,3657
2024-11-25,GPU Inference,Enterprise,16880
2024-11-25,GPU Inference,Mid-Market,6875
2024-11-25,GPU Inference,Startup,5132
2024-11-25,GPU Inference,Research/Academic,1546
2024-11-25,CPU Batch,Enterprise,6890
2024-11-25,CPU Batch,Mid-Market,3475
2024-11-25,CPU Batch,Startup,1183
2024-11-25,CPU Batch,Research/Academic,1712
2024-11-25,CPU Interactive,Enterprise,4804
2024-11-25,CPU Interactive,Mid-Market,2574
2024-11-25,CPU Interactive,Startup,1598
2024-11-25,CPU Interactive,Research/Academic,3170
2024-11-26,GPU Training,Enterprise,21858
2024-11-26,GPU Training,Mid-Market,7399
2024-11-26,GPU Training,Startup,3846
2024-11-26,GPU Training,Research/Academic,3488
2024-11-26,GPU Inference,Enterprise,16869
2024-11-26,GPU Inference,Mid-Market,7813
2024-11-26,GPU Inference,Startup,6654
2024-11-26,GPU Inference,Research/Academic,1560
2024-11-26,CPU Batch,Enterprise,7487
2024-11-26,CPU Batch,Mid-Market,3886
2024-11-26,CPU Batch,Startup,1080
2024-11-26,CPU Batch,Research/Academic,1650
2024-11-26,CPU Interactive,Enterprise,5365
2024-11-26,CPU Interactive,Mid-Market,2952
2024-11-26,CPU Interactive,Startup,2022
2024-11-26,CPU Interactive,Research/Academic,3018
2024-11-27,GPU Training,Enterprise,21081
2024-11-27,GPU Training,Mid-Market,7450
2024-11-27,GPU Training,Startup,3950
2024-11-27,GPU Training,Research/Academic,4583
2024-11-27,GPU Inference,Enterprise,17953
2024-11-27,GPU Inference,Mid-Market,7762
2024-11-27,GPU Inference,Startup,6672
2024-11-27,GPU Inference,Research/Academic,1477
2024-11-27,CPU Batch,Enterprise,8037
2024-11-27,CPU Batch,Mid-Market,4029
2024-11-27,CPU Batch,Startup,1046
2024-11-27,CPU Batch,Research/Academic,1715
2024-11-27,CPU Interactive,Enterprise,5544
2024-11-27,CPU Interactive,Mid-Market,3303
2024-11-27,CPU Interactive,Startup,1950
2024-11-27,CPU Interactive,Research/Academic,3120
2024-11-28,GPU Training,Enterprise,12445
2024-11-28,GPU Training,Mid-Market,4556
2024-11-28,GPU Training,Startup,2894
2024-11-28,GPU Training,Research/Academic,2083
2024-11-28,GPU Inference,Enterprise,9233
2024-11-28,GPU Inference,Mid-Market,4886
2024-11-28,GPU Inference,Startup,4854
2024-11-28,GPU Inference,Research/Academic,818
2024-11-28,CPU Batch,Enterprise,4202
2024-11-28,CPU Batch,Mid-Market,2431
2024-11-28,CPU Batch,Startup,999
2024-11-28,CPU Batch,Research/Academic,791
2024-11-28,CPU Interactive,Enterprise,3155
2024-11-28,CPU Interactive,Mid-Market,1946
2024-11-28,CPU Interactive,Startup,1631
2024-11-28,CPU Interactive,Research/Academic,1641
2024-11-29,GPU Training,Enterprise,12971
2024-11-29,GPU Training,Mid-Market,4786
2024-11-29,GPU Training,Startup,3095
2024-11-29,GPU Training,Research/Academic,1898
2024-11-29,GPU Inference,Enterprise,9015
2024-11-29,GPU Inference,Mid-Market,4485
2024-11-29,GPU Inference,Startup,5080
2024-11-29,GPU Inference,Research/Academic,797
2024-11-29,CPU Batch,Enterprise,4147
2024-11-29,CPU Batch,Mid-Market,2287
2024-11-29,CPU Batch,Startup,791
2024-11-29,CPU Batch,Research/Academic,833
2024-11-29,CPU Interactive,Enterprise,3008
2024-11-29,CPU Interactive,Mid-Market,1800
2024-11-29,CPU Interactive,Startup,1247
2024-11-29,CPU Interactive,Research/Academic,1536
2024-11-30,GPU Training,Enterprise,15692
2024-11-30,GPU Training,Mid-Market,6021
2024-11-30,GPU Training,Startup,2686
2024-11-30,GPU Training,Research/Academic,3361
2024-11-30,GPU Inference,Enterprise,11737
2024-11-30,GPU Inference,Mid-Market,5416
2024-11-30,GPU Inference,Startup,4684
2024-11-30,GPU Inference,Research/Academic,1007
2024-11-30,CPU Batch,Enterprise,4933
2024-11-30,CPU Batch,Mid-Market,2533
2024-11-30,CPU Batch,Startup,692
2024-11-30,CPU Batch,Research/Academic,1088
2024-11-30,CPU Interactive,Enterprise,3069
2024-11-30,CPU Interactive,Mid-Market,1499
2024-11-30,CPU Interactive,Startup,1110
2024-11-30,CPU Interactive,Research/Academic,1637
2024-12-01,GPU Training,Enterprise,15409
2024-12-01,GPU Training,Mid-Market,6114
2024-12-01,GPU Training,Startup,2348
2024-12-01,GPU Training,Research/Academic,3153
2024-12-01,GPU Inference,Enterprise,11399
2024-12-01,GPU Inference,Mid-Market,5635
2024-12-01,GPU Inference,Startup,3637
2024-12-01,GPU Inference,Research/Academic,1062
2024-12-01,CPU Batch,Enterprise,4748
2024-12-01,CPU Batch,Mid-Market,2255
2024-12-01,CPU Batch,Startup,633
2024-12-01,CPU Batch,Research/Academic,1080
2024-12-01,CPU Interactive,Enterprise,2783
2024-12-01,CPU Interactive,Mid-Market,1226
2024-12-01,CPU Interactive,Startup,1228
2024-12-01,CPU Interactive,Research/Academic,1549
2024-12-02,GPU Training,Enterprise,22355
2024-12-02,GPU Training,Mid-Market,7789
2024-12-02,GPU Training,Startup,2972
2024-12-02,GPU Training,Research/Academic,4221
2024-12-02,GPU Inference,Enterprise,17515
2024-12-02,GPU Inference,Mid-Market,9013
2024-12-02,GPU Inference,Startup,6378
2024-12-02,GPU Inference,Research/Academic,1649
2024-12-02,CPU Batch,Enterprise,7542
2024-12-02,CPU Batch,Mid-Market,4311
2024-12-02,CPU Batch,Startup,1004
2024-12-02,CPU Batch,Research/Academic,2120
2024-12-02,CPU Interactive,Enterprise,5975
2024-12-02,CPU Interactive,Mid-Market,3262
2024-12-02,CPU Interactive,Startup,2250
2024-12-02,CPU Interactive,Research/Academic,2949
2024-12-03,GPU Training,Enterprise,23935
2024-12-03,GPU Training,Mid-Market,8213
2024-12-03,GPU Training,Startup,3240
2024-12-03,GPU Training,Research/Academic,4737
2024-12-03,GPU Inference,Enterprise,19702
2024-12-03,GPU Inference,Mid-Market,9103
2024-12-03,GPU Inference,Startup,5947
2024-12-03,GPU Inference,Research/Academic,1622
2024-12-03,CPU Batch,Enterprise,7448
2024-12-03,CPU Batch,Mid-Market,4464
2024-12-03,CPU Batch,Startup,984
2024-12-03,CPU Batch,Research/Academic,1866
2024-12-03,CPU Interactive,Enterprise,5707
2024-12-03,CPU Interactive,Mid-Market,2845
2024-12-03,CPU Interactive,Startup,2147
2024-12-03,CPU Interactive,Research/Academic,3123
2024-12-04,GPU Training,Enterprise,24764
2024-12-04,GPU Training,Mid-Market,7934
2024-12-04,GPU Training,Startup,3739
2024-12-04,GPU Training,Research/Academic,3636
2024-12-04,GPU Inference,Enterprise,17769
2024-12-04,GPU Inference,Mid-Market,10658
2024-12-04,GPU Inference,Startup,9116
2024-12-04,GPU Inference,Research/Academic,1762
2024-12-04,CPU Batch,Enterprise,7974
2024-12-04,CPU Batch,Mid-Market,4211
2024-12-04,CPU Batch,Startup,1362
2024-12-04,CPU Batch,Research/Academic,1800
2024-12-04,CPU Interactive,Enterprise,6182
2024-12-04,CPU Interactive,Mid-Market,3259
2024-12-04,CPU Interactive,Startup,2022
2024-12-04,CPU Interactive,Research/Academic,3189
2024-12-05,GPU Training,Enterprise,24247
2024-12-05,GPU Training,Mid-Market,8105
2024-12-05,GPU Training,Startup,4328
2024-12-05,GPU Training,Research/Academic,4239
2024-12-05,GPU Inference,Enterprise,19512
2024-12-05,GPU Inference,Mid-Market,10368
2024-12-05,GPU Inference,Startup,6970
2024-12-05,GPU Inference,Research/Academic,1883
2024-12-05,CPU Batch,Enterprise,7674
2024-12-05,CPU Batch,Mid-Market,4162
2024-12-05,CPU Batch,Startup,1232
2024-12-05,CPU Batch,Research/Academic,2188
2024-12-05,CPU Interactive,Enterprise,5816
2024-12-05,CPU Interactive,Mid-Market,3329
2024-12-05,CPU Interactive,Startup,2650
2024-12-05,CPU Interactive,Research/Academic,3208
2024-12-06,GPU Training,Enterprise,22697
2024-12-06,GPU Training,Mid-Market,8486
2024-12-06,GPU Training,Startup,4006
2024-12-06,GPU Training,Research/Academic,4764
2024-12-06,GPU Inference,Enterprise,18870
2024-12-06,GPU Inference,Mid-Market,9863
2024-12-06,GPU Inference,Startup,6509
2024-12-06,GPU Inference,Research/Academic,1573
2024-12-06,CPU Batch,Enterprise,7945
2024-12-06,CPU Batch,Mid-Market,3857
2024-12-06,CPU Batch,Startup,1265
2024-12-06,CPU Batch,Research/Academic,1769
2024-12-06,CPU Interactive,Enterprise,5594
2024-12-06,CPU Interactive,Mid-Market,3170
2024-12-06,CPU Interactive,Startup,1772
2024-12-06,CPU Interactive,Research/Academic,3318
2024-12-07,GPU Training,Enterprise,17122
2024-12-07,GPU Training,Mid-Market,6857
2024-12-07,GPU Training,Startup,2851
2024-12-07,GPU Training,Research/Academic,3369
2024-12-07,GPU Inference,Enterprise,13064
2024-12-07,GPU Inference,Mid-Market,6628
2024-12-07,GPU Inference,Startup,4823
2024-12-07,GPU Inference,Research/Academic,1022
2024-12-07,CPU Batch,Enterprise,5566
2024-12-07,CPU Batch,Mid-Market,2773
2024-12-07,CPU Batch,Startup,875
2024-12-07,CPU Batch,Research/Academic,1285
2024-12-07,CPU Interactive,Enterprise,3079
2024-12-07,CPU Interactive,Mid-Market,1587
2024-12-07,CPU Interactive,Startup,1216
2024-12-07,CPU Interactive,Research/Academic,1682
2024-12-08,GPU Training,Enterprise,16998
2024-12-08,GPU Training,Mid-Market,5859
2024-12-08,GPU Training,Startup,3172
2024-12-08,GPU Training,Research/Academic,3107
2024-12-08,GPU Inference,Enterprise,11858
2024-12-08,GPU Inference,Mid-Market,5541
2024-12-08,GPU Inference,Startup,4427
2024-12-08,GPU Inference,Research/Academic,1160
2024-12-08,CPU Batch,Enterprise,4574
2024-12-08,CPU Batch,Mid-Market,2483
2024-12-08,CPU Batch,Startup,687
2024-12-08,CPU Batch,Research/Academic,1053
2024-12-08,CPU Interactive,Enterprise,2934
2024-12-08,CPU Interactive,Mid-Market,1588
2024-12-08,CPU Interactive,Startup,979
2024-12-08,CPU Interactive,Research/Academic,1512
2024-12-09,GPU Training,Enterprise,21241
2024-12-09,GPU Training,Mid-Market,7822
2024-12-09,GPU Training,Startup,3887
2024-12-09,GPU Training,Research/Academic,4288
2024-12-09,GPU Inference,Enterprise,18603
2024-12-09,GPU Inference,Mid-Market,8108
2024-12-09,GPU Inference,Startup,7462
2024-12-09,GPU Inference,Research/Academic,1611
2024-12-09,CPU Batch,Enterprise,7493
2024-12-09,CPU Batch,Mid-Market,4467
2024-12-09,CPU Batch,Startup,1384
2024-12-09,CPU Batch,Research/Academic,1810
2024-12-09,CPU Interactive,Enterprise,5637
2024-12-09,CPU Interactive,Mid-Market,3082
2024-12-09,CPU Interactive,Startup,2294
2024-12-09,CPU Interactive,Research/Academic,3151
2024-12-10,GPU Training,Enterprise,21767
2024-12-10,GPU Training,Mid-Market,9578
2024-12-10,GPU Training,Startup,4474
2024-12-10,GPU Training,Research/Academic,4039
2024-12-10,GPU Inference,Enterprise,18212
2024-12-10,GPU Inference,Mid-Market,9545
2024-12-10,GPU Inference,Startup,6752
2024-12-10,GPU Inference,Research/Academic,1750
2024-12-10,CPU Batch,Enterprise,8268
2024-12-10,CPU Batch,Mid-Market,4026
2024-12-10,CPU Batch,Startup,1046
2024-12-10,CPU Batch,Research/Academic,1882
2024-12-10,CPU Interactive,Enterprise,5795
2024-12-10,CPU Interactive,Mid-Market,3188
2024-12-10,CPU Interactive,Startup,1785
2024-12-10,CPU Interactive,Research/Academic,3146
2024-12-11,GPU Training,Enterprise,24762
2024-12-11,GPU Training,Mid-Market,9103
2024-12-11,GPU Training,Startup,3757
2024-12-11,GPU Training,Research/Academic,4016
2024-12-11,GPU Inference,Enterprise,19553
2024-12-11,GPU Inference,Mid-Market,9871
2024-12-11,GPU Inference,Startup,7553
2024-12-11,GPU Inference,Research/Academic,1684
2024-12-11,CPU Batch,Enterprise,8356
2024-12-11,CPU Batch,Mid-Market,4788
2024-12-11,CPU Batch,Startup,1262
2024-12-11,CPU Batch,Research/Academic,1647
2024-12-11,CPU Interactive,Enterprise,6192
2024-12-11,CPU Interactive,Mid-Market,3778
2024-12-11,CPU Interactive,Startup,1865
2024-12-11,CPU Interactive,Research/Academic,3338
2024-12-12,GPU Training,Enterprise,23863
2024-12-12,GPU Training,Mid-Market,8791
2024-12-12,GPU Training,Startup,4232
2024-12-12,GPU Training,Research/Academic,4831
2024-12-12,GPU Inference,Enterprise,19629
2024-12-12,GPU Inference,Mid-Market,10393
2024-12-12,GPU Inference,Startup,7107
2024-12-12,GPU Inference,Research/Academic,1706
2024-12-12,CPU Batch,Enterprise,8042
2024-12-12,CPU Batch,Mid-Market,3797
2024-12-12,CPU Batch,Startup,1273
2024-12-12,CPU Batch,Research/Academic,2213
2024-12-12,CPU Interactive,Enterprise,6426
2024-12-12,CPU Interactive,Mid-Market,3530
2024-12-12,CPU Interactive,Startup,2128
2024-12-12,CPU Interactive,Research/Academic,3353
2024-12-13,GPU Training,Enterprise,23926
2024-12-13,GPU Training,Mid-Market,9602
2024-12-13,GPU Training,Startup,4724
2024-12-13,GPU Training,Research/Academic,4491
2024-12-13,GPU Inference,Enterprise,18704
2024-12-13,GPU Inference,Mid-Market,9211
2024-12-13,GPU Inference,Startup,6292
2024-12-13,GPU Inference,Research/Academic,1491
2024-12-13,CPU Batch,Enterprise,7679
2024-12-13,CPU Batch,Mid-Market,4208
2024-12-13,CPU Batch,Startup,1157
2024-12-13,CPU Batch,Research/Academic,1623
2024-12-13,CPU Interactive,Enterprise,5754
2024-12-13,CPU Interactive,Mid-Market,3005
2024-12-13,CPU Interactive,Startup,1775
2024-12-13,CPU Interactive,Research/Academic,3032
2024-12-14,GPU Training,Enterprise,17314
2024-12-14,GPU Training,Mid-Market,6093
2024-12-14,GPU Training,Startup,3369
2024-12-14,GPU Training,Research/Academic,2756
2024-12-14,GPU Inference,Enterprise,12072
2024-12-14,GPU Inference,Mid-Market,6355
2024-12-14,GPU Inference,Startup,4880
2024-12-14,GPU Inference,Research/Academic,1209
2024-12-14,CPU Batch,Enterprise,5242
2024-12-14,CPU Batch,Mid-Market,2623
2024-12-14,CPU Batch,Startup,798
2024-12-14,CPU Batch,Research/Academic,1175
2024-12-14,CPU Interactive,Enterprise,3388
2024-12-14,CPU Interactive,Mid-Market,1660
2024-12-14,CPU Interactive,Startup,1122
2024-12-14,CPU Interactive,Research/Academic,2103
2024-12-15,GPU Training,Enterprise,16325
2024-12-15,GPU Training,Mid-Market,6207
2024-12-15,GPU Training,Startup,3057
2024-12-15,GPU Training,Research/Academic,3190
2024-12-15,GPU Inference,Enterprise,11950
2024-12-15,GPU Inference,Mid-Market,5823
2024-12-15,GPU Inference,Startup,4416
2024-12-15,GPU Inference,Research/Academic,1010
2024-12-15,CPU Batch,Enterprise,4653
2024-12-15,CPU Batch,Mid-Market,2764
2024-12-15,CPU Batch,Startup,792
2024-12-15,CPU Batch,Research/Academic,1069
2024-12-15,CPU Interactive,Enterprise,2842
2024-12-15,CPU Interactive,Mid-Market,1379
2024-12-15,CPU Interactive,Startup,944
2024-12-15,CPU Interactive,Research/Academic,1605
2024-12-16,GPU Training,Enterprise,23297
2024-12-16,GPU Training,Mid-Market,7548
2024-12-16,GPU Training,Startup,3564
2024-12-16,GPU Training,Research/Academic,4778
2024-12-16,GPU Inference,Enterprise,18263
2024-12-16,GPU Inference,Mid-Market,10055
2024-12-16,GPU Inference,Startup,6895
2024-12-16,GPU Inference,Research/Academic,1660
2024-12-16,CPU Batch,Enterprise,7715
2024-12-16,CPU Batch,Mid-Market,4356
2024-12-16,CPU Batch,Startup,1372
2024-12-16,CPU Batch,Research/Academic,1633
2024-12-16,CPU Interactive,Enterprise,5418
2024-12-16,CPU Interactive,Mid-Market,3126
2024-12-16,CPU Interactive,Startup,1920
2024-12-16,CPU Interactive,Research/Academic,2860
2024-12-17,GPU Training,Enterprise,24016
2024-12-17,GPU Training,Mid-Market,9045
2024-12-17,GPU Training,Startup,3762
2024-12-17,GPU Training,Research/Academic,4287
2024-12-17,GPU Inference,Enterprise,18221
2024-12-17,GPU Inference,Mid-Market,8740
2024-12-17,GPU Inference,Startup,7182
2024-12-17,GPU Inference,Research/Academic,1714
2024-12-17,CPU Batch,Enterprise,7736
2024-12-17,CPU Batch,Mid-Market,3994
2024-12-17,CPU Batch,Startup,1056
2024-12-17,CPU Batch,Research/Academic,1894
2024-12-17,CPU Interactive,Enterprise,5488
2024-12-17,CPU Interactive,Mid-Market,2951
2024-12-17,CPU Interactive,Startup,1686
2024-12-17,CPU Interactive,Research/Academic,3323
2024-12-18,GPU Training,Enterprise,22498
2024-12-18,GPU Training,Mid-Market,8799
2024-12-18,GPU Training,Startup,5070
2024-12-18,GPU Training,Research/Academic,5049
2024-12-18,GPU Inference,Enterprise,18320
2024-12-18,GPU Inference,Mid-Market,9787
2024-12-18,GPU Inference,Startup,6476
2024-12-18,GPU Inference,Research/Academic,1599
2024-12-18,CPU Batch,Enterprise,8236
2024-12-18,CPU Batch,Mid-Market,4709
2024-12-18,CPU Batch,Startup,1327
2024-12-18,CPU Batch,Research/Academic,1774
2024-12-18,CPU Interactive,Enterprise,6336
2024-12-18,CPU Interactive,Mid-Market,2809
2024-12-18,CPU Interactive,Startup,1999
2024-12-18,CPU Interactive,Research/Academic,3121
2024-12-19,GPU Training,Enterprise,24273
2024-12-19,GPU Training,Mid-Market,8663
2024-12-19,GPU Training,Startup,4100
2024-12-19,GPU Training,Research/Academic,4356
2024-12-19,GPU Inference,Enterprise,19731
2024-12-19,GPU Inference,Mid-Market,9968
2024-12-19,GPU Inference,Startup,7438
2024-12-19,GPU Inference,Research/Academic,1720
2024-12-19,CPU Batch,Enterprise,8410
2024-12-19,CPU Batch,Mid-Market,4580
2024-12-19,CPU Batch,Startup,1156
2024-12-19,CPU Batch,Research/Academic,1870
2024-12-19,CPU Interactive,Enterprise,6628
2024-12-19,CPU Interactive,Mid-Market,3126
2024-12-19,CPU Interactive,Startup,2791
2024-12-19,CPU Interactive,Research/Academic,3075
2024-12-20,GPU Training,Enterprise,16413
2024-12-20,GPU Training,Mid-Market,5656
2024-12-20,GPU Training,Startup,3731
2024-12-20,GPU Training,Research/Academic,2917
2024-12-20,GPU Inference,Enterprise,13283
2024-12-20,GPU Inference,Mid-Market,6431
2024-12-20,GPU Inference,Startup,5084
2024-12-20,GPU Inference,Research/Academic,1177
2024-12-20,CPU Batch,Enterprise,5764
2024-12-20,CPU Batch,Mid-Market,2364
2024-12-20,CPU Batch,Startup,871
2024-12-20,CPU Batch,Research/Academic,1317
2024-12-20,CPU Interactive,Enterprise,4338
2024-12-20,CPU Interactive,Mid-Market,2434
2024-12-20,CPU Interactive,Startup,1446
2024-12-20,CPU Interactive,Research/Academic,2403
2024-12-21,GPU Training,Enterprise,13112
2024-12-21,GPU Training,Mid-Market,5253
2024-12-21,GPU Training,Startup,2207
2024-12-21,GPU Training,Research/Academic,2273
2024-12-21,GPU Inference,Enterprise,10166
2024-12-21,GPU Inference,Mid-Market,5504
2024-12-21,GPU Inference,Startup,3885
2024-12-21,GPU Inference,Research/Academic,1029
2024-12-21,CPU Batch,Enterprise,4050
2024-12-21,CPU Batch,Mid-Market,2346
2024-12-21,CPU Batch,Startup,577
2024-12-21,CPU Batch,Research/Academic,964
2024-12-21,CPU Interactive,Enterprise,2505
2024-12-21,CPU Interactive,Mid-Market,1389
2024-12-21,CPU Interactive,Startup,910
2024-12-21,CPU Interactive,Research/Academic,1266
2024-12-22,GPU Training,Enterprise,13316
2024-12-22,GPU Training,Mid-Market,5273
2024-12-22,GPU Training,Startup,2069
2024-12-22,GPU Training,Research/Academic,2024
2024-12-22,GPU Inference,Enterprise,9443
2024-12-22,GPU Inference,Mid-Market,4408
2024-12-22,GPU Inference,Startup,3385
2024-12-22,GPU Inference,Research/Academic,862
2024-12-22,CPU Batch,Enterprise,3513
2024-12-22,CPU Batch,Mid-Market,1835
2024-12-22,CPU Batch,Startup,528
2024-12-22,CPU Batch,Research/Academic,913
2024-12-22,CPU Interactive,Enterprise,2144
2024-12-22,CPU Interactive,Mid-Market,1049
2024-12-22,CPU Interactive,Startup,660
2024-12-22,CPU Interactive,Research/Academic,1171
2024-12-23,GPU Training,Enterprise,16395
2024-12-23,GPU Training,Mid-Market,5588
2024-12-23,GPU Training,Startup,3197
2024-12-23,GPU Training,Research/Academic,3302
2024-12-23,GPU Inference,Enterprise,14048
2024-12-23,GPU Inference,Mid-Market,7095
2024-12-23,GPU Inference,Startup,5422
2024-12-23,GPU Inference,Research/Academic,1331
2024-12-23,CPU Batch,Enterprise,6234
2024-12-23,CPU Batch,Mid-Market,2649
2024-12-23,CPU Batch,Startup,884
2024-12-23,CPU Batch,Research/Academic,1439
2024-12-23,CPU Interactive,Enterprise,4216
2024-12-23,CPU Interactive,Mid-Market,2294
2024-12-23,CPU Interactive,Startup,1668
2024-12-23,CPU Interactive,Research/Academic,2331
2024-12-24,GPU Training,Enterprise,19143
2024-12-24,GPU Training,Mid-Market,7089
2024-12-24,GPU Training,Startup,3070
2024-12-24,GPU Training,Research/Academic,3231
2024-12-24,GPU Inference,Enterprise,13371
2024-12-24,GPU Inference,Mid-Market,7143
2024-12-24,GPU Inference,Startup,4740
2024-12-24,GPU Inference,Research/Academic,1357
2024-12-24,CPU Batch,Enterprise,6304
2024-12-24,CPU Batch,Mid-Market,3437
2024-12-24,CPU Batch,Startup,1108
2024-12-24,CPU Batch,Research/Academic,1418
2024-12-24,CPU Interactive,Enterprise,5072
2024-12-24,CPU Interactive,Mid-Market,2513
2024-12-24,CPU Interactive,Startup,1408
2024-12-24,CPU Interactive,Research/Academic,2392
2024-12-25,GPU Training,Enterprise,10238
2024-12-25,GPU Training,Mid-Market,4296
2024-12-25,GPU Training,Startup,2186
2024-12-25,GPU Training,Research/Academic,1680
2024-12-25,GPU Inference,Enterprise,8432
2024-12-25,GPU Inference,Mid-Market,4377
2024-12-25,GPU Inference,Startup,4751
2024-12-25,GPU Inference,Research/Academic,722
2024-12-25,CPU Batch,Enterprise,3715
2024-12-25,CPU Batch,Mid-Market,1975
2024-12-25,CPU Batch,Startup,835
2024-12-25,CPU Batch,Research/Academic,655
2024-12-25,CPU Interactive,Enterprise,2499
2024-12-25,CPU Interactive,Mid-Market,1414
2024-12-25,CPU Interactive,Startup,1284
2024-12-25,CPU Interactive,Research/Academic,1428
2024-12-26,GPU Training,Enterprise,18457
2024-12-26,GPU Training,Mid-Market,6650
2024-12-26,GPU Training,Startup,3186
2024-12-26,GPU Training,Research/Academic,3602
2024-12-26,GPU Inference,Enterprise,15155
2024-12-26,GPU Inference,Mid-Market,7262
2024-12-26,GPU Inference,Startup,4899
2024-12-26,GPU Inference,Research/Academic,1311
2024-12-26,CPU Batch,Enterprise,6759
2024-12-26,CPU Batch,Mid-Market,3391
2024-12-26,CPU Batch,Startup,882
2024-12-26,CPU Batch,Research/Academic,1614
2024-12-26,CPU Interactive,Enterprise,4820
2024-12-26,CPU Interactive,Mid-Market,2911
2024-12-26,CPU Interactive,Startup,2079
2024-12-26,CPU Interactive,Research/Academic,2677
2024-12-27,GPU Training,Enterprise,17009
2024-12-27,GPU Training,Mid-Market,7711
2024-12-27,GPU Training,Startup,3274
2024-12-27,GPU Training,Research/Academic,3201
2024-12-27,GPU Inference,Enterprise,15324
2024-12-27,GPU Inference,Mid-Market,7562
2024-12-27,GPU Inference,Startup,6439
2024-12-27,GPU Inference,Research/Academic,1241
2024-12-27,CPU Batch,Enterprise,6351
2024-12-27,CPU Batch,Mid-Market,3016
2024-12-27,CPU Batch,Startup,1016
2024-12-27,CPU Batch,Research/Academic,1419
2024-12-27,CPU Interactive,Enterprise,4558
2024-12-27,CPU Interactive,Mid-Market,2383
2024-12-27,CPU Interactive,Startup,1558
2024-12-27,CPU Interactive,Research/Academic,2270
2024-12-28,GPU Training,Enterprise,14212
2024-12-28,GPU Training,Mid-Market,5560
2024-12-28,GPU Training,Startup,2230
2024-12-28,GPU Training,Research/Academic,2617
2024-12-28,GPU Inference,Enterprise,10501
2024-12-28,GPU Inference,Mid-Market,5043
2024-12-28,GPU Inference,Startup,3208
2024-12-28,GPU Inference,Research/Academic,825
2024-12-28,CPU Batch,Enterprise,4053
2024-12-28,CPU Batch,Mid-Market,1882
2024-12-28,CPU Batch,Startup,741
2024-12-28,CPU Batch,Research/Academic,976
2024-12-28,CPU Interactive,Enterprise,2488
2024-12-28,CPU Interactive,Mid-Market,1142
2024-12-28,CPU Interactive,Startup,713
2024-12-28,CPU Interactive,Research/Academic,1344
2024-12-29,GPU Training,Enterprise,13977
2024-12-29,GPU Training,Mid-Market,4476
2024-12-29,GPU Training,Startup,2482
2024-12-29,GPU Training,Research/Academic,2259
2024-12-29,GPU Inference,Enterprise,9348
2024-12-29,GPU Inference,Mid-Market,4960
2024-12-29,GPU Inference,Startup,3343
2024-12-29,GPU Inference,Research/Academic,782
2024-12-29,CPU Batch,Enterprise,3794
2024-12-29,CPU Batch,Mid-Market,1880
2024-12-29,CPU Batch,Startup,612
2024-12-29,CPU Batch,Research/Academic,769
2024-12-29,CPU Interactive,Enterprise,2272
2024-12-29,CPU Interactive,Mid-Market,1170
2024-12-29,CPU Interactive,Startup,807
2024-12-29,CPU Interactive,Research/Academic,1171
2024-12-30,GPU Training,Enterprise,16891
2024-12-30,GPU Training,Mid-Market,6272
2024-12-30,GPU Training,Startup,2833
2024-12-30,GPU Training,Research/Academic,3381
2024-12-30,GPU Inference,Enterprise,14250
2024-12-30,GPU Inference,Mid-Market,6321
2024-12-30,GPU Inference,Startup,4392
2024-12-30,GPU Inference,Research/Academic,1108
2024-12-30,CPU Batch,Enterprise,6249
2024-12-30,CPU Batch,Mid-Market,2940
2024-12-30,CPU Batch,Startup,946
2024-12-30,CPU Batch,Research/Academic,1396
2024-12-30,CPU Interactive,Enterprise,4287
2024-12-30,CPU Interactive,Mid-Market,2368
2024-12-30,CPU Interactive,Startup,1562
2024-12-30,CPU Interactive,Research/Academic,1867
2024-12-31,GPU Training,Enterprise,17877
2024-12-31,GPU Training,Mid-Market,6791
2024-12-31,GPU Training,Startup,3823
2024-12-31,GPU Training,Research/Academic,3764
2024-12-31,GPU Inference,Enterprise,14300
2024-12-31,GPU Inference,Mid-Market,7202
2024-12-31,GPU Inference,Startup,4683
2024-12-31,GPU Inference,Research/Academic,1509
2024-12-31,CPU Batch,Enterprise,6537
2024-12-31,CPU Batch,Mid-Market,3364
2024-12-31,CPU Batch,Startup,959
2024-12-31,CPU Batch,Research/Academic,1588
2024-12-31,CPU Interactive,Enterprise,4874
2024-12-31,CPU Interactive,Mid-Market,2691
2024-12-31,CPU Interactive,Startup,1749
2024-12-31,CPU Interactive,Research/Academic,2435
2025-01-01,GPU Training,Enterprise,11078
2025-01-01,GPU Training,Mid-Market,4518
2025-01-01,GPU Training,Startup,2484
2025-01-01,GPU Training,Research/Academic,1724
2025-01-01,GPU Inference,Enterprise,9207
2025-01-01,GPU Inference,Mid-Market,5273
2025-01-01,GPU Inference,Startup,4107
2025-01-01,GPU Inference,Research/Academic,693
2025-01-01,CPU Batch,Enterprise,3706
2025-01-01,CPU Batch,Mid-Market,2157
2025-01-01,CPU Batch,Startup,701
2025-01-01,CPU Batch,Research/Academic,875
2025-01-01,CPU Interactive,Enterprise,2773
2025-01-01,CPU Interactive,Mid-Market,1650
2025-01-01,CPU Interactive,Startup,1638
2025-01-01,CPU Interactive,Research/Academic,1289
2025-01-02,GPU Training,Enterprise,19477
2025-01-02,GPU Training,Mid-Market,6520
2025-01-02,GPU Training,Startup,3323
2025-01-02,GPU Training,Research/Academic,3148
2025-01-02,GPU Inference,Enterprise,16502
2025-01-02,GPU Inference,Mid-Market,8066
2025-01-02,GPU Inference,Startup,5807
2025-01-02,GPU Inference,Research/Academic,1404
2025-01-02,CPU Batch,Enterprise,6852
2025-01-02,CPU Batch,Mid-Market,3210
2025-01-02,CPU Batch,Startup,1020
2025-01-02,CPU Batch,Research/Academic,1592
2025-01-02,CPU Interactive,Enterprise,4741
2025-01-02,CPU Interactive,Mid-Market,2856
2025-01-02,CPU Interactive,Startup,1486
2025-01-02,CPU Interactive,Research/Academic,2719
2025-01-03,GPU Training,Enterprise,17821
2025-01-03,GPU Training,Mid-Market,7517
2025-01-03,GPU Training,Startup,2822
2025-01-03,GPU Training,Research/Academic,2967
2025-01-03,GPU Inference,Enterprise,15372
2025-01-03,GPU Inference,Mid-Market,7267
2025-01-03,GPU Inference,Startup,4789
2025-01-03,GPU Inference,Research/Academic,1408
2025-01-03,CPU Batch,Enterprise,5969
2025-01-03,CPU Batch,Mid-Market,3144
2025-01-03,CPU Batch,Startup,904
2025-01-03,CPU Batch,Research/Academic,1560
2025-01-03,CPU Interactive,Enterprise,4898
2025-01-03,CPU Interactive,Mid-Market,2686
2025-01-03,CPU Interactive,Startup,1630
2025-01-03,CPU Interactive,Research/Academic,2064
2025-01-04,GPU Training,Enterprise,14459
2025-01-04,GPU Training,Mid-Market,5748
2025-01-04,GPU Training,Startup,2868
2025-01-04,GPU Training,Research/Academic,2678
2025-01-04,GPU Inference,Enterprise,10203
2025-01-04,GPU Inference,Mid-Market,5047
2025-01-04,GPU Inference,Startup,5067
2025-01-04,GPU Inference,Research/Academic,843
2025-01-04,CPU Batch,Enterprise,4117
2025-01-04,CPU Batch,Mid-Market,2408
2025-01-04,CPU Batch,Startup,613
2025-01-04,CPU Batch,Research/Academic,888
2025-01-04,CPU Interactive,Enterprise,2732
2025-01-04,CPU Interactive,Mid-Market,1419
2025-01-04,CPU Interactive,Startup,876
2025-01-04,CPU Interactive,Research/Academic,1263
2025-01-05,GPU Training,Enterprise,14494
2025-01-05,GPU Training,Mid-Market,4858
2025-01-05,GPU Training,Startup,2745
2025-01-05,GPU Training,Research/Academic,2599
2025-01-05,GPU Inference,Enterprise,9471
2025-01-05,GPU Inference,Mid-Market,4567
2025-01-05,GPU Inference,Startup,4323
2025-01-05,GPU Inference,Research/Academic,959
2025-01-05,CPU Batch,Enterprise,3428
2025-01-05,CPU Batch,Mid-Market,2009
2025-01-05,CPU Batch,Startup,546
2025-01-05,CPU Batch,Research/Academic,770
2025-01-05,CPU Interactive,Enterprise,2240
2025-01-05,CPU Interactive,Mid-Market,1078
2025-01-05,CPU Interactive,Startup,749
2025-01-05,CPU Interactive,Research/Academic,1120
2025-01-06,GPU Training,Enterprise,17465
2025-01-06,GPU Training,Mid-Market,6462
2025-01-06,GPU Training,Startup,2744
2025-01-06,GPU Training,Research/Academic,3660
2025-01-06,GPU Inference,Enterprise,15191
2025-01-06,GPU Inference,Mid-Market,8270
2025-01-06,GPU Inference,Startup,5495
2025-01-06,GPU Inference,Research/Academic,1256
2025-01-06,CPU Batch,Enterprise,6742
2025-01-06,CPU Batch,Mid-Market,3157
2025-01-06,CPU Batch,Startup,922
2025-01-06,CPU Batch,Research/Academic,1506
2025-01-06,CPU Interactive,Enterprise,4220
2025-01-06,CPU Interactive,Mid-Market,2493
2025-01-06,CPU Interactive,Startup,1699
2025-01-06,CPU Interactive,Research/Academic,2643
2025-01-07,GPU Training,Enterprise,19401
2025-01-07,GPU Training,Mid-Market,7475
2025-01-07,GPU Training,Startup,3215
2025-01-07,GPU Training,Research/Academic,3163
2025-01-07,GPU Inference,Enterprise,17035
2025-01-07,GPU Inference,Mid-Market,6892
2025-01-07,GPU Inference,Startup,4966
2025-01-07,GPU Inference,Research/Academic,1442
2025-01-07,CPU Batch,Enterprise,6905
2025-01-07,CPU Batch,Mid-Market,3430
2025-01-07,CPU Batch,Startup,1094
2025-01-07,CPU Batch,Research/Academic,1248
2025-01-07,CPU Interactive,Enterprise,4697
2025-01-07,CPU Interactive,Mid-Market,2248
2025-01-07,CPU Interactive,Startup,1880
2025-01-07,CPU Interactive,Research/Academic,2279
2025-01-08,GPU Training,Enterprise,18649
2025-01-08,GPU Training,Mid-Market,7418
2025-01-08,GPU Training,Startup,3882
2025-01-08,GPU Training,Research/Academic,3507
2025-01-08,GPU Inference,Enterprise,16493
2025-01-08,GPU Inference,Mid-Market,8202
2025-01-08,GPU Inference,Startup,5918
2025-01-08,GPU Inference,Research/Academic,1300
2025-01-08,CPU Batch,Enterprise,6810
2025-01-08,CPU Batch,Mid-Market,3636
2025-01-08,CPU Batch,Startup,1111
2025-01-08,CPU Batch,Research/Academic,1544
2025-01-08,CPU Interactive,Enterprise,4744
2025-01-08,CPU Interactive,Mid-Market,2791
2025-01-08,CPU Interactive,Startup,1777
2025-01-08,CPU Interactive,Research/Academic,2574
2025-01-09,GPU Training,Enterprise,19411
2025-01-09,GPU Training,Mid-Market,6825
2025-01-09,GPU Training,Startup,3807
2025-01-09,GPU Training,Research/Academic,3171
2025-01-09,GPU Inference,Enterprise,15510
2025-01-09,GPU Inference,Mid-Market,7730
2025-01-09,GPU Inference,Startup,7384
2025-01-09,GPU Inference,Research/Academic,1544
2025-01-09,CPU Batch,Enterprise,6236
2025-01-09,CPU Batch,Mid-Market,3830
2025-01-09,CPU Batch,Startup,1174
2025-01-09,CPU Batch,Research/Academic,1371
2025-01-09,CPU Interactive,Enterprise,4616
2025-01-09,CPU Interactive,Mid-Market,2718
2025-01-09,CPU Interactive,Startup,2089
2025-01-09,CPU Interactive,Research/Academic,3120
2025-01-10,GPU Training,Enterprise,18119
2025-01-10,GPU Training,Mid-Market,7736
2025-01-10,GPU Training,Startup,2503
2025-01-10,GPU Training,Research/Academic,3293
2025-01-10,GPU Inference,Enterprise,15154
2025-01-10,GPU Inference,Mid-Market,8190
2025-01-10,GPU Inference,Startup,6794
2025-01-10,GPU Inference,Research/Academic,1461
2025-01-10,CPU Batch,Enterprise,6136
2025-01-10,CPU Batch,Mid-Market,3600
2025-01-10,CPU Batch,Startup,1033
2025-01-10,CPU Batch,Research/Academic,1281
2025-01-10,CPU Interactive,Enterprise,4294
2025-01-10,CPU Interactive,Mid-Market,2684
2025-01-10,CPU Interactive,Startup,1633
2025-01-10,CPU Interactive,Research/Academic,2263
2025-01-11,GPU Training,Enterprise,14185
2025-01-11,GPU Training,Mid-Market,5353
2025-01-11,GPU Training,Startup,2470
2025-01-11,GPU Training,Research/Academic,2283
2025-01-11,GPU Inference,Enterprise,11628
2025-01-11,GPU Inference,Mid-Market,5674
2025-01-11,GPU Inference,Startup,3911
2025-01-11,GPU Inference,Research/Academic,925
2025-01-11,CPU Batch,Enterprise,4381
2025-01-11,CPU Batch,Mid-Market,2088
2025-01-11,CPU Batch,Startup,674
2025-01-11,CPU Batch,Research/Academic,878
2025-01-11,CPU Interactive,Enterprise,2570
2025-01-11,CPU Interactive,Mid-Market,1271
2025-01-11,CPU Interactive,Startup,806
2025-01-11,CPU Interactive,Research/Academic,1581
2025-01-12,GPU Training,Enterprise,13451
2025-01-12,GPU Training,Mid-Market,4968
2025-01-12,GPU Training,Startup,1839
2025-01-12,GPU Training,Research/Academic,2311
2025-01-12,GPU Inference,Enterprise,9927
2025-01-12,GPU Inference,Mid-Market,4847
2025-01-12,GPU Inference,Startup,2844
2025-01-12,GPU Inference,Research/Academic,869
2025-01-12,CPU Batch,Enterprise,3757
2025-01-12,CPU Batch,Mid-Market,2120
2025-01-12,CPU Batch,Startup,514
2025-01-12,CPU Batch,Research/Academic,700
2025-01-12,CPU Interactive,Enterprise,2136
2025-01-12,CPU Interactive,Mid-Market,1102
2025-01-12,CPU Interactive,Startup,869
2025-01-12,CPU Interactive,Research/Academic,961
2025-01-13,GPU Training,Enterprise,17586
2025-01-13,GPU Training,Mid-Market,7220
2025-01-13,GPU Training,Startup,3128
2025-01-13,GPU Training,Research/Academic,3473
2025-01-13,GPU Inference,Enterprise,14055
2025-01-13,GPU Inference,Mid-Market,6585
2025-01-13,GPU Inference,Startup,6746
2025-01-13,GPU Inference,Research/Academic,1327
2025-01-13,CPU Batch,Enterprise,6323
2025-01-13,CPU Batch,Mid-Market,3047
2025-01-13,CPU Batch,Startup,957
2025-01-13,CPU Batch,Research/Academic,1298
2025-01-13,CPU Interactive,Enterprise,4664
2025-01-13,CPU Interactive,Mid-Market,2882
2025-01-13,CPU Interactive,Startup,1688
2025-01-13,CPU Interactive,Research/Academic,2272
2025-01-14,GPU Training,Enterprise,17000
2025-01-14,GPU Training,Mid-Market,6104
2025-01-14,GPU Training,Startup,3960
2025-01-14,GPU Training,Research/Academic,3127
2025-01-14,GPU Inference,Enterprise,15545
2025-01-14,GPU Inference,Mid-Market,8109
2025-01-14,GPU Inference,Startup,7135
2025-01-14,GPU Inference,Research/Academic,1361
2025-01-14,CPU Batch,Enterprise,6379
2025-01-14,CPU Batch,Mid-Market,3411
2025-01-14,CPU Batch,Startup,903
2025-01-14,CPU Batch,Research/Academic,1399
2025-01-14,CPU Interactive,Enterprise,4885
2025-01-14,CPU Interactive,Mid-Market,2606
2025-01-14,CPU Interactive,Startup,2223
2025-01-14,CPU Interactive,Research/Academic,2674
2025-01-15,GPU Training,Enterprise,20652
2025-01-15,GPU Training,Mid-Market,6681
2025-01-15,GPU Training,Startup,3671
2025-01-15,GPU Training,Research/Academic,3358
2025-01-15,GPU Inference,Enterprise,16505
2025-01-15,GPU Inference,Mid-Market,8372
2025-01-15,GPU Inference,Startup,6192
2025-01-15,GPU Inference,Research/Academic,1725
2025-01-15,CPU Batch,Enterprise,7063
2025-01-15,CPU Batch,Mid-Market,3792
2025-01-15,CPU Batch,Startup,1098
2025-01-15,CPU Batch,Research/Academic,1735
2025-01-15,CPU Interactive,Enterprise,4707
2025-01-15,CPU Interactive,Mid-Market,2938
2025-01-15,CPU Interactive,Startup,1586
2025-01-15,CPU Interactive,Research/Academic,2560
2025-01-16,GPU Training,Enterprise,20184
2025-01-16,GPU Training,Mid-Market,7857
2025-01-16,GPU Training,Startup,3005
2025-01-16,GPU Training,Research/Academic,3415
2025-01-16,GPU Inference,Enterprise,16327
2025-01-16,GPU Inference,Mid-Market,7886
2025-01-16,GPU Inference,Startup,6832
2025-01-16,GPU Inference,Research/Academic,1873
2025-01-16,CPU Batch,Enterprise,6785
2025-01-16,CPU Batch,Mid-Market,3318
2025-01-16,CPU Batch,Startup,858
2025-01-16,CPU Batch,Research/Academic,1468
2025-01-16,CPU Interactive,Enterprise,4932
2025-01-16,CPU Interactive,Mid-Market,2834
2025-01-16,CPU Interactive,Startup,1938
2025-01-16,CPU Interactive,Research/Academic,2650
2025-01-17,GPU Training,Enterprise,20410
2025-01-17,GPU Training,Mid-Market,6540
2025-01-17,GPU Training,Startup,3251
2025-01-17,GPU Training,Research/Academic,3576
2025-01-17,GPU Inference,Enterprise,16092
2025-01-17,GPU Inference,Mid-Market,8344
2025-01-17,GPU Inference,Startup,6203
2025-01-17,GPU Inference,Research/Academic,1477
2025-01-17,CPU Batch,Enterprise,6319
2025-01-17,CPU Batch,Mid-Market,3623
2025-01-17,CPU Batch,Startup,1087
2025-01-17,CPU Batch,Research/Academic,1654
2025-01-17,CPU Interactive,Enterprise,4376
2025-01-17,CPU Interactive,Mid-Market,2351
2025-01-17,CPU Interactive,Startup,1851
2025-01-17,CPU Interactive,Research/Academic,2031
2025-01-18,GPU Training,Enterprise,14659
2025-01-18,GPU Training,Mid-Market,5655
2025-01-18,GPU Training,Startup,2348
2025-01-18,GPU Training,Research/Academic,2502
2025-01-18,GPU Inference,Enterprise,10409
2025-01-18,GPU Inference,Mid-Market,5150
2025-01-18,GPU Inference,Startup,3890
2025-01-18,GPU Inference,Research/Academic,899
2025-01-18,CPU Batch,Enterprise,4201
2025-01-18,CPU Batch,Mid-Market,2223
2025-01-18,CPU Batch,Startup,629
2025-01-18,CPU Batch,Research/Academic,1135
2025-01-18,CPU Interactive,Enterprise,2545
2025-01-18,CPU Interactive,Mid-Market,1418
2025-01-18,CPU Interactive,Startup,865
2025-01-18,CPU Interactive,Research/Academic,1323
2025-01-19,GPU Training,Enterprise,12596
2025-01-19,GPU Training,Mid-Market,4414
2025-01-19,GPU Training,Startup,2043
2025-01-19,GPU Training,Research/Academic,2464
2025-01-19,GPU Inference,Enterprise,10252
2025-01-19,GPU Inference,Mid-Market,4261
2025-01-19,GPU Inference,Startup,3495
2025-01-19,GPU Inference,Research/Academic,769
2025-01-19,CPU Batch,Enterprise,3671
2025-01-19,CPU Batch,Mid-Market,2095
2025-01-19,CPU Batch,Startup,529
2025-01-19,CPU Batch,Research/Academic,834
2025-01-19,CPU Interactive,Enterprise,2363
2025-01-19,CPU Interactive,Mid-Market,1233
2025-01-19,CPU Interactive,Startup,730
2025-01-19,CPU Interactive,Research/Academic,1211
2025-01-20,GPU Training,Enterprise,9573
2025-01-20,GPU Training,Mid-Market,4063
2025-01-20,GPU Training,Startup,2515
2025-01-20,GPU Training,Research/Academic,1451
2025-01-20,GPU Inference,Enterprise,8377
2025-01-20,GPU Inference,Mid-Market,4427
2025-01-20,GPU Inference,Startup,4607
2025-01-20,GPU Inference,Research/Academic,705
2025-01-20,CPU Batch,Enterprise,3537
2025-01-20,CPU Batch,Mid-Market,1941
2025-01-20,CPU Batch,Startup,796
2025-01-20,CPU Batch,Research/Academic,664
2025-01-20,CPU Interactive,Enterprise,2327
2025-01-20,CPU Interactive,Mid-Market,1147
2025-01-20,CPU Interactive,Startup,1190
2025-01-20,CPU Interactive,Research/Academic,1120
2025-01-21,GPU Training,Enterprise,19207
2025-01-21,GPU Training,Mid-Market,6020
2025-01-21,GPU Training,Startup,3066
2025-01-21,GPU Training,Research/Academic,3531
2025-01-21,GPU Inference,Enterprise,15257
2025-01-21,GPU Inference,Mid-Market,8050
2025-01-21,GPU Inference,Startup,5661
2025-01-21,GPU Inference,Research/Academic,1383
2025-01-21,CPU Batch,Enterprise,6653
2025-01-21,CPU Batch,Mid-Market,3637
2025-01-21,CPU Batch,Startup,988
2025-01-21,CPU Batch,Research/Academic,1374
2025-01-21,CPU Interactive,Enterprise,4732
2025-01-21,CPU Interactive,Mid-Market,2700
2025-01-21,CPU Interactive,Startup,1530
2025-01-21,CPU Interactive,Research/Academic,2548
2025-01-22,GPU Training,Enterprise,19514
2025-01-22,GPU Training,Mid-Market,7194
2025-01-22,GPU Training,Startup,3079
2025-01-22,GPU Training,Research/Academic,3073
2025-01-22,GPU Inference,Enterprise,16716
2025-01-22,GPU Inference,Mid-Market,8620
2025-01-22,GPU Inference,Startup,5031
2025-01-22,GPU Inference,Research/Academic,1469
2025-01-22,CPU Batch,Enterprise,6980
2025-01-22,CPU Batch,Mid-Market,3650
2025-01-22,CPU Batch,Startup,956
2025-01-22,CPU Batch,Research/Academic,1398
2025-01-22,CPU Interactive,Enterprise,5016
2025-01-22,CPU Interactive,Mid-Market,2726
2025-01-22,CPU Interactive,Startup,1816
2025-01-22,CPU Interactive,Research/Academic,2642
2025-01-23,GPU Training,Enterprise,18991
2025-01-23,GPU Training,Mid-Market,7470
2025-01-23,GPU Training,Startup,3682
2025-01-23,GPU Training,Research/Academic,3622
2025-01-23,GPU Inference,Enterprise,16462
2025-01-23,GPU Inference,Mid-Market,9075
2025-01-23,GPU Inference,Startup,5798
2025-01-23,GPU Inference,Research/Academic,1581
2025-01-23,CPU Batch,Enterprise,6492
2025-01-23,CPU Batch,Mid-Market,3785
2025-01-23,CPU Batch,Startup,1166
2025-01-23,CPU Batch,Research/Academic,1473
2025-01-23,CPU Interactive,Enterprise,5489
2025-01-23,CPU Interactive,Mid-Market,2845
2025-01-23,CPU Interactive,Startup,1660
2025-01-23,CPU Interactive,Research/Academic,2672
2025-01-24,GPU Training,Enterprise,19821
2025-01-24,GPU Training,Mid-Market,7391
2025-01-24,GPU Training,Startup,2929
2025-01-24,GPU Training,Research/Academic,3366
2025-01-24,GPU Inference,Enterprise,15775
2025-01-24,GPU Inference,Mid-Market,7437
2025-01-24,GPU Inference,Startup,7925
2025-01-24,GPU Inference,Research/Academic,1387
2025-01-24,CPU Batch,Enterprise,6486
2025-01-24,CPU Batch,Mid-Market,3702
2025-01-24,CPU Batch,Startup,936
2025-01-24,CPU Batch,Research/Academic,1589
2025-01-24,CPU Interactive,Enterprise,4389
2025-01-24,CPU Interactive,Mid-Market,2436
2025-01-24,CPU Interactive,Startup,1912
2025-01-24,CPU Interactive,Research/Academic,2850
2025-01-25,GPU Training,Enterprise,14003
2025-01-25,GPU Training,Mid-Market,4965
2025-01-25,GPU Training,Startup,2716
2025-01-25,GPU Training,Research/Academic,2468
2025-01-25,GPU Inference,Enterprise,10833
2025-01-25,GPU Inference,Mid-Market,5736
2025-01-25,GPU Inference,Startup,3918
2025-01-25,GPU Inference,Research/Academic,814
2025-01-25,CPU Batch,Enterprise,4116
2025-01-25,CPU Batch,Mid-Market,2273
2025-01-25,CPU Batch,Startup,522
2025-01-25,CPU Batch,Research/Academic,955
2025-01-25,CPU Interactive,Enterprise,2452
2025-01-25,CPU Interactive,Mid-Market,1559
2025-01-25,CPU Interactive,Startup,1208
2025-01-25,CPU Interactive,Research/Academic,1276
2025-01-26,GPU Training,Enterprise,13689
2025-01-26,GPU Training,Mid-Market,4636
2025-01-26,GPU Training,Startup,2295
2025-01-26,GPU Training,Research/Academic,2810
2025-01-26,GPU Inference,Enterprise,9713
2025-01-26,GPU Inference,Mid-Market,4780
2025-01-26,GPU Inference,Startup,3378
2025-01-26,GPU Inference,Research/Academic,942
2025-01-26,CPU Batch,Enterprise,3262
2025-01-26,CPU Batch,Mid-Market,1888
2025-01-26,CPU Batch,Startup,557
2025-01-26,CPU Batch,Research/Academic,795
2025-01-26,CPU Interactive,Enterprise,2314
2025-01-26,CPU Interactive,Mid-Market,1304
2025-01-26,CPU Interactive,Startup,679
2025-01-26,CPU Interactive,Research/Academic,1416
2025-01-27,GPU Training,Enterprise,17078
2025-01-27,GPU Training,Mid-Market,7241
2025-01-27,GPU Training,Startup,3237
2025-01-27,GPU Training,Research/Academic,3116
2025-01-27,GPU Inference,Enterprise,14994
2025-01-27,GPU Inference,Mid-Market,7496
2025-01-27,GPU Inference,Startup,5979
2025-01-27,GPU Inference,Research/Academic,1229
2025-01-27,CPU Batch,Enterprise,6262
2025-01-27,CPU Batch,Mid-Market,3138
2025-01-27,CPU Batch,Startup,823
2025-01-27,CPU Batch,Research/Academic,1335
2025-01-27,CPU Interactive,Enterprise,4272
2025-01-27,CPU Interactive,Mid-Market,2329
2025-01-27,CPU Interactive,Startup,1695
2025-01-27,CPU Interactive,Research/Academic,2418
2025-01-28,GPU Training,Enterprise,20557
2025-01-28,GPU Training,Mid-Market,5957
2025-01-28,GPU Training,Startup,3536
2025-01-28,GPU Training,Research/Academic,3408
2025-01-28,GPU Inference,Enterprise,16553
2025-01-28,GPU Inference,Mid-Market,8307
2025-01-28,GPU Inference,Startup,6014
2025-01-28,GPU Inference,Research/Academic,1409
2025-01-28,CPU Batch,Enterprise,6318
2025-01-28,CPU Batch,Mid-Market,3560
2025-01-28,CPU Batch,Startup,782
2025-01-28,CPU Batch,Research/Academic,1561
2025-01-28,CPU Interactive,Enterprise,4829
2025-01-28,CPU Interactive,Mid-Market,2505
2025-01-28,CPU Interactive,Startup,1691
2025-01-28,CPU Interactive,Research/Academic,2554
2025-01-29,GPU Training,Enterprise,20975
2025-01-29,GPU Training,Mid-Market,9143
2025-01-29,GPU Training,Startup,4058
2025-01-29,GPU Training,Research/Academic,3412
2025-01-29,GPU Inference,Enterprise,16918
2025-01-29,GPU Inference,Mid-Market,8530
2025-01-29,GPU Inference,Startup,5658
2025-01-29,GPU Inference,Research/Academic,1293
2025-01-29,CPU Batch,Enterprise,6680
2025-01-29,CPU Batch,Mid-Market,3714
2025-01-29,CPU Batch,Startup,831
2025-01-29,CPU Batch,Research/Academic,1424
2025-01-29,CPU Interactive,Enterprise,5131
2025-01-29,CPU Interactive,Mid-Market,2697
2025-01-29,CPU Interactive,Startup,2139
2025-01-29,CPU Interactive,Research/Academic,2397
2025-01-30,GPU Training,Enterprise,21894
2025-01-30,GPU Training,Mid-Market,6553
2025-01-30,GPU Training,Startup,2751
2025-01-30,GPU Training,Research/Academic,3554
2025-01-30,GPU Inference,Enterprise,15783
2025-01-30,GPU Inference,Mid-Market,8127
2025-01-30,GPU Inference,Startup,6278
2025-01-30,GPU Inference,Research/Academic,1409
2025-01-30,CPU Batch,Enterprise,6477
2025-01-30,CPU Batch,Mid-Market,3619
2025-01-30,CPU Batch,Startup,972
2025-01-30,CPU Batch,Research/Academic,1648
2025-01-30,CPU Interactive,Enterprise,5114
2025-01-30,CPU Interactive,Mid-Market,2583
2025-01-30,CPU Interactive,Startup,1514
2025-01-30,CPU Interactive,Research/Academic,2718
2025-01-31,GPU Training,Enterprise,18093
2025-01-31,GPU Training,Mid-Market,6344
2025-01-31,GPU Training,Startup,3573
2025-01-31,GPU Training,Research/Academic,2957
2025-01-31,GPU Inference,Enterprise,16684
2025-01-31,GPU Inference,Mid-Market,7870
2025-01-31,GPU Inference,Startup,6020
2025-01-31,GPU Inference,Research/Academic,1257
2025-01-31,CPU Batch,Enterprise,6716
2025-01-31,CPU Batch,Mid-Market,3414
2025-01-31,CPU Batch,Startup,904
2025-01-31,CPU Batch,Research/Academic,1491
2025-01-31,CPU Interactive,Enterprise,4399
2025-01-31,CPU Interactive,Mid-Market,2251
2025-01-31,CPU Interactive,Startup,1481
2025-01-31,CPU Interactive,Research/Academic,2588
2025-02-01,GPU Training,Enterprise,15665
2025-02-01,GPU Training,Mid-Market,6177
2025-02-01,GPU Training,Startup,2473
2025-02-01,GPU Training,Research/Academic,2937
2025-02-01,GPU Inference,Enterprise,11858
2025-02-01,GPU Inference,Mid-Market,5506
2025-02-01,GPU Inference,Startup,4793
2025-02-01,GPU Inference,Research/Academic,1025
2025-02-01,CPU Batch,Enterprise,4573
2025-02-01,CPU Batch,Mid-Market,2465
2025-02-01,CPU Batch,Startup,696
2025-02-01,CPU Batch,Research/Academic,1043
2025-02-01,CPU Interactive,Enterprise,2761
2025-02-01,CPU Interactive,Mid-Market,1375
2025-02-01,CPU Interactive,Startup,1020
2025-02-01,CPU Interactive,Research/Academic,1407
2025-02-02,GPU Training,Enterprise,14110
2025-02-02,GPU Training,Mid-Market,5296
2025-02-02,GPU Training,Startup,2831
2025-02-02,GPU Training,Research/Academic,2669
2025-02-02,GPU Inference,Enterprise,10540
2025-02-02,GPU Inference,Mid-Market,5109
2025-02-02,GPU Inference,Startup,4467
2025-02-02,GPU Inference,Research/Academic,768
2025-02-02,CPU Batch,Enterprise,4151
2025-02-02,CPU Batch,Mid-Market,1849
2025-02-02,CPU Batch,Startup,511
2025-02-02,CPU Batch,Research/Academic,869
2025-02-02,CPU Interactive,Enterprise,2640
2025-02-02,CPU Interactive,Mid-Market,1461
2025-02-02,CPU Interactive,Startup,949
2025-02-02,CPU Interactive,Research/Academic,1331
2025-02-03,GPU Training,Enterprise,18203
2025-02-03,GPU Training,Mid-Market,7267
2025-02-03,GPU Training,Startup,3240
2025-02-03,GPU Training,Research/Academic,3286
2025-02-03,GPU Inference,Enterprise,16684
2025-02-03,GPU Inference,Mid-Market,7926
2025-02-03,GPU Inference,Startup,7081
2025-02-03,GPU Inference,Research/Academic,1227
2025-02-03,CPU Batch,Enterprise,6858
2025-02-03,CPU Batch,Mid-Market,3371
2025-02-03,CPU Batch,Startup,982
2025-02-03,CPU Batch,Research/Academic,1577
2025-02-03,CPU Interactive,Enterprise,4632
2025-02-03,CPU Interactive,Mid-Market,2629
2025-02-03,CPU Interactive,Startup,1702
2025-02-03,CPU Interactive,Research/Academic,2455
2025-02-04,GPU Training,Enterprise,20222
2025-02-04,GPU Training,Mid-Market,7472
2025-02-04,GPU Training,Startup,3318
2025-02-04,GPU Training,Research/Academic,3686
2025-02-04,GPU Inference,Enterprise,17236
2025-02-04,GPU Inference,Mid-Market,8253
2025-02-04,GPU Inference,Startup,8123
2025-02-04,GPU Inference,Research/Academic,1556
2025-02-04,CPU Batch,Enterprise,6933
2025-02-04,CPU Batch,Mid-Market,3729
2025-02-04,CPU Batch,Startup,939
2025-02-04,CPU Batch,Research/Academic,1530
2025-02-04,CPU Interactive,Enterprise,5167
2025-02-04,CPU Interactive,Mid-Market,2574
2025-02-04,CPU Interactive,Startup,1977
2025-02-04,CPU Interactive,Research/Academic,2685
2025-02-05,GPU Training,Enterprise,21297
2025-02-05,GPU Training,Mid-Market,7611
2025-02-05,GPU Training,Startup,5443
2025-02-05,GPU Training,Research/Academic,3661
2025-02-05,GPU Inference,Enterprise,16522
2025-02-05,GPU Inference,Mid-Market,7932
2025-02-05,GPU Inference,Startup,7577
2025-02-05,GPU Inference,Research/Academic,1723
2025-02-05,CPU Batch,Enterprise,7049
2025-02-05,CPU Batch,Mid-Market,4154
2025-02-05,CPU Batch,Startup,1194
2025-02-05,CPU Batch,Research/Academic,1606
2025-02-05,CPU Interactive,Enterprise,5373
2025-02-05,CPU Interactive,Mid-Market,2952
2025-02-05,CPU Interactive,Startup,2176
2025-02-05,CPU Interactive,Research/Academic,2993
2025-02-06,GPU Training,Enterprise,21040
2025-02-06,GPU Training,Mid-Market,7831
2025-02-06,GPU Training,Startup,4847
2025-02-06,GPU Training,Research/Academic,3940
2025-02-06,GPU Inference,Enterprise,18603
2025-02-06,GPU Inference,Mid-Market,9227
2025-02-06,GPU Inference,Startup,7161
2025-02-06,GPU Inference,Research/Academic,1563
2025-02-06,CPU Batch,Enterprise,7510
2025-02-06,CPU Batch,Mid-Market,3996
2025-02-06,CPU Batch,Startup,1128
2025-02-06,CPU Batch,Research/Academic,1542
2025-02-06,CPU Interactive,Enterprise,5664
2025-02-06,CPU Interactive,Mid-Market,2980
2025-02-06,CPU Interactive,Startup,1939
2025-02-06,CPU Interactive,Research/Academic,3690
2025-02-07,GPU Training,Enterprise,19416
2025-02-07,GPU Training,Mid-Market,8100
2025-02-07,GPU Training,Startup,3293
2025-02-07,GPU Training,Research/Academic,3726
2025-02-07,GPU Inference,Enterprise,19010
2025-02-07,GPU Inference,Mid-Market,7933
2025-02-07,GPU Inference,Startup,6071
2025-02-07,GPU Inference,Research/Academic,1476
2025-02-07,CPU Batch,Enterprise,6811
2025-02-07,CPU Batch,Mid-Market,3931
2025-02-07,CPU Batch,Startup,997
2025-02-07,CPU Batch,Research/Academic,1670
2025-02-07,CPU Interactive,Enterprise,4830
2025-02-07,CPU Interactive,Mid-Market,2410
2025-02-07,CPU Interactive,Startup,1789
2025-02-07,CPU Interactive,Research/Academic,2399
2025-02-08,GPU Training,Enterprise,16729
2025-02-08,GPU Training,Mid-Market,5189
2025-02-08,GPU Training,Startup,2459
2025-02-08,GPU Training,Research/Academic,2904
2025-02-08,GPU Inference,Enterprise,11726
2025-02-08,GPU Inference,Mid-Market,5341
2025-02-08,GPU Inference,Startup,5924
2025-02-08,GPU Inference,Research/Academic,954
2025-02-08,CPU Batch,Enterprise,4662
2025-02-08,CPU Batch,Mid-Market,2429
2025-02-08,CPU Batch,Startup,772
2025-02-08,CPU Batch,Research/Academic,1097
2025-02-08,CPU Interactive,Enterprise,2724
2025-02-08,CPU Interactive,Mid-Market,1478
2025-02-08,CPU Interactive,Startup,989
2025-02-08,CPU Interactive,Research/Academic,1595
2025-02-09,GPU Training,Enterprise,14095
2025-02-09,GPU Training,Mid-Market,6242
2025-02-09,GPU Training,Startup,2387
2025-02-09,GPU Training,Research/Academic,2633
2025-02-09,GPU Inference,Enterprise,10357
2025-02-09,GPU Inference,Mid-Market,4904
2025-02-09,GPU Inference,Startup,3777
2025-02-09,GPU Inference,Research/Academic,864
2025-02-09,CPU Batch,Enterprise,3962
2025-02-09,CPU Batch,Mid-Market,1973
2025-02-09,CPU Batch,Startup,661
2025-02-09,CPU Batch,Research/Academic,851
2025-02-09,CPU Interactive,Enterprise,2343
2025-02-09,CPU Interactive,Mid-Market,1269
2025-02-09,CPU Interactive,Startup,988
2025-02-09,CPU Interactive,Research/Academic,1318
2025-02-10,GPU Training,Enterprise,19628
2025-02-10,GPU Training,Mid-Market,6542
2025-02-10,GPU Training,Startup,3043
2025-02-10,GPU Training,Research/Academic,3172
2025-02-10,GPU Inference,Enterprise,17606
2025-02-10,GPU Inference,Mid-Market,8586
2025-02-10,GPU Inference,Startup,5831
2025-02-10,GPU Inference,Research/Academic,1373
2025-02-10,CPU Batch,Enterprise,6628
2025-02-10,CPU Batch,Mid-Market,3378
2025-02-10,CPU Batch,Startup,1093
2025-02-10,CPU Batch,Research/Academic,1505
2025-02-10,CPU Interactive,Enterprise,5279
2025-02-10,CPU Interactive,Mid-Market,2848
2025-02-10,CPU Interactive,Startup,2053
2025-02-10,CPU Interactive,Research/Academic,2734
2025-02-11,GPU Training,Enterprise,20359
2025-02-11,GPU Training,Mid-Market,7926
2025-02-11,GPU Training,Startup,3519
2025-02-11,GPU Training,Research/Academic,4204
2025-02-11,GPU Inference,Enterprise,17850
2025-02-11,GPU Inference,Mid-Market,8860
2025-02-11,GPU Inference,Startup,6907
2025-02-11,GPU Inference,Research/Academic,1734
2025-02-11,CPU Batch,Enterprise,6661
2025-02-11,CPU Batch,Mid-Market,4209
2025-02-11,CPU Batch,Startup,1042
2025-02-11,CPU Batch,Research/Academic,1417
2025-02-11,CPU Interactive,Enterprise,5093
2025-02-11,CPU Interactive,Mid-Market,2512
2025-02-11,CPU Interactive,Startup,2051
2025-02-11,CPU Interactive,Research/Academic,2576
2025-02-12,GPU Training,Enterprise,21854
2025-02-12,GPU Training,Mid-Market,8629
2025-02-12,GPU Training,Startup,3551
2025-02-12,GPU Training,Research/Academic,3785
2025-02-12,GPU Inference,Enterprise,17167
2025-02-12,GPU Inference,Mid-Market,8720
2025-02-12,GPU Inference,Startup,9547
2025-02-12,GPU Inference,Research/Academic,1652
2025-02-12,CPU Batch,Enterprise,7181
2025-02-12,CPU Batch,Mid-Market,3648
2025-02-12,CPU Batch,Startup,1091
2025-02-12,CPU Batch,Research/Academic,1648
2025-02-12,CPU Interactive,Enterprise,5355
2025-02-12,CPU Interactive,Mid-Market,3036
2025-02-12,CPU Interactive,Startup,1755
2025-02-12,CPU Interactive,Research/Academic,2688
2025-02-13,GPU Training,Enterprise,22046
2025-02-13,GPU Training,Mid-Market,7351
2025-02-13,GPU Training,Startup,4206
2025-02-13,GPU Training,Research/Academic,3864
2025-02-13,GPU Inference,Enterprise,16829
2025-02-13,GPU Inference,Mid-Market,9042
2025-02-13,GPU Inference,Startup,5738
2025-02-13,GPU Inference,Research/Academic,1642
2025-02-13,CPU Batch,Enterprise,7188
2025-02-13,CPU Batch,Mid-Market,4336
2025-02-13,CPU Batch,Startup,1247
2025-02-13,CPU Batch,Research/Academic,1499
2025-02-13,CPU Interactive,Enterprise,5159
2025-02-13,CPU Interactive,Mid-Market,2851
2025-02-13,CPU Interactive,Startup,1747
2025-02-13,CPU Interactive,Research/Academic,3450
2025-02-14,GPU Training,Enterprise,20740
2025-02-14,GPU Training,Mid-Market,8136
2025-02-14,GPU Training,Startup,3559
2025-02-14,GPU Training,Research/Academic,3640
2025-02-14,GPU Inference,Enterprise,17264
2025-02-14,GPU Inference,Mid-Market,9260
2025-02-14,GPU Inference,Startup,6967
2025-02-14,GPU Inference,Research/Academic,1362
2025-02-14,CPU Batch,Enterprise,7533
2025-02-14,CPU Batch,Mid-Market,3629
2025-02-14,CPU Batch,Startup,1010
2025-02-14,CPU Batch,Research/Academic,1265
2025-02-14,CPU Interactive,Enterprise,5240
2025-02-14,CPU Interactive,Mid-Market,2765
2025-02-14,CPU Interactive,Startup,1870
2025-02-14,CPU Interactive,Research/Academic,2636
2025-02-15,GPU Training,Enterprise,15460
2025-02-15,GPU Training,Mid-Market,5664
2025-02-15,GPU Training,Startup,2970
2025-02-15,GPU Training,Research/Academic,2962
2025-02-15,GPU Inference,Enterprise,11986
2025-02-15,GPU Inference,Mid-Market,6411
2025-02-15,GPU Inference,Startup,4656
2025-02-15,GPU Inference,Research/Academic,995
2025-02-15,CPU Batch,Enterprise,4745
2025-02-15,CPU Batch,Mid-Market,2246
2025-02-15,CPU Batch,Startup,732
2025-02-15,CPU Batch,Research/Academic,935
2025-02-15,CPU Interactive,Enterprise,2710
2025-02-15,CPU Interactive,Mid-Market,1317
2025-02-15,CPU Interactive,Startup,1000
2025-02-15,CPU Interactive,Research/Academic,1711
2025-02-16,GPU Training,Enterprise,14772
2025-02-16,GPU Training,Mid-Market,5705
2025-02-16,GPU Training,Startup,3497
2025-02-16,GPU Training,Research/Academic,2726
2025-02-16,GPU Inference,Enterprise,10603
2025-02-16,GPU Inference,Mid-Market,5190
2025-02-16,GPU Inference,Startup,4252
2025-02-16,GPU Inference,Research/Academic,890
2025-02-16,CPU Batch,Enterprise,3947
2025-02-16,CPU Batch,Mid-Market,2270
2025-02-16,CPU Batch,Startup,690
2025-02-16,CPU Batch,Research/Academic,795
2025-02-16,CPU Interactive,Enterprise,2357
2025-02-16,CPU Interactive,Mid-Market,1267
2025-02-16,CPU Interactive,Startup,947
2025-02-16,CPU Interactive,Research/Academic,1421
2025-02-17,GPU Training,Enterprise,12134
2025-02-17,GPU Training,Mid-Market,4227
2025-02-17,GPU Training,Startup,2512
2025-02-17,GPU Training,Research/Academic,1845
2025-02-17,GPU Inference,Enterprise,9012
2025-02-17,GPU Inference,Mid-Market,4964
2025-02-17,GPU Inference,Startup,4676
2025-02-17,GPU Inference,Research/Academic,584
2025-02-17,CPU Batch,Enterprise,3794
2025-02-17,CPU Batch,Mid-Market,2134
2025-02-17,CPU Batch,Startup,907
2025-02-17,CPU Batch,Research/Academic,771
2025-02-17,CPU Interactive,Enterprise,2548
2025-02-17,CPU Interactive,Mid-Market,1543
2025-02-17,CPU Interactive,Startup,1029
2025-02-17,CPU Interactive,Research/Academic,1177
2025-02-18,GPU Training,Enterprise,21342
2025-02-18,GPU Training,Mid-Market,7517
2025-02-18,GPU Training,Startup,4134
2025-02-18,GPU Training,Research/Academic,3158
2025-02-18,GPU Inference,Enterprise,17529
2025-02-18,GPU Inference,Mid-Market,8498
2025-02-18,GPU Inference,Startup,7732
2025-02-18,GPU Inference,Research/Academic,1597
2025-02-18,CPU Batch,Enterprise,7252
2025-02-18,CPU Batch,Mid-Market,4133
2025-02-18,CPU Batch,Startup,1023
2025-02-18,CPU Batch,Research/Academic,1766
2025-02-18,CPU Interactive,Enterprise,5048
2025-02-18,CPU Interactive,Mid-Market,2624
2025-02-18,CPU Interactive,Startup,2086
2025-02-18,CPU Interactive,Research/Academic,2484
2025-02-19,GPU Training,Enterprise,22318
2025-02-19,GPU Training,Mid-Market,8077
2025-02-19,GPU Training,Startup,4414
2025-02-19,GPU Training,Research/Academic,3855
2025-02-19,GPU Inference,Enterprise,18266
2025-02-19,GPU Inference,Mid-Market,9378
2025-02-19,GPU Inference,Startup,6562
2025-02-19,GPU Inference,Research/Academic,1471
2025-02-19,CPU Batch,Enterprise,7411
2025-02-19,CPU Batch,Mid-Market,3810
2025-02-19,CPU Batch,Startup,1048
2025-02-19,CPU Batch,Research/Academic,1622
2025-02-19,CPU Interactive,Enterprise,5821
2025-02-19,CPU Interactive,Mid-Market,2847
2025-02-19,CPU Interactive,Startup,1869
2025-02-19,CPU Interactive,Research/Academic,2535
2025-02-20,GPU Training,Enterprise,21790
2025-02-20,GPU Training,Mid-Market,8405
2025-02-20,GPU Training,Startup,4296
2025-02-20,GPU Training,Research/Academic,3908
2025-02-20,GPU Inference,Enterprise,18956
2025-02-20,GPU Inference,Mid-Market,9538
2025-02-20,GPU Inference,Startup,8135
2025-02-20,GPU Inference,Research/Academic,1685
2025-02-20,CPU Batch,Enterprise,7745
2025-02-20,CPU Batch,Mid-Market,3774
2025-02-20,CPU Batch,Startup,939
2025-02-20,CPU Batch,Research/Academic,1722
2025-02-20,CPU Interactive,Enterprise,5788
2025-02-20,CPU Interactive,Mid-Market,3367
2025-02-20,CPU Interactive,Startup,2371
2025-02-20,CPU Interactive,Research/Academic,3486
2025-02-21,GPU Training,Enterprise,21373
2025-02-21,GPU Training,Mid-Market,7793
2025-02-21,GPU Training,Startup,3145
2025-02-21,GPU Training,Research/Academic,3792
2025-02-21,GPU Inference,Enterprise,17039
2025-02-21,GPU Inference,Mid-Market,8784
2025-02-21,GPU Inference,Startup,6846
2025-02-21,GPU Inference,Research/Academic,1543
2025-02-21,CPU Batch,Enterprise,7046
2025-02-21,CPU Batch,Mid-Market,3965
2025-02-21,CPU Batch,Startup,772
2025-02-21,CPU Batch,Research/Academic,1612
2025-02-21,CPU Interactive,Enterprise,5376
2025-02-21,CPU Interactive,Mid-Market,3141
2025-02-21,CPU Interactive,Startup,2028
2025-02-21,CPU Interactive,Research/Academic,3118
2025-02-22,GPU Training,Enterprise,16004
2025-02-22,GPU Training,Mid-Market,5849
2025-02-22,GPU Training,Startup,3019
2025-02-22,GPU Training,Research/Academic,2819
2025-02-22,GPU Inference,Enterprise,11815
2025-02-22,GPU Inference,Mid-Market,5844
2025-02-22,GPU Inference,Startup,4169
2025-02-22,GPU Inference,Research/Academic,1084
2025-02-22,CPU Batch,Enterprise,4719
2025-02-22,CPU Batch,Mid-Market,2415
2025-02-22,CPU Batch,Startup,667
2025-02-22,CPU Batch,Research/Academic,1102
2025-02-22,CPU Interactive,Enterprise,2921
2025-02-22,CPU Interactive,Mid-Market,1407
2025-02-22,CPU Interactive,Startup,880
2025-02-22,CPU Interactive,Research/Academic,1625
2025-02-23,GPU Training,Enterprise,14115
2025-02-23,GPU Training,Mid-Market,5702
2025-02-23,GPU Training,Startup,3229
2025-02-23,GPU Training,Research/Academic,3009
2025-02-23,GPU Inference,Enterprise,11347
2025-02-23,GPU Inference,Mid-Market,5756
2025-02-23,GPU Inference,Startup,5646
2025-02-23,GPU Inference,Research/Academic,779
2025-02-23,CPU Batch,Enterprise,3970
2025-02-23,CPU Batch,Mid-Market,2254
2025-02-23,CPU Batch,Startup,588
2025-02-23,CPU Batch,Research/Academic,1002
2025-02-23,CPU Interactive,Enterprise,2438
2025-02-23,CPU Interactive,Mid-Market,1326
2025-02-23,CPU Interactive,Startup,857
2025-02-23,CPU Interactive,Research/Academic,1245
2025-02-24,GPU Training,Enterprise,19467
2025-02-24,GPU Training,Mid-Market,7464
2025-02-24,GPU Training,Startup,3235
2025-02-24,GPU Training,Research/Academic,3805
2025-02-24,GPU Inference,Enterprise,17417
2025-02-24,GPU Inference,Mid-Market,9114
2025-02-24,GPU Inference,Startup,5800
2025-02-24,GPU Inference,Research/Academic,1261
2025-02-24,CPU Batch,Enterprise,6876
2025-02-24,CPU Batch,Mid-Market,4424
2025-02-24,CPU Batch,Startup,1213
2025-02-24,CPU Batch,Research/Academic,1476
2025-02-24,CPU Interactive,Enterprise,4970
2025-02-24,CPU Interactive,Mid-Market,2766
2025-02-24,CPU Interactive,Startup,1504
2025-02-24,CPU Interactive,Research/Academic,2897
2025-02-25,GPU Training,Enterprise,20768
2025-02-25,GPU Training,Mid-Market,7648
2025-02-25,GPU Training,Startup,3743
2025-02-25,GPU Training,Research/Academic,4058
2025-02-25,GPU Inference,Enterprise,17305
2025-02-25,GPU Inference,Mid-Market,7874
2025-02-25,GPU Inference,Startup,7263
2025-02-25,GPU Inference,Research/Academic,1288
2025-02-25,CPU Batch,Enterprise,6997
2025-02-25,CPU Batch,Mid-Market,4042
2025-02-25,CPU Batch,Startup,1150
2025-02-25,CPU Batch,Research/Academic,1726
2025-02-25,CPU Interactive,Enterprise,5412
2025-02-25,CPU Interactive,Mid-Market,3363
2025-02-25,CPU Interactive,Startup,1785
2025-02-25,CPU Interactive,Research/Academic,2895
2025-02-26,GPU Training,Enterprise,21537
2025-02-26,GPU Training,Mid-Market,8629
2025-02-26,GPU Training,Startup,3886
2025-02-26,GPU Training,Research/Academic,4452
2025-02-26,GPU Inference,Enterprise,17980
2025-02-26,GPU Inference,Mid-Market,10086
2025-02-26,GPU Inference,Startup,7732
2025-02-26,GPU Inference,Research/Academic,1557
2025-02-26,CPU Batch,Enterprise,7446
2025-02-26,CPU Batch,Mid-Market,3898
2025-02-26,CPU Batch,Startup,1152
2025-02-26,CPU Batch,Research/Academic,1607
2025-02-26,CPU Interactive,Enterprise,5325
2025-02-26,CPU Interactive,Mid-Market,2879
2025-02-26,CPU Interactive,Startup,1625
2025-02-26,CPU Interactive,Research/Academic,3111
2025-02-27,GPU Training,Enterprise,20876
2025-02-27,GPU Training,Mid-Market,7955
2025-02-27,GPU Training,Startup,4236
2025-02-27,GPU Training,Research/Academic,4151
2025-02-27,GPU Inference,Enterprise,17126
2025-02-27,GPU Inference,Mid-Market,9094
2025-02-27,GPU Inference,Startup,7623
2025-02-27,GPU Inference,Research/Academic,1568
2025-02-27,CPU Batch,Enterprise,7690
2025-02-27,CPU Batch,Mid-Market,3614
2025-02-27,CPU Batch,Startup,864
2025-02-27,CPU Batch,Research/Academic,1743
2025-02-27,CPU Interactive,Enterprise,5506
2025-02-27,CPU Interactive,Mid-Market,2677
2025-02-27,CPU Interactive,Startup,2005
2025-02-27,CPU Interactive,Research/Academic,3296
2025-02-28,GPU Training,Enterprise,19918
2025-02-28,GPU Training,Mid-Market,9088
2025-02-28,GPU Training,Startup,3387
2025-02-28,GPU Training,Research/Academic,3732
2025-02-28,GPU Inference,Enterprise,16719
2025-02-28,GPU Inference,Mid-Market,8767
2025-02-28,GPU Inference,Startup,6784
2025-02-28,GPU Inference,Research/Academic,1323
2025-02-28,CPU Batch,Enterprise,7936
2025-02-28,CPU Batch,Mid-Market,3596
2025-02-28,CPU Batch,Startup,1012
2025-02-28,CPU Batch,Research/Academic,1717
2025-02-28,CPU Interactive,Enterprise,5526
2025-02-28,CPU Interactive,Mid-Market,2993
2025-02-28,CPU Interactive,Startup,1616
2025-02-28,CPU Interactive,Research/Academic,2775
2025-03-01,GPU Training,Enterprise,16843
2025-03-01,GPU Training,Mid-Market,7126
2025-03-01,GPU Training,Startup,2670
2025-03-01,GPU Training,Research/Academic,3011
2025-03-01,GPU Inference,Enterprise,13964
2025-03-01,GPU Inference,Mid-Market,7176
2025-03-01,GPU Inference,Startup,5319
2025-03-01,GPU Inference,Research/Academic,1338
2025-03-01,CPU Batch,Enterprise,5531
2025-03-01,CPU Batch,Mid-Market,2953
2025-03-01,CPU Batch,Startup,703
2025-03-01,CPU Batch,Research/Academic,1379
2025-03-01,CPU Interactive,Enterprise,3126
2025-03-01,CPU Interactive,Mid-Market,1963
2025-03-01,CPU Interactive,Startup,1495
2025-03-01,CPU Interactive,Research/Academic,1785
2025-03-02,GPU Training,Enterprise,17754
2025-03-02,GPU Training,Mid-Market,5059
2025-03-02,GPU Training,Startup,2978
2025-03-02,GPU Training,Research/Academic,3288
2025-03-02,GPU Inference,Enterprise,13097
2025-03-02,GPU Inference,Mid-Market,5774
2025-03-02,GPU Inference,Startup,4793
2025-03-02,GPU Inference,Research/Academic,873
2025-03-02,CPU Batch,Enterprise,4683
2025-03-02,CPU Batch,Mid-Market,2122
2025-03-02,CPU Batch,Startup,800
2025-03-02,CPU Batch,Research/Academic,1135
2025-03-02,CPU Interactive,Enterprise,2732
2025-03-02,CPU Interactive,Mid-Market,1555
2025-03-02,CPU Interactive,Startup,986
2025-03-02,CPU Interactive,Research/Academic,1506
2025-03-03,GPU Training,Enterprise,21711
2025-03-03,GPU Training,Mid-Market,8751
2025-03-03,GPU Training,Startup,3343
2025-03-03,GPU Training,Research/Academic,3468
2025-03-03,GPU Inference,Enterprise,19344
2025-03-03,GPU Inference,Mid-Market,9547
2025-03-03,GPU Inference,Startup,7906
2025-03-03,GPU Inference,Research/Academic,1563
2025-03-03,CPU Batch,Enterprise,8447
2025-03-03,CPU Batch,Mid-Market,4163
2025-03-03,CPU Batch,Startup,1222
2025-03-03,CPU Batch,Research/Academic,1783
2025-03-03,CPU Interactive,Enterprise,5799
2025-03-03,CPU Interactive,Mid-Market,3123
2025-03-03,CPU Interactive,Startup,2136
2025-03-03,CPU Interactive,Research/Academic,3134
2025-03-04,GPU Training,Enterprise,22202
2025-03-04,GPU Training,Mid-Market,7769
2025-03-04,GPU Training,Startup,4240
2025-03-04,GPU Training,Research/Academic,4151
2025-03-04,GPU Inference,Enterprise,20913
2025-03-04,GPU Inference,Mid-Market,10202
2025-03-04,GPU Inference,Startup,8633
2025-03-04,GPU Inference,Research/Academic,1566
2025-03-04,CPU Batch,Enterprise,8063
2025-03-04,CPU Batch,Mid-Market,3859
2025-03-04,CPU Batch,Startup,1282
2025-03-04,CPU Batch,Research/Academic,1555
2025-03-04,CPU Interactive,Enterprise,6104
2025-03-04,CPU Interactive,Mid-Market,2925
2025-03-04,CPU Interactive,Startup,2091
2025-03-04,CPU Interactive,Research/Academic,3428
2025-03-05,GPU Training,Enterprise,25267
2025-03-05,GPU Training,Mid-Market,8227
2025-03-05,GPU Training,Startup,4140
2025-03-05,GPU Training,Research/Academic,3919
2025-03-05,GPU Inference,Enterprise,19661
2025-03-05,GPU Inference,Mid-Market,10581
2025-03-05,GPU Inference,Startup,8873
2025-03-05,GPU Inference,Research/Academic,1844
2025-03-05,CPU Batch,Enterprise,8501
2025-03-05,CPU Batch,Mid-Market,4358
2025-03-05,CPU Batch,Startup,1219
2025-03-05,CPU Batch,Research/Academic,1706
2025-03-05,CPU Interactive,Enterprise,6136
2025-03-05,CPU Interactive,Mid-Market,3066
2025-03-05,CPU Interactive,Startup,2053
2025-03-05,CPU Interactive,Research/Academic,3334
2025-03-06,GPU Training,Enterprise,24937
2025-03-06,GPU Training,Mid-Market,11451
2025-03-06,GPU Training,Startup,3823
2025-03-06,GPU Training,Research/Academic,4376
2025-03-06,GPU Inference,Enterprise,19897
2025-03-06,GPU Inference,Mid-Market,10227
2025-03-06,GPU Inference,Startup,7973
2025-03-06,GPU Inference,Research/Academic,1905
2025-03-06,CPU Batch,Enterprise,8153
2025-03-06,CPU Batch,Mid-Market,4305
2025-03-06,CPU Batch,Startup,1197
2025-03-06,CPU Batch,Research/Academic,1662
2025-03-06,CPU Interactive,Enterprise,6249
2025-03-06,CPU Interactive,Mid-Market,3364
2025-03-06,CPU Interactive,Startup,2355
2025-03-06,CPU Interactive,Research/Academic,3555
2025-03-07,GPU Training,Enterprise,23709
2025-03-07,GPU Training,Mid-Market,8674
2025-03-07,GPU Training,Startup,3493
2025-03-07,GPU Training,Research/Academic,4406
2025-03-07,GPU Inference,Enterprise,19558
2025-03-07,GPU Inference,Mid-Market,10575
2025-03-07,GPU Inference,Startup,9302
2025-03-07,GPU Inference,Research/Academic,1673
2025-03-07,CPU Batch,Enterprise,7749
2025-03-07,CPU Batch,Mid-Market,4239
2025-03-07,CPU Batch,Startup,1278
2025-03-07,CPU Batch,Research/Academic,1762
2025-03-07,CPU Interactive,Enterprise,5728
2025-03-07,CPU Interactive,Mid-Market,3284
2025-03-07,CPU Interactive,Startup,2264
2025-03-07,CPU Interactive,Research/Academic,3019
2025-03-08,GPU Training,Enterprise,17079
2025-03-08,GPU Training,Mid-Market,6951
2025-03-08,GPU Training,Startup,2988
2025-03-08,GPU Training,Research/Academic,3272
2025-03-08,GPU Inference,Enterprise,14158
2025-03-08,GPU Inference,Mid-Market,6155
2025-03-08,GPU Inference,Startup,5617
2025-03-08,GPU Inference,Research/Academic,1238
2025-03-08,CPU Batch,Enterprise,5522
2025-03-08,CPU Batch,Mid-Market,2853
2025-03-08,CPU Batch,Startup,645
2025-03-08,CPU Batch,Research/Academic,1334
2025-03-08,CPU Interactive,Enterprise,3292
2025-03-08,CPU Interactive,Mid-Market,1604
2025-03-08,CPU Interactive,Startup,1073
2025-03-08,CPU Interactive,Research/Academic,1747
2025-03-09,GPU Training,Enterprise,17590
2025-03-09,GPU Training,Mid-Market,6105
2025-03-09,GPU Training,Startup,3395
2025-03-09,GPU Training,Research/Academic,2613
2025-03-09,GPU Inference,Enterprise,12199
2025-03-09,GPU Inference,Mid-Market,5497
2025-03-09,GPU Inference,Startup,4518
2025-03-09,GPU Inference,Research/Academic,1210
2025-03-09,CPU Batch,Enterprise,5012
2025-03-09,CPU Batch,Mid-Market,2467
2025-03-09,CPU Batch,Startup,649
2025-03-09,CPU Batch,Research/Academic,1015
2025-03-09,CPU Interactive,Enterprise,2846
2025-03-09,CPU Interactive,Mid-Market,1349
2025-03-09,CPU Interactive,Startup,950
2025-03-09,CPU Interactive,Research/Academic,1658
2025-03-10,GPU Training,Enterprise,21905
2025-03-10,GPU Training,Mid-Market,8000
2025-03-10,GPU Training,Startup,4111
2025-03-10,GPU Training,Research/Academic,4114
2025-03-10,GPU Inference,Enterprise,19105
2025-03-10,GPU Inference,Mid-Market,9838
2025-03-10,GPU Inference,Startup,8342
2025-03-10,GPU Inference,Research/Academic,1932
2025-03-10,CPU Batch,Enterprise,7809
2025-03-10,CPU Batch,Mid-Market,4115
2025-03-10,CPU Batch,Startup,1432
2025-03-10,CPU Batch,Research/Academic,1681
2025-03-10,CPU Interactive,Enterprise,5299
2025-03-10,CPU Interactive,Mid-Market,3064
2025-03-10,CPU Interactive,Startup,2317
2025-03-10,CPU Interactive,Research/Academic,3044
2025-03-11,GPU Training,Enterprise,23906
2025-03-11,GPU Training,Mid-Market,8005
2025-03-11,GPU Training,Startup,4285
2025-03-11,GPU Training,Research/Academic,4662
2025-03-11,GPU Inference,Enterprise,19599
2025-03-11,GPU Inference,Mid-Market,10114
2025-03-11,GPU Inference,Startup,7788
2025-03-11,GPU Inference,Research/Academic,1640
2025-03-11,CPU Batch,Enterprise,8162
2025-03-11,CPU Batch,Mid-Market,4384
2025-03-11,CPU Batch,Startup,1293
2025-03-11,CPU Batch,Research/Academic,1672
2025-03-11,CPU Interactive,Enterprise,5652
2025-03-11,CPU Interactive,Mid-Market,3314
2025-03-11,CPU Interactive,Startup,2071
2025-03-11,CPU Interactive,Research/Academic,3701
2025-03-12,GPU Training,Enterprise,27129
2025-03-12,GPU Training,Mid-Market,10679
2025-03-12,GPU Training,Startup,4043
2025-03-12,GPU Training,Research/Academic,4633
2025-03-12,GPU Inference,Enterprise,21954
2025-03-12,GPU Inference,Mid-Market,11176
2025-03-12,GPU Inference,Startup,8058
2025-03-12,GPU Inference,Research/Academic,1977
2025-03-12,CPU Batch,Enterprise,8315
2025-03-12,CPU Batch,Mid-Market,4412
2025-03-12,CPU Batch,Startup,1051
2025-03-12,CPU Batch,Research/Academic,1958
2025-03-12,CPU Interactive,Enterprise,6198
2025-03-12,CPU Interactive,Mid-Market,3488
2025-03-12,CPU Interactive,Startup,2349
2025-03-12,CPU Interactive,Research/Academic,3362
2025-03-13,GPU Training,Enterprise,25131
2025-03-13,GPU Training,Mid-Market,9824
2025-03-13,GPU Training,Startup,4425
2025-03-13,GPU Training,Research/Academic,3941
2025-03-13,GPU Inference,Enterprise,21714
2025-03-13,GPU Inference,Mid-Market,10029
2025-03-13,GPU Inference,Startup,7186
2025-03-13,GPU Inference,Research/Academic,1645
2025-03-13,CPU Batch,Enterprise,8412
2025-03-13,CPU Batch,Mid-Market,4345
2025-03-13,CPU Batch,Startup,979
2025-03-13,CPU Batch,Research/Academic,1804
2025-03-13,CPU Interactive,Enterprise,6741
2025-03-13,CPU Interactive,Mid-Market,3361
2025-03-13,CPU Interactive,Startup,2300
2025-03-13,CPU Interactive,Research/Academic,3699
2025-03-14,GPU Training,Enterprise,24826
2025-03-14,GPU Training,Mid-Market,9542
2025-03-14,GPU Training,Startup,3105
2025-03-14,GPU Training,Research/Academic,4856
2025-03-14,GPU Inference,Enterprise,20788
2025-03-14,GPU Inference,Mid-Market,12042
2025-03-14,GPU Inference,Startup,7328
2025-03-14,GPU Inference,Research/Academic,1479
2025-03-14,CPU Batch,Enterprise,8091
2025-03-14,CPU Batch,Mid-Market,4173
2025-03-14,CPU Batch,Startup,1330
2025-03-14,CPU Batch,Research/Academic,1971
2025-03-14,CPU Interactive,Enterprise,5856
2025-03-14,CPU Interactive,Mid-Market,3116
2025-03-14,CPU Interactive,Startup,2283
2025-03-14,CPU Interactive,Research/Academic,3044
2025-03-15,GPU Training,Enterprise,18088
2025-03-15,GPU Training,Mid-Market,7284
2025-03-15,GPU Training,Startup,3843
2025-03-15,GPU Training,Research/Academic,3513
2025-03-15,GPU Inference,Enterprise,14087
2025-03-15,GPU Inference,Mid-Market,6108
2025-03-15,GPU Inference,Startup,5538
2025-03-15,GPU Inference,Research/Academic,1121
2025-03-15,CPU Batch,Enterprise,5366
2025-03-15,CPU Batch,Mid-Market,2707
2025-03-15,CPU Batch,Startup,818
2025-03-15,CPU Batch,Research/Academic,1110
2025-03-15,CPU Interactive,Enterprise,3085
2025-03-15,CPU Interactive,Mid-Market,1908
2025-03-15,CPU Interactive,Startup,1055
2025-03-15,CPU Interactive,Research/Academic,1717
2025-03-16,GPU Training,Enterprise,17871
2025-03-16,GPU Training,Mid-Market,6777
2025-03-16,GPU Training,Startup,3411
2025-03-16,GPU Training,Research/Academic,3095
2025-03-16,GPU Inference,Enterprise,13194
2025-03-16,GPU Inference,Mid-Market,7062
2025-03-16,GPU Inference,Startup,5366
2025-03-16,GPU Inference,Research/Academic,929
2025-03-16,CPU Batch,Enterprise,4528
2025-03-16,CPU Batch,Mid-Market,2554
2025-03-16,CPU Batch,Startup,652
2025-03-16,CPU Batch,Research/Academic,1177
2025-03-16,CPU Interactive,Enterprise,2794
2025-03-16,CPU Interactive,Mid-Market,1520
2025-03-16,CPU Interactive,Startup,1170
2025-03-16,CPU Interactive,Research/Academic,1459
2025-03-17,GPU Training,Enterprise,23114
2025-03-17,GPU Training,Mid-Market,9034
2025-03-17,GPU Training,Startup,3469
2025-03-17,GPU Training,Research/Academic,3938
2025-03-17,GPU Inference,Enterprise,20406
2025-03-17,GPU Inference,Mid-Market,9928
2025-03-17,GPU Inference,Startup,9374
2025-03-17,GPU Inference,Research/Academic,1460
2025-03-17,CPU Batch,Enterprise,7350
2025-03-17,CPU Batch,Mid-Market,4366
2025-03-17,CPU Batch,Startup,1327
2025-03-17,CPU Batch,Research/Academic,1730
2025-03-17,CPU Interactive,Enterprise,5694
2025-03-17,CPU Interactive,Mid-Market,3184
2025-03-17,CPU Interactive,Startup,1856
2025-03-17,CPU Interactive,Research/Academic,2798
2025-03-18,GPU Training,Enterprise,24299
2025-03-18,GPU Training,Mid-Market,9497
2025-03-18,GPU Training,Startup,3784
2025-03-18,GPU Training,Research/Academic,4165
2025-03-18,GPU Inference,Enterprise,20548
2025-03-18,GPU Inference,Mid-Market,10700
2025-03-18,GPU Inference,Startup,8260
2025-03-18,GPU Inference,Research/Academic,1665
2025-03-18,CPU Batch,Enterprise,8512
2025-03-18,CPU Batch,Mid-Market,4102
2025-03-18,CPU Batch,Startup,1190
2025-03-18,CPU Batch,Research/Academic,1593
2025-03-18,CPU Interactive,Enterprise,5884
2025-03-18,CPU Interactive,Mid-Market,3386
2025-03-18,CPU Interactive,Startup,2299
2025-03-18,CPU Interactive,Research/Academic,3355
2025-03-19,GPU Training,Enterprise,25845
2025-03-19,GPU Training,Mid-Market,10819
2025-03-19,GPU Training,Startup,4173
2025-03-19,GPU Training,Research/Academic,3895
2025-03-19,GPU Inference,Enterprise,20487
2025-03-19,GPU Inference,Mid-Market,10189
2025-03-19,GPU Inference,Startup,7581
2025-03-19,GPU Inference,Research/Academic,1803
2025-03-19,CPU Batch,Enterprise,8759
2025-03-19,CPU Batch,Mid-Market,4882
2025-03-19,CPU Batch,Startup,1347
2025-03-19,CPU Batch,Research/Academic,2209
2025-03-19,CPU Interactive,Enterprise,6192
2025-03-19,CPU Interactive,Mid-Market,3023
2025-03-19,CPU Interactive,Startup,2605
2025-03-19,CPU Interactive,Research/Academic,2863
2025-03-20,GPU Training,Enterprise,24546
2025-03-20,GPU Training,Mid-Market,9703
2025-03-20,GPU Training,Startup,4514
2025-03-20,GPU Training,Research/Academic,4368
2025-03-20,GPU Inference,Enterprise,20403
2025-03-20,GPU Inference,Mid-Market,10711
2025-03-20,GPU Inference,Startup,9631
2025-03-20,GPU Inference,Research/Academic,1793
2025-03-20,CPU Batch,Enterprise,8061
2025-03-20,CPU Batch,Mid-Market,4018
2025-03-20,CPU Batch,Startup,1151
2025-03-20,CPU Batch,Research/Academic,1920
2025-03-20,CPU Interactive,Enterprise,6541
2025-03-20,CPU Interactive,Mid-Market,3292
2025-03-20,CPU Interactive,Startup,1809
2025-03-20,CPU Interactive,Research/Academic,3523
2025-03-21,GPU Training,Enterprise,25178
2025-03-21,GPU Training,Mid-Market,10131
2025-03-21,GPU Training,Startup,4308
2025-03-21,GPU Training,Research/Academic,4226
2025-03-21,GPU Inference,Enterprise,22191
2025-03-21,GPU Inference,Mid-Market,13040
2025-03-21,GPU Inference,Startup,9639
2025-03-21,GPU Inference,Research/Academic,1865
2025-03-21,CPU Batch,Enterprise,8879
2025-03-21,CPU Batch,Mid-Market,4075
2025-03-21,CPU Batch,Startup,1165
2025-03-21,CPU Batch,Research/Academic,1599
2025-03-21,CPU Interactive,Enterprise,6821
2025-03-21,CPU Interactive,Mid-Market,3823
2025-03-21,CPU Interactive,Startup,2440
2025-03-21,CPU Interactive,Research/Academic,3396
2025-03-22,GPU Training,Enterprise,18701
2025-03-22,GPU Training,Mid-Market,7250
2025-03-22,GPU Training,Startup,4462
2025-03-22,GPU Training,Research/Academic,3522
2025-03-22,GPU Inference,Enterprise,15090
2025-03-22,GPU Inference,Mid-Market,6843
2025-03-22,GPU Inference,Startup,7282
2025-03-22,GPU Inference,Research/Academic,1283
2025-03-22,CPU Batch,Enterprise,5441
2025-03-22,CPU Batch,Mid-Market,2879
2025-03-22,CPU Batch,Startup,763
2025-03-22,CPU Batch,Research/Academic,1289
2025-03-22,CPU Interactive,Enterprise,3547
2025-03-22,CPU Interactive,Mid-Market,1833
2025-03-22,CPU Interactive,Startup,1412
2025-03-22,CPU Interactive,Research/Academic,1868
2025-03-23,GPU Training,Enterprise,19478
2025-03-23,GPU Training,Mid-Market,6737
2025-03-23,GPU Training,Startup,4868
2025-03-23,GPU Training,Research/Academic,3124
2025-03-23,GPU Inference,Enterprise,13454
2025-03-23,GPU Inference,Mid-Market,6512
2025-03-23,GPU Inference,Startup,5442
2025-03-23,GPU Inference,Research/Academic,1015
2025-03-23,CPU Batch,Enterprise,5064
2025-03-23,CPU Batch,Mid-Market,2305
2025-03-23,CPU Batch,Startup,777
2025-03-23,CPU Batch,Research/Academic,1003
2025-03-23,CPU Interactive,Enterprise,2988
2025-03-23,CPU Interactive,Mid-Market,1708
2025-03-23,CPU Interactive,Startup,1463
2025-03-23,CPU Interactive,Research/Academic,1468
2025-03-24,GPU Training,Enterprise,24758
2025-03-24,GPU Training,Mid-Market,8763
2025-03-24,GPU Training,Startup,4062
2025-03-24,GPU Training,Research/Academic,4117
2025-03-24,GPU Inference,Enterprise,22204
2025-03-24,GPU Inference,Mid-Market,10418
2025-03-24,GPU Inference,Startup,11269
2025-03-24,GPU Inference,Research/Academic,1854
2025-03-24,CPU Batch,Enterprise,8173
2025-03-24,CPU Batch,Mid-Market,4366
2025-03-24,CPU Batch,Startup,1178
2025-03-24,CPU Batch,Research/Academic,2025
2025-03-24,CPU Interactive,Enterprise,5684
2025-03-24,CPU Interactive,Mid-Market,2983
2025-03-24,CPU Interactive,Startup,2069
2025-03-24,CPU Interactive,Research/Academic,3381
2025-03-25,GPU Training,Enterprise,27494
2025-03-25,GPU Training,Mid-Market,10671
2025-03-25,GPU Training,Startup,5051
2025-03-25,GPU Training,Research/Academic,4548
2025-03-25,GPU Inference,Enterprise,23312
2025-03-25,GPU Inference,Mid-Market,10462
2025-03-25,GPU Inference,Startup,7254
2025-03-25,GPU Inference,Research/Academic,1950
2025-03-25,CPU Batch,Enterprise,8417
2025-03-25,CPU Batch,Mid-Market,4592
2025-03-25,CPU Batch,Startup,1355
2025-03-25,CPU Batch,Research/Academic,1994
2025-03-25,CPU Interactive,Enterprise,6808
2025-03-25,CPU Interactive,Mid-Market,3753
2025-03-25,CPU Interactive,Startup,2458
2025-03-25,CPU Interactive,Research/Academic,3337
2025-03-26,GPU Training,Enterprise,27555
2025-03-26,GPU Training,Mid-Market,9744
2025-03-26,GPU Training,Startup,4856
2025-03-26,GPU Training,Research/Academic,5915
2025-03-26,GPU Inference,Enterprise,23424
2025-03-26,GPU Inference,Mid-Market,12049
2025-03-26,GPU Inference,Startup,8570
2025-03-26,GPU Inference,Research/Academic,2103
2025-03-26,CPU Batch,Enterprise,9294
2025-03-26,CPU Batch,Mid-Market,5008
2025-03-26,CPU Batch,Startup,1410
2025-03-26,CPU Batch,Research/Academic,2185
2025-03-26,CPU Interactive,Enterprise,7158
2025-03-26,CPU Interactive,Mid-Market,3747
2025-03-26,CPU Interactive,Startup,2458
2025-03-26,CPU Interactive,Research/Academic,3852
2025-03-27,GPU Training,Enterprise,26480
2025-03-27,GPU Training,Mid-Market,9669
2025-03-27,GPU Training,Startup,4946
2025-03-27,GPU Training,Research/Academic,4174
2025-03-27,GPU Inference,Enterprise,24063
2025-03-27,GPU Inference,Mid-Market,10929
2025-03-27,GPU Inference,Startup,8831
2025-03-27,GPU Inference,Research/Academic,1906
2025-03-27,CPU Batch,Enterprise,9032
2025-03-27,CPU Batch,Mid-Market,4635
2025-03-27,CPU Batch,Startup,1364
2025-03-27,CPU Batch,Research/Academic,2002
2025-03-27,CPU Interactive,Enterprise,6865
2025-03-27,CPU Interactive,Mid-Market,3575
2025-03-27,CPU Interactive,Startup,2915
2025-03-27,CPU Interactive,Research/Academic,3112
2025-03-28,GPU Training,Enterprise,26010
2025-03-28,GPU Training,Mid-Market,9401
2025-03-28,GPU Training,Startup,5002
2025-03-28,GPU Training,Research/Academic,4078
2025-03-28,GPU Inference,Enterprise,21786
2025-03-28,GPU Inference,Mid-Market,11086
2025-03-28,GPU Inference,Startup,10153
2025-03-28,GPU Inference,Research/Academic,1900
2025-03-28,CPU Batch,Enterprise,8364
2025-03-28,CPU Batch,Mid-Market,4463
2025-03-28,CPU Batch,Startup,1487
2025-03-28,CPU Batch,Research/Academic,1777
2025-03-28,CPU Interactive,Enterprise,6363
2025-03-28,CPU Interactive,Mid-Market,3446
2025-03-28,CPU Interactive,Startup,2234
2025-03-28,CPU Interactive,Research/Academic,4172
2025-03-29,GPU Training,Enterprise,19667
2025-03-29,GPU Training,Mid-Market,7645
2025-03-29,GPU Training,Startup,3310
2025-03-29,GPU Training,Research/Academic,3642
2025-03-29,GPU Inference,Enterprise,16105
2025-03-29,GPU Inference,Mid-Market,7501
2025-03-29,GPU Inference,Startup,6213
2025-03-29,GPU Inference,Research/Academic,1204
2025-03-29,CPU Batch,Enterprise,5587
2025-03-29,CPU Batch,Mid-Market,3311
2025-03-29,CPU Batch,Startup,835
2025-03-29,CPU Batch,Research/Academic,1075
2025-03-29,CPU Interactive,Enterprise,3786
2025-03-29,CPU Interactive,Mid-Market,1802
2025-03-29,CPU Interactive,Startup,1256
2025-03-29,CPU Interactive,Research/Academic,2119
2025-03-30,GPU Training,Enterprise,18652
2025-03-30,GPU Training,Mid-Market,6872
2025-03-30,GPU Training,Startup,2940
2025-03-30,GPU Training,Research/Academic,2873
2025-03-30,GPU Inference,Enterprise,13964
2025-03-30,GPU Inference,Mid-Market,7248
2025-03-30,GPU Inference,Startup,5868
2025-03-30,GPU Inference,Research/Academic,1124
2025-03-30,CPU Batch,Enterprise,5018
2025-03-30,CPU Batch,Mid-Market,2322
2025-03-30,CPU Batch,Startup,808
2025-03-30,CPU Batch,Research/Academic,1132
2025-03-30,CPU Interactive,Enterprise,3292
2025-03-30,CPU Interactive,Mid-Market,1645
2025-03-30,CPU Interactive,Startup,996
2025-03-30,CPU Interactive,Research/Academic,1595
2025-03-31,GPU Training,Enterprise,24702
2025-03-31,GPU Training,Mid-Market,9563
2025-03-31,GPU Training,Startup,4562
2025-03-31,GPU Training,Research/Academic,3948
2025-03-31,GPU Inference,Enterprise,20279
2025-03-31,GPU Inference,Mid-Market,11089
2025-03-31,GPU Inference,Startup,10294
2025-03-31,GPU Inference,Research/Academic,1809
2025-03-31,CPU Batch,Enterprise,8808
2025-03-31,CPU Batch,Mid-Market,4821
2025-03-31,CPU Batch,Startup,1343
2025-03-31,CPU Batch,Research/Academic,1781
2025-03-31,CPU Interactive,Enterprise,6135
2025-03-31,CPU Interactive,Mid-Market,3579
2025-03-31,CPU Interactive,Startup,2380
2025-03-31,CPU Interactive,Research/Academic,3402
2025-04-01,GPU Training,Enterprise,21690
2025-04-01,GPU Training,Mid-Market,8076
2025-04-01,GPU Training,Startup,3960
2025-04-01,GPU Training,Research/Academic,3837
2025-04-01,GPU Inference,Enterprise,20035
2025-04-01,GPU Inference,Mid-Market,8161
2025-04-01,GPU Inference,Startup,7735
2025-04-01,GPU Inference,Research/Academic,1577
2025-04-01,CPU Batch,Enterprise,6983
2025-04-01,CPU Batch,Mid-Market,4072
2025-04-01,CPU Batch,Startup,1032
2025-04-01,CPU Batch,Research/Academic,1598
2025-04-01,CPU Interactive,Enterprise,5950
2025-04-01,CPU Interactive,Mid-Market,3205
2025-04-01,CPU Interactive,Startup,2172
2025-04-01,CPU Interactive,Research/Academic,2998
2025-04-02,GPU Training,Enterprise,23011
2025-04-02,GPU Training,Mid-Market,9879
2025-04-02,GPU Training,Startup,4638
2025-04-02,GPU Training,Research/Academic,3802
2025-04-02,GPU Inference,Enterprise,18616
2025-04-02,GPU Inference,Mid-Market,10308
2025-04-02,GPU Inference,Startup,7889
2025-04-02,GPU Inference,Research/Academic,1456
2025-04-02,CPU Batch,Enterprise,7721
2025-04-02,CPU Batch,Mid-Market,3923
2025-04-02,CPU Batch,Startup,1235
2025-04-02,CPU Batch,Research/Academic,1752
2025-04-02,CPU Interactive,Enterprise,5595
2025-04-02,CPU Interactive,Mid-Market,3239
2025-04-02,CPU Interactive,Startup,1982
2025-04-02,CPU Interactive,Research/Academic,2913
2025-04-03,GPU Training,Enterprise,22691
2025-04-03,GPU Training,Mid-Market,9305
2025-04-03,GPU Training,Startup,4078
2025-04-03,GPU Training,Research/Academic,4507
2025-04-03,GPU Inference,Enterprise,21167
2025-04-03,GPU Inference,Mid-Market,9421
2025-04-03,GPU Inference,Startup,5605
2025-04-03,GPU Inference,Research/Academic,1776
2025-04-03,CPU Batch,Enterprise,7488
2025-04-03,CPU Batch,Mid-Market,3764
2025-04-03,CPU Batch,Startup,1080
2025-04-03,CPU Batch,Research/Academic,1636
2025-04-03,CPU Interactive,Enterprise,6202
2025-04-03,CPU Interactive,Mid-Market,3219
2025-04-03,CPU Interactive,Startup,2522
2025-04-03,CPU Interactive,Research/Academic,3222
2025-04-04,GPU Training,Enterprise,21869
2025-04-04,GPU Training,Mid-Market,7992
2025-04-04,GPU Training,Startup,4312
2025-04-04,GPU Training,Research/Academic,4117
2025-04-04,GPU Inference,Enterprise,19584
2025-04-04,GPU Inference,Mid-Market,9303
2025-04-04,GPU Inference,Startup,7765
2025-04-04,GPU Inference,Research/Academic,1633
2025-04-04,CPU Batch,Enterprise,7270
2025-04-04,CPU Batch,Mid-Market,3592
2025-04-04,CPU Batch,Startup,1023
2025-04-04,CPU Batch,Research/Academic,1613
2025-04-04,CPU Interactive,Enterprise,5523
2025-04-04,CPU Interactive,Mid-Market,3176
2025-04-04,CPU Interactive,Startup,1679
2025-04-04,CPU Interactive,Research/Academic,2696
2025-04-05,GPU Training,Enterprise,16641
2025-04-05,GPU Training,Mid-Market,6621
2025-04-05,GPU Training,Startup,2886
2025-04-05,GPU Training,Research/Academic,2839
2025-04-05,GPU Inference,Enterprise,12446
2025-04-05,GPU Inference,Mid-Market,6861
2025-04-05,GPU Inference,Startup,5223
2025-04-05,GPU Inference,Research/Academic,1034
2025-04-05,CPU Batch,Enterprise,4872
2025-04-05,CPU Batch,Mid-Market,2807
2025-04-05,CPU Batch,Startup,667
2025-04-05,CPU Batch,Research/Academic,1025
2025-04-05,CPU Interactive,Enterprise,3125
2025-04-05,CPU Interactive,Mid-Market,1616
2025-04-05,CPU Interactive,Startup,1184
2025-04-05,CPU Interactive,Research/Academic,1614
2025-04-06,GPU Training,Enterprise,15814
2025-04-06,GPU Training,Mid-Market,5735
2025-04-06,GPU Training,Startup,3189
2025-04-06,GPU Training,Research/Academic,3024
2025-04-06,GPU Inference,Enterprise,12429
2025-04-06,GPU Inference,Mid-Market,5519
2025-04-06,GPU Inference,Startup,5634
2025-04-06,GPU Inference,Research/Academic,956
2025-04-06,CPU Batch,Enterprise,4095
2025-04-06,CPU Batch,Mid-Market,2198
2025-04-06,CPU Batch,Startup,713
2025-04-06,CPU Batch,Research/Academic,981
2025-04-06,CPU Interactive,Enterprise,2538
2025-04-06,CPU Interactive,Mid-Market,1470
2025-04-06,CPU Interactive,Startup,958
2025-04-06,CPU Interactive,Research/Academic,1287
2025-04-07,GPU Training,Enterprise,2054
2025-04-07,GPU Training,Mid-Market,807
2025-04-07,GPU Training,Startup,382
2025-04-07,GPU Training,Research/Academic,329
2025-04-07,GPU Inference,Enterprise,1896
2025-04-07,GPU Inference,Mid-Market,893
2025-04-07,GPU Inference,Startup,899
2025-04-07,GPU Inference,Research/Academic,135
2025-04-07,CPU Batch,Enterprise,7126
2025-04-07,CPU Batch,Mid-Market,3602
2025-04-07,CPU Batch,Startup,976
2025-04-07,CPU Batch,Research/Academic,1537
2025-04-07,CPU Interactive,Enterprise,5506
2025-04-07,CPU Interactive,Mid-Market,2802
2025-04-07,CPU Interactive,Startup,1715
2025-04-07,CPU Interactive,Research/Academic,2328
2025-04-08,GPU Training,Enterprise,2072
2025-04-08,GPU Training,Mid-Market,794
2025-04-08,GPU Training,Startup,375
2025-04-08,GPU Training,Research/Academic,379
2025-04-08,GPU Inference,Enterprise,1759
2025-04-08,GPU Inference,Mid-Market,965
2025-04-08,GPU Inference,Startup,884
2025-04-08,GPU Inference,Research/Academic,181
2025-04-08,CPU Batch,Enterprise,6852
2025-04-08,CPU Batch,Mid-Market,3683
2025-04-08,CPU Batch,Startup,1020
2025-04-08,CPU Batch,Research/Academic,1664
2025-04-08,CPU Interactive,Enterprise,5278
2025-04-08,CPU Interactive,Mid-Market,3372
2025-04-08,CPU Interactive,Startup,2049
2025-04-08,CPU Interactive,Research/Academic,2882
2025-04-09,GPU Training,Enterprise,18192
2025-04-09,GPU Training,Mid-Market,6331
2025-04-09,GPU Training,Startup,3269
2025-04-09,GPU Training,Research/Academic,2793
2025-04-09,GPU Inference,Enterprise,13773
2025-04-09,GPU Inference,Mid-Market,7030
2025-04-09,GPU Inference,Startup,7675
2025-04-09,GPU Inference,Research/Academic,1263
2025-04-09,CPU Batch,Enterprise,7688
2025-04-09,CPU Batch,Mid-Market,3743
2025-04-09,CPU Batch,Startup,1297
2025-04-09,CPU Batch,Research/Academic,1518
2025-04-09,CPU Interactive,Enterprise,5400
2025-04-09,CPU Interactive,Mid-Market,2991
2025-04-09,CPU Interactive,Startup,2674
2025-04-09,CPU Interactive,Research/Academic,3514
2025-04-10,GPU Training,Enterprise,19825
2025-04-10,GPU Training,Mid-Market,7151
2025-04-10,GPU Training,Startup,3028
2025-04-10,GPU Training,Research/Academic,3528
2025-04-10,GPU Inference,Enterprise,17326
2025-04-10,GPU Inference,Mid-Market,9177
2025-04-10,GPU Inference,Startup,7797
2025-04-10,GPU Inference,Research/Academic,1397
2025-04-10,CPU Batch,Enterprise,7777
2025-04-10,CPU Batch,Mid-Market,3817
2025-04-10,CPU Batch,Startup,1240
2025-04-10,CPU Batch,Research/Academic,1625
2025-04-10,CPU Interactive,Enterprise,6016
2025-04-10,CPU Interactive,Mid-Market,3281
2025-04-10,CPU Interactive,Startup,2191
2025-04-10,CPU Interactive,Research/Academic,3304
2025-04-11,GPU Training,Enterprise,20894
2025-04-11,GPU Training,Mid-Market,7671
2025-04-11,GPU Training,Startup,3936
2025-04-11,GPU Training,Research/Academic,3441
2025-04-11,GPU Inference,Enterprise,18657
2025-04-11,GPU Inference,Mid-Market,9322
2025-04-11,GPU Inference,Startup,9018
2025-04-11,GPU Inference,Research/Academic,1581
2025-04-11,CPU Batch,Enterprise,7708
2025-04-11,CPU Batch,Mid-Market,3983
2025-04-11,CPU Batch,Startup,1061
2025-04-11,CPU Batch,Research/Academic,1663
2025-04-11,CPU Interactive,Enterprise,5554
2025-04-11,CPU Interactive,Mid-Market,3173
2025-04-11,CPU Interactive,Startup,1955
2025-04-11,CPU Interactive,Research/Academic,2482
2025-04-12,GPU Training,Enterprise,15836
2025-04-12,GPU Training,Mid-Market,6160
2025-04-12,GPU Training,Startup,2342
2025-04-12,GPU Training,Research/Academic,3398
2025-04-12,GPU Inference,Enterprise,13591
2025-04-12,GPU Inference,Mid-Market,6407
2025-04-12,GPU Inference,Startup,4724
2025-04-12,GPU Inference,Research/Academic,1186
2025-04-12,CPU Batch,Enterprise,4718
2025-04-12,CPU Batch,Mid-Market,2422
2025-04-12,CPU Batch,Startup,688
2025-04-12,CPU Batch,Research/Academic,1107
2025-04-12,CPU Interactive,Enterprise,3056
2025-04-12,CPU Interactive,Mid-Market,1754
2025-04-12,CPU Interactive,Startup,1244
2025-04-12,CPU Interactive,Research/Academic,1564
2025-04-13,GPU Training,Enterprise,16577
2025-04-13,GPU Training,Mid-Market,5642
2025-04-13,GPU Training,Startup,2339
2025-04-13,GPU Training,Research/Academic,2616
2025-04-13,GPU Inference,Enterprise,11613
2025-04-13,GPU Inference,Mid-Market,5794
2025-04-13,GPU Inference,Startup,4351
2025-04-13,GPU Inference,Research/Academic,951
2025-04-13,CPU Batch,Enterprise,4335
2025-04-13,CPU Batch,Mid-Market,2514
2025-04-13,CPU Batch,Startup,526
2025-04-13,CPU Batch,Research/Academic,848
2025-04-13,CPU Interactive,Enterprise,2491
2025-04-13,CPU Interactive,Mid-Market,1468
2025-04-13,CPU Interactive,Startup,924
2025-04-13,CPU Interactive,Research/Academic,1273
2025-04-14,GPU Training,Enterprise,21850
2025-04-14,GPU Training,Mid-Market,8438
2025-04-14,GPU Training,Startup,3877
2025-04-14,GPU Training,Research/Academic,3449
2025-04-14,GPU Inference,Enterprise,18673
2025-04-14,GPU Inference,Mid-Market,9179
2025-04-14,GPU Inference,Startup,7311
2025-04-14,GPU Inference,Research/Academic,1458
2025-04-14,CPU Batch,Enterprise,7463
2025-04-14,CPU Batch,Mid-Market,3859
2025-04-14,CPU Batch,Startup,1246
2025-04-14,CPU Batch,Research/Academic,1779
2025-04-14,CPU Interactive,Enterprise,5240
2025-04-14,CPU Interactive,Mid-Market,2687
2025-04-14,CPU Interactive,Startup,2147
2025-04-14,CPU Interactive,Research/Academic,2800
2025-04-15,GPU Training,Enterprise,24758
2025-04-15,GPU Training,Mid-Market,8476
2025-04-15,GPU Training,Startup,4442
2025-04-15,GPU Training,Research/Academic,3957
2025-04-15,GPU Inference,Enterprise,19340
2025-04-15,GPU Inference,Mid-Market,9634
2025-04-15,GPU Inference,Startup,8201
2025-04-15,GPU Inference,Research/Academic,1663
2025-04-15,CPU Batch,Enterprise,7755
2025-04-15,CPU Batch,Mid-Market,3990
2025-04-15,CPU Batch,Startup,1072
2025-04-15,CPU Batch,Research/Academic,1604
2025-04-15,CPU Interactive,Enterprise,5272
2025-04-15,CPU Interactive,Mid-Market,3380
2025-04-15,CPU Interactive,Startup,1920
2025-04-15,CPU Interactive,Research/Academic,3148
2025-04-16,GPU Training,Enterprise,23648
2025-04-16,GPU Training,Mid-Market,8883
2025-04-16,GPU Training,Startup,4225
2025-04-16,GPU Training,Research/Academic,3804
2025-04-16,GPU Inference,Enterprise,19234
2025-04-16,GPU Inference,Mid-Market,11405
2025-04-16,GPU Inference,Startup,8271
2025-04-16,GPU Inference,Research/Academic,1796
2025-04-16,CPU Batch,Enterprise,8053
2025-04-16,CPU Batch,Mid-Market,3904
2025-04-16,CPU Batch,Startup,1227
2025-04-16,CPU Batch,Research/Academic,1699
2025-04-16,CPU Interactive,Enterprise,5506
2025-04-16,CPU Interactive,Mid-Market,3082
2025-04-16,CPU Interactive,Startup,2281
2025-04-16,CPU Interactive,Research/Academic,2904
2025-04-17,GPU Training,Enterprise,23102
2025-04-17,GPU Training,Mid-Market,8599
2025-04-17,GPU Training,Startup,5527
2025-04-17,GPU Training,Research/Academic,3499
2025-04-17,GPU Inference,Enterprise,20421
2025-04-17,GPU Inference,Mid-Market,9941
2025-04-17,GPU Inference,Startup,7569
2025-04-17,GPU Inference,Research/Academic,1606
2025-04-17,CPU Batch,Enterprise,7827
2025-04-17,CPU Batch,Mid-Market,4229
2025-04-17,CPU Batch,Startup,1193
2025-04-17,CPU Batch,Research/Academic,1848
2025-04-17,CPU Interactive,Enterprise,6232
2025-04-17,CPU Interactive,Mid-Market,3396
2025-04-17,CPU Interactive,Startup,2046
2025-04-17,CPU Interactive,Research/Academic,3229
2025-04-18,GPU Training,Enterprise,22807
2025-04-18,GPU Training,Mid-Market,7855
2025-04-18,GPU Training,Startup,3396
2025-04-18,GPU Training,Research/Academic,3291
2025-04-18,GPU Inference,Enterprise,19163
2025-04-18,GPU Inference,Mid-Market,9868
2025-04-18,GPU Inference,Startup,6778
2025-04-18,GPU Inference,Research/Academic,1704
2025-04-18,CPU Batch,Enterprise,7457
2025-04-18,CPU Batch,Mid-Market,4296
2025-04-18,CPU Batch,Startup,1187
2025-04-18,CPU Batch,Research/Academic,1512
2025-04-18,CPU Interactive,Enterprise,5511
2025-04-18,CPU Interactive,Mid-Market,3071
2025-04-18,CPU Interactive,Startup,1869
2025-04-18,CPU Interactive,Research/Academic,2525
2025-04-19,GPU Training,Enterprise,17114
2025-04-19,GPU Training,Mid-Market,5913
2025-04-19,GPU Training,Startup,3578
2025-04-19,GPU Training,Research/Academic,2854
2025-04-19,GPU Inference,Enterprise,14328
2025-04-19,GPU Inference,Mid-Market,5831
2025-04-19,GPU Inference,Startup,5559
2025-04-19,GPU Inference,Research/Academic,1229
2025-04-19,CPU Batch,Enterprise,4769
2025-04-19,CPU Batch,Mid-Market,2578
2025-04-19,CPU Batch,Startup,721
2025-04-19,CPU Batch,Research/Academic,1039
2025-04-19,CPU Interactive,Enterprise,3019
2025-04-19,CPU Interactive,Mid-Market,1479
2025-04-19,CPU Interactive,Startup,1089
2025-04-19,CPU Interactive,Research/Academic,1632
2025-04-20,GPU Training,Enterprise,15854
2025-04-20,GPU Training,Mid-Market,5548
2025-04-20,GPU Training,Startup,3322
2025-04-20,GPU Training,Research/Academic,2931
2025-04-20,GPU Inference,Enterprise,11593
2025-04-20,GPU Inference,Mid-Market,5586
2025-04-20,GPU Inference,Startup,4414
2025-04-20,GPU Inference,Research/Academic,1034
2025-04-20,CPU Batch,Enterprise,4284
2025-04-20,CPU Batch,Mid-Market,2363
2025-04-20,CPU Batch,Startup,624
2025-04-20,CPU Batch,Research/Academic,874
2025-04-20,CPU Interactive,Enterprise,2675
2025-04-20,CPU Interactive,Mid-Market,1344
2025-04-20,CPU Interactive,Startup,973
2025-04-20,CPU Interactive,Research/Academic,1193
2025-04-21,GPU Training,Enterprise,20855
2025-04-21,GPU Training,Mid-Market,8523
2025-04-21,GPU Training,Startup,3596
2025-04-21,GPU Training,Research/Academic,3936
2025-04-21,GPU Inference,Enterprise,16957
2025-04-21,GPU Inference,Mid-Market,9061
2025-04-21,GPU Inference,Startup,7471
2025-04-21,GPU Inference,Research/Academic,1751
2025-04-21,CPU Batch,Enterprise,6877
2025-04-21,CPU Batch,Mid-Market,3984
2025-04-21,CPU Batch,Startup,1254
2025-04-21,CPU Batch,Research/Academic,1510
2025-04-21,CPU Interactive,Enterprise,5083
2025-04-21,CPU Interactive,Mid-Market,2823
2025-04-21,CPU Interactive,Startup,1595
2025-04-21,CPU Interactive,Research/Academic,2604
2025-04-22,GPU Training,Enterprise,23592
2025-04-22,GPU Training,Mid-Market,8657
2025-04-22,GPU Training,Startup,4043
2025-04-22,GPU Training,Research/Academic,3908
2025-04-22,GPU Inference,Enterprise,20027
2025-04-22,GPU Inference,Mid-Market,10458
2025-04-22,GPU Inference,Startup,7505
2025-04-22,GPU Inference,Research/Academic,1809
2025-04-22,CPU Batch,Enterprise,7821
2025-04-22,CPU Batch,Mid-Market,4105
2025-04-22,CPU Batch,Startup,1028
2025-04-22,CPU Batch,Research/Academic,1518
2025-04-22,CPU Interactive,Enterprise,5502
2025-04-22,CPU Interactive,Mid-Market,3033
2025-04-22,CPU Interactive,Startup,1665
2025-04-22,CPU Interactive,Research/Academic,3035
2025-04-23,GPU Training,Enterprise,24744
2025-04-23,GPU Training,Mid-Market,9111
2025-04-23,GPU Training,Startup,3984
2025-04-23,GPU Training,Research/Academic,3808
2025-04-23,GPU Inference,Enterprise,20391
2025-04-23,GPU Inference,Mid-Market,10097
2025-04-23,GPU Inference,Startup,8720
2025-04-23,GPU Inference,Research/Academic,1727
2025-04-23,CPU Batch,Enterprise,7975
2025-04-23,CPU Batch,Mid-Market,3721
2025-04-23,CPU Batch,Startup,1202
2025-04-23,CPU Batch,Research/Academic,1646
2025-04-23,CPU Interactive,Enterprise,5760
2025-04-23,CPU Interactive,Mid-Market,3329
2025-04-23,CPU Interactive,Startup,2402
2025-04-23,CPU Interactive,Research/Academic,3384
2025-04-24,GPU Training,Enterprise,23922
2025-04-24,GPU Training,Mid-Market,8692
2025-04-24,GPU Training,Startup,4197
2025-04-24,GPU Training,Research/Academic,3533
2025-04-24,GPU Inference,Enterprise,21280
2025-04-24,GPU Inference,Mid-Market,9992
2025-04-24,GPU Inference,Startup,8803
2025-04-24,GPU Inference,Research/Academic,1739
2025-04-24,CPU Batch,Enterprise,7265
2025-04-24,CPU Batch,Mid-Market,3777
2025-04-24,CPU Batch,Startup,1410
2025-04-24,CPU Batch,Research/Academic,1734
2025-04-24,CPU Interactive,Enterprise,5804
2025-04-24,CPU Interactive,Mid-Market,3191
2025-04-24,CPU Interactive,Startup,2501
2025-04-24,CPU Interactive,Research/Academic,3348
2025-04-25,GPU Training,Enterprise,21185
2025-04-25,GPU Training,Mid-Market,9382
2025-04-25,GPU Training,Startup,4643
2025-04-25,GPU Training,Research/Academic,3829
2025-04-25,GPU Inference,Enterprise,18361
2025-04-25,GPU Inference,Mid-Market,10508
2025-04-25,GPU Inference,Startup,8382
2025-04-25,GPU Inference,Research/Academic,1398
2025-04-25,CPU Batch,Enterprise,7357
2025-04-25,CPU Batch,Mid-Market,4878
2025-04-25,CPU Batch,Startup,1141
2025-04-25,CPU Batch,Research/Academic,1553
2025-04-25,CPU Interactive,Enterprise,5212
2025-04-25,CPU Interactive,Mid-Market,3329
2025-04-25,CPU Interactive,Startup,2221
2025-04-25,CPU Interactive,Research/Academic,3175
2025-04-26,GPU Training,Enterprise,17298
2025-04-26,GPU Training,Mid-Market,6967
2025-04-26,GPU Training,Startup,2849
2025-04-26,GPU Training,Research/Academic,2992
2025-04-26,GPU Inference,Enterprise,13632
2025-04-26,GPU Inference,Mid-Market,7527
2025-04-26,GPU Inference,Startup,5760
2025-04-26,GPU Inference,Research/Academic,1045
2025-04-26,CPU Batch,Enterprise,4965
2025-04-26,CPU Batch,Mid-Market,2324
2025-04-26,CPU Batch,Startup,575
2025-04-26,CPU Batch,Research/Academic,1174
2025-04-26,CPU Interactive,Enterprise,2954
2025-04-26,CPU Interactive,Mid-Market,1596
2025-04-26,CPU Interactive,Startup,1225
2025-04-26,CPU Interactive,Research/Academic,1753
2025-04-27,GPU Training,Enterprise,16415
2025-04-27,GPU Training,Mid-Market,6853
2025-04-27,GPU Training,Startup,3145
2025-04-27,GPU Training,Research/Academic,2838
2025-04-27,GPU Inference,Enterprise,12297
2025-04-27,GPU Inference,Mid-Market,5645
2025-04-27,GPU Inference,Startup,5624
2025-04-27,GPU Inference,Research/Academic,816
2025-04-27,CPU Batch,Enterprise,4147
2025-04-27,CPU Batch,Mid-Market,2245
2025-04-27,CPU Batch,Startup,593
2025-04-27,CPU Batch,Research/Academic,908
2025-04-27,CPU Interactive,Enterprise,2784
2025-04-27,CPU Interactive,Mid-Market,1515
2025-04-27,CPU Interactive,Startup,881
2025-04-27,CPU Interactive,Research/Academic,1302
2025-04-28,GPU Training,Enterprise,20371
2025-04-28,GPU Training,Mid-Market,8395
2025-04-28,GPU Training,Startup,3835
2025-04-28,GPU Training,Research/Academic,3156
2025-04-28,GPU Inference,Enterprise,18834
2025-04-28,GPU Inference,Mid-Market,9814
2025-04-28,GPU Inference,Startup,8676
2025-04-28,GPU Inference,Research/Academic,1518
2025-04-28,CPU Batch,Enterprise,7113
2025-04-28,CPU Batch,Mid-Market,4380
2025-04-28,CPU Batch,Startup,1109
2025-04-28,CPU Batch,Research/Academic,1696
2025-04-28,CPU Interactive,Enterprise,5064
2025-04-28,CPU Interactive,Mid-Market,2944
2025-04-28,CPU Interactive,Startup,1608
2025-04-28,CPU Interactive,Research/Academic,2605
2025-04-29,GPU Training,Enterprise,21464
2025-04-29,GPU Training,Mid-Market,8050
2025-04-29,GPU Training,Startup,4827
2025-04-29,GPU Training,Research/Academic,3694
2025-04-29,GPU Inference,Enterprise,20292
2025-04-29,GPU Inference,Mid-Market,11128
2025-04-29,GPU Inference,Startup,8105
2025-04-29,GPU Inference,Research/Academic,1737
2025-04-29,CPU Batch,Enterprise,7594
2025-04-29,CPU Batch,Mid-Market,3957
2025-04-29,CPU Batch,Startup,1249
2025-04-29,CPU Batch,Research/Academic,1910
2025-04-29,CPU Interactive,Enterprise,5450
2025-04-29,CPU Interactive,Mid-Market,2835
2025-04-29,CPU Interactive,Startup,1832
2025-04-29,CPU Interactive,Research/Academic,3162
2025-04-30,GPU Training,Enterprise,24707
2025-04-30,GPU Training,Mid-Market,8481
2025-04-30,GPU Training,Startup,3373
2025-04-30,GPU Training,Research/Academic,3852
2025-04-30,GPU Inference,Enterprise,20753
2025-04-30,GPU Inference,Mid-Market,10259
2025-04-30,GPU Inference,Startup,8563
2025-04-30,GPU Inference,Research/Academic,1583
2025-04-30,CPU Batch,Enterprise,7965
2025-04-30,CPU Batch,Mid-Market,4136
2025-04-30,CPU Batch,Startup,1260
2025-04-30,CPU Batch,Research/Academic,1717
2025-04-30,CPU Interactive,Enterprise,5923
2025-04-30,CPU Interactive,Mid-Market,3248
2025-04-30,CPU Interactive,Startup,1921
2025-04-30,CPU Interactive,Research/Academic,3120
2025-05-01,GPU Training,Enterprise,24890
2025-05-01,GPU Training,Mid-Market,9751
2025-05-01,GPU Training,Startup,4680
2025-05-01,GPU Training,Research/Academic,3841
2025-05-01,GPU Inference,Enterprise,20078
2025-05-01,GPU Inference,Mid-Market,10216
2025-05-01,GPU Inference,Startup,8764
2025-05-01,GPU Inference,Research/Academic,1669
2025-05-01,CPU Batch,Enterprise,7464
2025-05-01,CPU Batch,Mid-Market,3809
2025-05-01,CPU Batch,Startup,932
2025-05-01,CPU Batch,Research/Academic,1348
2025-05-01,CPU Interactive,Enterprise,6048
2025-05-01,CPU Interactive,Mid-Market,3879
2025-05-01,CPU Interactive,Startup,2794
2025-05-01,CPU Interactive,Research/Academic,2935
2025-05-02,GPU Training,Enterprise,23173
2025-05-02,GPU Training,Mid-Market,7755
2025-05-02,GPU Training,Startup,3635
2025-05-02,GPU Training,Research/Academic,3600
2025-05-02,GPU Inference,Enterprise,19624
2025-05-02,GPU Inference,Mid-Market,9931
2025-05-02,GPU Inference,Startup,8438
2025-05-02,GPU Inference,Research/Academic,1695
2025-05-02,CPU Batch,Enterprise,7491
2025-05-02,CPU Batch,Mid-Market,4019
2025-05-02,CPU Batch,Startup,1023
2025-05-02,CPU Batch,Research/Academic,1511
2025-05-02,CPU Interactive,Enterprise,5230
2025-05-02,CPU Interactive,Mid-Market,3152
2025-05-02,CPU Interactive,Startup,1976
2025-05-02,CPU Interactive,Research/Academic,2495
2025-05-03,GPU Training,Enterprise,17518
2025-05-03,GPU Training,Mid-Market,6004
2025-05-03,GPU Training,Startup,3961
2025-05-03,GPU Training,Research/Academic,2882
2025-05-03,GPU Inference,Enterprise,14240
2025-05-03,GPU Inference,Mid-Market,7599
2025-05-03,GPU Inference,Startup,5113
2025-05-03,GPU Inference,Research/Academic,1131
2025-05-03,CPU Batch,Enterprise,5176
2025-05-03,CPU Batch,Mid-Market,2695
2025-05-03,CPU Batch,Startup,812
2025-05-03,CPU Batch,Research/Academic,1009
2025-05-03,CPU Interactive,Enterprise,3137
2025-05-03,CPU Interactive,Mid-Market,1609
2025-05-03,CPU Interactive,Startup,1186
2025-05-03,CPU Interactive,Research/Academic,1723
2025-05-04,GPU Training,Enterprise,16922
2025-05-04,GPU Training,Mid-Market,6300
2025-05-04,GPU Training,Startup,3291
2025-05-04,GPU Training,Research/Academic,2991
2025-05-04,GPU Inference,Enterprise,13296
2025-05-04,GPU Inference,Mid-Market,6351
2025-05-04,GPU Inference,Startup,5289
2025-05-04,GPU Inference,Research/Academic,1094
2025-05-04,CPU Batch,Enterprise,4257
2025-05-04,CPU Batch,Mid-Market,2088
2025-05-04,CPU Batch,Startup,708
2025-05-04,CPU Batch,Research/Academic,946
2025-05-04,CPU Interactive,Enterprise,2522
2025-05-04,CPU Interactive,Mid-Market,1487
2025-05-04,CPU Interactive,Startup,1165
2025-05-04,CPU Interactive,Research/Academic,1212
2025-05-05,GPU Training,Enterprise,22900
2025-05-05,GPU Training,Mid-Market,6870
2025-05-05,GPU Training,Startup,3876
2025-05-05,GPU Training,Research/Academic,4375
2025-05-05,GPU Inference,Enterprise,19037
2025-05-05,GPU Inference,Mid-Market,9869
2025-05-05,GPU Inference,Startup,8760
2025-05-05,GPU Inference,Research/Academic,1362
2025-05-05,CPU Batch,Enterprise,7403
2025-05-05,CPU Batch,Mid-Market,3916
2025-05-05,CPU Batch,Startup,1419
2025-05-05,CPU Batch,Research/Academic,1481
2025-05-05,CPU Interactive,Enterprise,5215
2025-05-05,CPU Interactive,Mid-Market,2693
2025-05-05,CPU Interactive,Startup,1735
2025-05-05,CPU Interactive,Research/Academic,3022
2025-05-06,GPU Training,Enterprise,23122
2025-05-06,GPU Training,Mid-Market,8294
2025-05-06,GPU Training,Startup,4018
2025-05-06,GPU Training,Research/Academic,3791
2025-05-06,GPU Inference,Enterprise,19895
2025-05-06,GPU Inference,Mid-Market,9439
2025-05-06,GPU Inference,Startup,8152
2025-05-06,GPU Inference,Research/Academic,1595
2025-05-06,CPU Batch,Enterprise,7374
2025-05-06,CPU Batch,Mid-Market,4059
2025-05-06,CPU Batch,Startup,1203
2025-05-06,CPU Batch,Research/Academic,1610
2025-05-06,CPU Interactive,Enterprise,5688
2025-05-06,CPU Interactive,Mid-Market,3611
2025-05-06,CPU Interactive,Startup,2738
2025-05-06,CPU Interactive,Research/Academic,2741
2025-05-07,GPU Training,Enterprise,23345
2025-05-07,GPU Training,Mid-Market,8395
2025-05-07,GPU Training,Startup,5091
2025-05-07,GPU Training,Research/Academic,4025
2025-05-07,GPU Inference,Enterprise,21079
2025-05-07,GPU Inference,Mid-Market,12216
2025-05-07,GPU Inference,Startup,8655
2025-05-07,GPU Inference,Research/Academic,1787
2025-05-07,CPU Batch,Enterprise,7985
2025-05-07,CPU Batch,Mid-Market,3964
2025-05-07,CPU Batch,Startup,1366
2025-05-07,CPU Batch,Research/Academic,1618
2025-05-07,CPU Interactive,Enterprise,6262
2025-05-07,CPU Interactive,Mid-Market,3092
2025-05-07,CPU Interactive,Startup,2080
2025-05-07,CPU Interactive,Research/Academic,2836
2025-05-08,GPU Training,Enterprise,23352
2025-05-08,GPU Training,Mid-Market,8783
2025-05-08,GPU Training,Startup,3354
2025-05-08,GPU Training,Research/Academic,4080
2025-05-08,GPU Inference,Enterprise,20480
2025-05-08,GPU Inference,Mid-Market,11242
2025-05-08,GPU Inference,Startup,9135
2025-05-08,GPU Inference,Research/Academic,1597
2025-05-08,CPU Batch,Enterprise,7680
2025-05-08,CPU Batch,Mid-Market,4065
2025-05-08,CPU Batch,Startup,1438
2025-05-08,CPU Batch,Research/Academic,1621
2025-05-08,CPU Interactive,Enterprise,5924
2025-05-08,CPU Interactive,Mid-Market,3058
2025-05-08,CPU Interactive,Startup,1895
2025-05-08,CPU Interactive,Research/Academic,3256
2025-05-09,GPU Training,Enterprise,23334
2025-05-09,GPU Training,Mid-Market,9458
2025-05-09,GPU Training,Startup,4862
2025-05-09,GPU Training,Research/Academic,4807
2025-05-09,GPU Inference,Enterprise,19896
2025-05-09,GPU Inference,Mid-Market,9975
2025-05-09,GPU Inference,Startup,7098
2025-05-09,GPU Inference,Research/Academic,1705
2025-05-09,CPU Batch,Enterprise,7643
2025-05-09,CPU Batch,Mid-Market,4207
2025-05-09,CPU Batch,Startup,1021
2025-05-09,CPU Batch,Research/Academic,1732
2025-05-09,CPU Interactive,Enterprise,5615
2025-05-09,CPU Interactive,Mid-Market,3053
2025-05-09,CPU Interactive,Startup,1905
2025-05-09,CPU Interactive,Research/Academic,3191
2025-05-10,GPU Training,Enterprise,19155
2025-05-10,GPU Training,Mid-Market,6100
2025-05-10,GPU Training,Startup,3569
2025-05-10,GPU Training,Research/Academic,2402
2025-05-10,GPU Inference,Enterprise,14343
2025-05-10,GPU Inference,Mid-Market,6239
2025-05-10,GPU Inference,Startup,5456
2025-05-10,GPU Inference,Research/Academic,1015
2025-05-10,CPU Batch,Enterprise,5029
2025-05-10,CPU Batch,Mid-Market,2842
2025-05-10,CPU Batch,Startup,625
2025-05-10,CPU Batch,Research/Academic,1091
2025-05-10,CPU Interactive,Enterprise,3015
2025-05-10,CPU Interactive,Mid-Market,1867
2025-05-10,CPU Interactive,Startup,1204
2025-05-10,CPU Interactive,Research/Academic,1459
2025-05-11,GPU Training,Enterprise,16246
2025-05-11,GPU Training,Mid-Market,6899
2025-05-11,GPU Training,Startup,3348
2025-05-11,GPU Training,Research/Academic,2635
2025-05-11,GPU Inference,Enterprise,12486
2025-05-11,GPU Inference,Mid-Market,6324
2025-05-11,GPU Inference,Startup,4927
2025-05-11,GPU Inference,Research/Academic,888
2025-05-11,CPU Batch,Enterprise,4233
2025-05-11,CPU Batch,Mid-Market,2533
2025-05-11,CPU Batch,Startup,639
2025-05-11,CPU Batch,Research/Academic,954
2025-05-11,CPU Interactive,Enterprise,2669
2025-05-11,CPU Interactive,Mid-Market,1683
2025-05-11,CPU Interactive,Startup,987
2025-05-11,CPU Interactive,Research/Academic,1508
2025-05-12,GPU Training,Enterprise,21567
2025-05-12,GPU Training,Mid-Market,8108
2025-05-12,GPU Training,Startup,4108
2025-05-12,GPU Training,Research/Academic,3555
2025-05-12,GPU Inference,Enterprise,19280
2025-05-12,GPU Inference,Mid-Market,10540
2025-05-12,GPU Inference,Startup,7360
2025-05-12,GPU Inference,Research/Academic,1567
2025-05-12,CPU Batch,Enterprise,7609
2025-05-12,CPU Batch,Mid-Market,3689
2025-05-12,CPU Batch,Startup,1298
2025-05-12,CPU Batch,Research/Academic,1646
2025-05-12,CPU Interactive,Enterprise,5276
2025-05-12,CPU Interactive,Mid-Market,2506
2025-05-12,CPU Interactive,Startup,1888
2025-05-12,CPU Interactive,Research/Academic,2848
2025-05-13,GPU Training,Enterprise,24888
2025-05-13,GPU Training,Mid-Market,9029
2025-05-13,GPU Training,Startup,4936
2025-05-13,GPU Training,Research/Academic,3606
2025-05-13,GPU Inference,Enterprise,20328
2025-05-13,GPU Inference,Mid-Market,11344
2025-05-13,GPU Inference,Startup,7662
2025-05-13,GPU Inference,Research/Academic,1778
2025-05-13,CPU Batch,Enterprise,7842
2025-05-13,CPU Batch,Mid-Market,4103
2025-05-13,CPU Batch,Startup,1127
2025-05-13,CPU Batch,Research/Academic,1557
2025-05-13,CPU Interactive,Enterprise,6160
2025-05-13,CPU Interactive,Mid-Market,3258
2025-05-13,CPU Interactive,Startup,2223
2025-05-13,CPU Interactive,Research/Academic,2889
2025-05-14,GPU Training,Enterprise,24369
2025-05-14,GPU Training,Mid-Market,9204
2025-05-14,GPU Training,Startup,4745
2025-05-14,GPU Training,Research/Academic,4414
2025-05-14,GPU Inference,Enterprise,20390
2025-05-14,GPU Inference,Mid-Market,9681
2025-05-14,GPU Inference,Startup,8872
2025-05-14,GPU Inference,Research/Academic,1473
2025-05-14,CPU Batch,Enterprise,7734
2025-05-14,CPU Batch,Mid-Market,3996
2025-05-14,CPU Batch,Startup,1280
2025-05-14,CPU Batch,Research/Academic,2030
2025-05-14,CPU Interactive,Enterprise,5507
2025-05-14,CPU Interactive,Mid-Market,3792
2025-05-14,CPU Interactive,Startup,2153
2025-05-14,CPU Interactive,Research/Academic,3184
2025-05-15,GPU Training,Enterprise,23009
2025-05-15,GPU Training,Mid-Market,9765
2025-05-15,GPU Training,Startup,4551
2025-05-15,GPU Training,Research/Academic,4143
2025-05-15,GPU Inference,Enterprise,19491
2025-05-15,GPU Inference,Mid-Market,10799
2025-05-15,GPU Inference,Startup,9740
2025-05-15,GPU Inference,Research/Academic,1663
2025-05-15,CPU Batch,Enterprise,8214
2025-05-15,CPU Batch,Mid-Market,4485
2025-05-15,CPU Batch,Startup,1118
2025-05-15,CPU Batch,Research/Academic,1969
2025-05-15,CPU Interactive,Enterprise,6126
2025-05-15,CPU Interactive,Mid-Market,3334
2025-05-15,CPU Interactive,Startup,2302
2025-05-15,CPU Interactive,Research/Academic,3198
2025-05-16,GPU Training,Enterprise,20935
2025-05-16,GPU Training,Mid-Market,8588
2025-05-16,GPU Training,Startup,3674
2025-05-16,GPU Training,Research/Academic,4528
2025-05-16,GPU Inference,Enterprise,21426
2025-05-16,GPU Inference,Mid-Market,10891
2025-05-16,GPU Inference,Startup,8171
2025-05-16,GPU Inference,Research/Academic,1491
2025-05-16,CPU Batch,Enterprise,7424
2025-05-16,CPU Batch,Mid-Market,4616
2025-05-16,CPU Batch,Startup,1081
2025-05-16,CPU Batch,Research/Academic,1395
2025-05-16,CPU Interactive,Enterprise,5821
2025-05-16,CPU Interactive,Mid-Market,3371
2025-05-16,CPU Interactive,Startup,2537
2025-05-16,CPU Interactive,Research/Academic,3156
2025-05-17,GPU Training,Enterprise,18606
2025-05-17,GPU Training,Mid-Market,6659
2025-05-17,GPU Training,Startup,2573
2025-05-17,GPU Training,Research/Academic,3036
2025-05-17,GPU Inference,Enterprise,14426
2025-05-17,GPU Inference,Mid-Market,7115
2025-05-17,GPU Inference,Startup,5763
2025-05-17,GPU Inference,Research/Academic,1047
2025-05-17,CPU Batch,Enterprise,4883
2025-05-17,CPU Batch,Mid-Market,3056
2025-05-17,CPU Batch,Startup,981
2025-05-17,CPU Batch,Research/Academic,1123
2025-05-17,CPU Interactive,Enterprise,3122
2025-05-17,CPU Interactive,Mid-Market,1566
2025-05-17,CPU Interactive,Startup,1241
2025-05-17,CPU Interactive,Research/Academic,1847
2025-05-18,GPU Training,Enterprise,15649
2025-05-18,GPU Training,Mid-Market,6431
2025-05-18,GPU Training,Startup,3306
2025-05-18,GPU Training,Research/Academic,2963
2025-05-18,GPU Inference,Enterprise,13582
2025-05-18,GPU Inference,Mid-Market,7488
2025-05-18,GPU Inference,Startup,5180
2025-05-18,GPU Inference,Research/Academic,1077
2025-05-18,CPU Batch,Enterprise,4372
2025-05-18,CPU Batch,Mid-Market,2204
2025-05-18,CPU Batch,Startup,694
2025-05-18,CPU Batch,Research/Academic,1016
2025-05-18,CPU Interactive,Enterprise,2685
2025-05-18,CPU Interactive,Mid-Market,1360
2025-05-18,CPU Interactive,Startup,938
2025-05-18,CPU Interactive,Research/Academic,1334
2025-05-19,GPU Training,Enterprise,21461
2025-05-19,GPU Training,Mid-Market,8492
2025-05-19,GPU Training,Startup,4349
2025-05-19,GPU Training,Research/Academic,4098
2025-05-19,GPU Inference,Enterprise,18927
2025-05-19,GPU Inference,Mid-Market,9607
2025-05-19,GPU Inference,Startup,9895
2025-05-19,GPU Inference,Research/Academic,1551
2025-05-19,CPU Batch,Enterprise,7419
2025-05-19,CPU Batch,Mid-Market,3871
2025-05-19,CPU Batch,Startup,1309
2025-05-19,CPU Batch,Research/Academic,1798
2025-05-19,CPU Interactive,Enterprise,5569
2025-05-19,CPU Interactive,Mid-Market,2901
2025-05-19,CPU Interactive,Startup,1787
2025-05-19,CPU Interactive,Research/Academic,3228
2025-05-20,GPU Training,Enterprise,24135
2025-05-20,GPU Training,Mid-Market,8457
2025-05-20,GPU Training,Startup,5159
2025-05-20,GPU Training,Research/Academic,3812
2025-05-20,GPU Inference,Enterprise,21785
2025-05-20,GPU Inference,Mid-Market,11665
2025-05-20,GPU Inference,Startup,7734
2025-05-20,GPU Inference,Research/Academic,1729
2025-05-20,CPU Batch,Enterprise,7873
2025-05-20,CPU Batch,Mid-Market,4846
2025-05-20,CPU Batch,Startup,1076
2025-05-20,CPU Batch,Research/Academic,1890
2025-05-20,CPU Interactive,Enterprise,5759
2025-05-20,CPU Interactive,Mid-Market,2868
2025-05-20,CPU Interactive,Startup,2114
2025-05-20,CPU Interactive,Research/Academic,2989
2025-05-21,GPU Training,Enterprise,23436
2025-05-21,GPU Training,Mid-Market,9358
2025-05-21,GPU Training,Startup,5117
2025-05-21,GPU Training,Research/Academic,4250
2025-05-21,GPU Inference,Enterprise,20746
2025-05-21,GPU Inference,Mid-Market,10723
2025-05-21,GPU Inference,Startup,8897
2025-05-21,GPU Inference,Research/Academic,1728
2025-05-21,CPU Batch,Enterprise,8207
2025-05-21,CPU Batch,Mid-Market,4232
2025-05-21,CPU Batch,Startup,1023
2025-05-21,CPU Batch,Research/Academic,1658
2025-05-21,CPU Interactive,Enterprise,6010
2025-05-21,CPU Interactive,Mid-Market,3512
2025-05-21,CPU Interactive,Startup,2601
2025-05-21,CPU Interactive,Research/Academic,3573
2025-05-22,GPU Training,Enterprise,24595
2025-05-22,GPU Training,Mid-Market,9666
2025-05-22,GPU Training,Startup,3835
2025-05-22,GPU Training,Research/Academic,4317
2025-05-22,GPU Inference,Enterprise,20331
2025-05-22,GPU Inference,Mid-Market,10802
2025-05-22,GPU Inference,Startup,12829
2025-05-22,GPU Inference,Research/Academic,1741
2025-05-22,CPU Batch,Enterprise,7586
2025-05-22,CPU Batch,Mid-Market,4274
2025-05-22,CPU Batch,Startup,1139
2025-05-22,CPU Batch,Research/Academic,1606
2025-05-22,CPU Interactive,Enterprise,6671
2025-05-22,CPU Interactive,Mid-Market,3593
2025-05-22,CPU Interactive,Startup,2384
2025-05-22,CPU Interactive,Research/Academic,3085
2025-05-23,GPU Training,Enterprise,23082
2025-05-23,GPU Training,Mid-Market,9753
2025-05-23,GPU Training,Startup,4528
2025-05-23,GPU Training,Research/Academic,3112
2025-05-23,GPU Inference,Enterprise,22324
2025-05-23,GPU Inference,Mid-Market,10496
2025-05-23,GPU Inference,Startup,8881
2025-05-23,GPU Inference,Research/Academic,1768
2025-05-23,CPU Batch,Enterprise,7780
2025-05-23,CPU Batch,Mid-Market,4256
2025-05-23,CPU Batch,Startup,1120
2025-05-23,CPU Batch,Research/Academic,1528
2025-05-23,CPU Interactive,Enterprise,5665
2025-05-23,CPU Interactive,Mid-Market,3368
2025-05-23,CPU Interactive,Startup,1933
2025-05-23,CPU Interactive,Research/Academic,2743
2025-05-24,GPU Training,Enterprise,18710
2025-05-24,GPU Training,Mid-Market,6466
2025-05-24,GPU Training,Startup,3169
2025-05-24,GPU Training,Research/Academic,2945
2025-05-24,GPU Inference,Enterprise,14144
2025-05-24,GPU Inference,Mid-Market,6497
2025-05-24,GPU Inference,Startup,5595
2025-05-24,GPU Inference,Research/Academic,1155
2025-05-24,CPU Batch,Enterprise,5138
2025-05-24,CPU Batch,Mid-Market,2921
2025-05-24,CPU Batch,Startup,980
2025-05-24,CPU Batch,Research/Academic,1269
2025-05-24,CPU Interactive,Enterprise,3211
2025-05-24,CPU Interactive,Mid-Market,1666
2025-05-24,CPU Interactive,Startup,1072
2025-05-24,CPU Interactive,Research/Academic,1608
2025-05-25,GPU Training,Enterprise,17113
2025-05-25,GPU Training,Mid-Market,6636
2025-05-25,GPU Training,Startup,3368
2025-05-25,GPU Training,Research/Academic,2818
2025-05-25,GPU Inference,Enterprise,13226
2025-05-25,GPU Inference,Mid-Market,7163
2025-05-25,GPU Inference,Startup,6000
2025-05-25,GPU Inference,Research/Academic,1021
2025-05-25,CPU Batch,Enterprise,4223
2025-05-25,CPU Batch,Mid-Market,2175
2025-05-25,CPU Batch,Startup,621
2025-05-25,CPU Batch,Research/Academic,984
2025-05-25,CPU Interactive,Enterprise,2726
2025-05-25,CPU Interactive,Mid-Market,1315
2025-05-25,CPU Interactive,Startup,938
2025-05-25,CPU Interactive,Research/Academic,1412
2025-05-26,GPU Training,Enterprise,11834
2025-05-26,GPU Training,Mid-Market,5171
2025-05-26,GPU Training,Startup,3015
2025-05-26,GPU Training,Research/Academic,1791
2025-05-26,GPU Inference,Enterprise,10879
2025-05-26,GPU Inference,Mid-Market,6231
2025-05-26,GPU Inference,Startup,5637
2025-05-26,GPU Inference,Research/Academic,773
2025-05-26,CPU Batch,Enterprise,4161
2025-05-26,CPU Batch,Mid-Market,2235
2025-05-26,CPU Batch,Startup,705
2025-05-26,CPU Batch,Research/Academic,724
2025-05-26,CPU Interactive,Enterprise,2889
2025-05-26,CPU Interactive,Mid-Market,1590
2025-05-26,CPU Interactive,Startup,1435
2025-05-26,CPU Interactive,Research/Academic,1582
2025-05-27,GPU Training,Enterprise,22178
2025-05-27,GPU Training,Mid-Market,8614
2025-05-27,GPU Training,Startup,5664
2025-05-27,GPU Training,Research/Academic,4118
2025-05-27,GPU Inference,Enterprise,20445
2025-05-27,GPU Inference,Mid-Market,10507
2025-05-27,GPU Inference,Startup,9217
2025-05-27,GPU Inference,Research/Academic,1896
2025-05-27,CPU Batch,Enterprise,7485
2025-05-27,CPU Batch,Mid-Market,3836
2025-05-27,CPU Batch,Startup,1001
2025-05-27,CPU Batch,Research/Academic,1701
2025-05-27,CPU Interactive,Enterprise,5456
2025-05-27,CPU Interactive,Mid-Market,3040
2025-05-27,CPU Interactive,Startup,1933
2025-05-27,CPU Interactive,Research/Academic,3260
2025-05-28,GPU Training,Enterprise,24074
2025-05-28,GPU Training,Mid-Market,9472
2025-05-28,GPU Training,Startup,3795
2025-05-28,GPU Training,Research/Academic,4221
2025-05-28,GPU Inference,Enterprise,20361
2025-05-28,GPU Inference,Mid-Market,10621
2025-05-28,GPU Inference,Startup,11763
2025-05-28,GPU Inference,Research/Academic,1835
2025-05-28,CPU Batch,Enterprise,7826
2025-05-28,CPU Batch,Mid-Market,5207
2025-05-28,CPU Batch,Startup,1089
2025-05-28,CPU Batch,Research/Academic,1905
2025-05-28,CPU Interactive,Enterprise,5632
2025-05-28,CPU Interactive,Mid-Market,3203
2025-05-28,CPU Interactive,Startup,1903
2025-05-28,CPU Interactive,Research/Academic,3168
2025-05-29,GPU Training,Enterprise,24640
2025-05-29,GPU Training,Mid-Market,9024
2025-05-29,GPU Training,Startup,5250
2025-05-29,GPU Training,Research/Academic,3993
2025-05-29,GPU Inference,Enterprise,21670
2025-05-29,GPU Inference,Mid-Market,11606
2025-05-29,GPU Inference,Startup,7565
2025-05-29,GPU Inference,Research/Academic,1605
2025-05-29,CPU Batch,Enterprise,7885
2025-05-29,CPU Batch,Mid-Market,4352
2025-05-29,CPU Batch,Startup,1442
2025-05-29,CPU Batch,Research/Academic,1705
2025-05-29,CPU Interactive,Enterprise,6073
2025-05-29,CPU Interactive,Mid-Market,3149
2025-05-29,CPU Interactive,Startup,2391
2025-05-29,CPU Interactive,Research/Academic,3112
2025-05-30,GPU Training,Enterprise,23228
2025-05-30,GPU Training,Mid-Market,8752
2025-05-30,GPU Training,Startup,4703
2025-05-30,GPU Training,Research/Academic,3813
2025-05-30,GPU Inference,Enterprise,19799
2025-05-30,GPU Inference,Mid-Market,10786
2025-05-30,GPU Inference,Startup,6007
2025-05-30,GPU Inference,Research/Academic,1549
2025-05-30,CPU Batch,Enterprise,7307
2025-05-30,CPU Batch,Mid-Market,4405
2025-05-30,CPU Batch,Startup,1121
2025-05-30,CPU Batch,Research/Academic,1613
2025-05-30,CPU Interactive,Enterprise,5607
2025-05-30,CPU Interactive,Mid-Market,2933
2025-05-30,CPU Interactive,Startup,2001
2025-05-30,CPU Interactive,Research/Academic,2933
2025-05-31,GPU Training,Enterprise,17605
2025-05-31,GPU Training,Mid-Market,6519
2025-05-31,GPU Training,Startup,2974
2025-05-31,GPU Training,Research/Academic,2772
2025-05-31,GPU Inference,Enterprise,14325
2025-05-31,GPU Inference,Mid-Market,7485
2025-05-31,GPU Inference,Startup,5096
2025-05-31,GPU Inference,Research/Academic,1208
2025-05-31,CPU Batch,Enterprise,5261
2025-05-31,CPU Batch,Mid-Market,2891
2025-05-31,CPU Batch,Startup,818
2025-05-31,CPU Batch,Research/Academic,1184
2025-05-31,CPU Interactive,Enterprise,3388
2025-05-31,CPU Interactive,Mid-Market,1655
2025-05-31,CPU Interactive,Startup,1024
2025-05-31,CPU Interactive,Research/Academic,1422
2025-06-01,GPU Training,Enterprise,19101
2025-06-01,GPU Training,Mid-Market,7563
2025-06-01,GPU Training,Startup,2990
2025-06-01,GPU Training,Research/Academic,2851
2025-06-01,GPU Inference,Enterprise,13514
2025-06-01,GPU Inference,Mid-Market,7649
2025-06-01,GPU Inference,Startup,4970
2025-06-01,GPU Inference,Research/Academic,930
2025-06-01,CPU Batch,Enterprise,5057
2025-06-01,CPU Batch,Mid-Market,2509
2025-06-01,CPU Batch,Startup,757
2025-06-01,CPU Batch,Research/Academic,1005
2025-06-01,CPU Interactive,Enterprise,2892
2025-06-01,CPU Interactive,Mid-Market,1390
2025-06-01,CPU Interactive,Startup,960
2025-06-01,CPU Interactive,Research/Academic,1482
2025-06-02,GPU Training,Enterprise,21694
2025-06-02,GPU Training,Mid-Market,8730
2025-06-02,GPU Training,Startup,4269
2025-06-02,GPU Training,Research/Academic,3933
2025-06-02,GPU Inference,Enterprise,20625
2025-06-02,GPU Inference,Mid-Market,10088
2025-06-02,GPU Inference,Startup,7184
2025-06-02,GPU Inference,Research/Academic,1694
2025-06-02,CPU Batch,Enterprise,7791
2025-06-02,CPU Batch,Mid-Market,3791
2025-06-02,CPU Batch,Startup,1228
2025-06-02,CPU Batch,Research/Academic,1697
2025-06-02,CPU Interactive,Enterprise,5575
2025-06-02,CPU Interactive,Mid-Market,2659
2025-06-02,CPU Interactive,Startup,2306
2025-06-02,CPU Interactive,Research/Academic,2663
2025-06-03,GPU Training,Enterprise,25025
2025-06-03,GPU Training,Mid-Market,8856
2025-06-03,GPU Training,Startup,4475
2025-06-03,GPU Training,Research/Academic,4641
2025-06-03,GPU Inference,Enterprise,22639
2025-06-03,GPU Inference,Mid-Market,12309
2025-06-03,GPU Inference,Startup,9785
2025-06-03,GPU Inference,Research/Academic,1816
2025-06-03,CPU Batch,Enterprise,7561
2025-06-03,CPU Batch,Mid-Market,4204
2025-06-03,CPU Batch,Startup,1222
2025-06-03,CPU Batch,Research/Academic,1973
2025-06-03,CPU Interactive,Enterprise,6013
2025-06-03,CPU Interactive,Mid-Market,3404
2025-06-03,CPU Interactive,Startup,2360
2025-06-03,CPU Interactive,Research/Academic,3483
2025-06-04,GPU Training,Enterprise,26029
2025-06-04,GPU Training,Mid-Market,10413
2025-06-04,GPU Training,Startup,4008
2025-06-04,GPU Training,Research/Academic,3898
2025-06-04,GPU Inference,Enterprise,20829
2025-06-04,GPU Inference,Mid-Market,12377
2025-06-04,GPU Inference,Startup,10508
2025-06-04,GPU Inference,Research/Academic,1945
2025-06-04,CPU Batch,Enterprise,8131
2025-06-04,CPU Batch,Mid-Market,4252
2025-06-04,CPU Batch,Startup,1274
2025-06-04,CPU Batch,Research/Academic,2066
2025-06-04,CPU Interactive,Enterprise,6812
2025-06-04,CPU Interactive,Mid-Market,3665
2025-06-04,CPU Interactive,Startup,2480
2025-06-04,CPU Interactive,Research/Academic,3664
2025-06-05,GPU Training,Enterprise,25920
2025-06-05,GPU Training,Mid-Market,9570
2025-06-05,GPU Training,Startup,4848
2025-06-05,GPU Training,Research/Academic,4102
2025-06-05,GPU Inference,Enterprise,22687
2025-06-05,GPU Inference,Mid-Market,10848
2025-06-05,GPU Inference,Startup,10982
2025-06-05,GPU Inference,Research/Academic,1891
2025-06-05,CPU Batch,Enterprise,8848
2025-06-05,CPU Batch,Mid-Market,3948
2025-06-05,CPU Batch,Startup,1624
2025-06-05,CPU Batch,Research/Academic,1623
2025-06-05,CPU Interactive,Enterprise,6233
2025-06-05,CPU Interactive,Mid-Market,3410
2025-06-05,CPU Interactive,Startup,2865
2025-06-05,CPU Interactive,Research/Academic,3443
2025-06-06,GPU Training,Enterprise,24771
2025-06-06,GPU Training,Mid-Market,8889
2025-06-06,GPU Training,Startup,3989
2025-06-06,GPU Training,Research/Academic,4637
2025-06-06,GPU Inference,Enterprise,22521
2025-06-06,GPU Inference,Mid-Market,12316
2025-06-06,GPU Inference,Startup,9731
2025-06-06,GPU Inference,Research/Academic,1399
2025-06-06,CPU Batch,Enterprise,7732
2025-06-06,CPU Batch,Mid-Market,4446
2025-06-06,CPU Batch,Startup,1203
2025-06-06,CPU Batch,Research/Academic,1711
2025-06-06,CPU Interactive,Enterprise,5715
2025-06-06,CPU Interactive,Mid-Market,3477
2025-06-06,CPU Interactive,Startup,2364
2025-06-06,CPU Interactive,Research/Academic,3214
2025-06-07,GPU Training,Enterprise,18594
2025-06-07,GPU Training,Mid-Market,7255
2025-06-07,GPU Training,Startup,3057
2025-06-07,GPU Training,Research/Academic,3195
2025-06-07,GPU Inference,Enterprise,13796
2025-06-07,GPU Inference,Mid-Market,7027
2025-06-07,GPU Inference,Startup,6252
2025-06-07,GPU Inference,Research/Academic,1461
2025-06-07,CPU Batch,Enterprise,5043
2025-06-07,CPU Batch,Mid-Market,2631
2025-06-07,CPU Batch,Startup,861
2025-06-07,CPU Batch,Research/Academic,1375
2025-06-07,CPU Interactive,Enterprise,3327
2025-06-07,CPU Interactive,Mid-Market,1889
2025-06-07,CPU Interactive,Startup,1188
2025-06-07,CPU Interactive,Research/Academic,1638
2025-06-08,GPU Training,Enterprise,17950
2025-06-08,GPU Training,Mid-Market,6421
2025-06-08,GPU Training,Startup,3675
2025-06-08,GPU Training,Research/Academic,2662
2025-06-08,GPU Inference,Enterprise,14295
2025-06-08,GPU Inference,Mid-Market,7110
2025-06-08,GPU Inference,Startup,5728
2025-06-08,GPU Inference,Research/Academic,957
2025-06-08,CPU Batch,Enterprise,4468
2025-06-08,CPU Batch,Mid-Market,2676
2025-06-08,CPU Batch,Startup,702
2025-06-08,CPU Batch,Research/Academic,1046
2025-06-08,CPU Interactive,Enterprise,2748
2025-06-08,CPU Interactive,Mid-Market,1548
2025-06-08,CPU Interactive,Startup,905
2025-06-08,CPU Interactive,Research/Academic,1483
2025-06-09,GPU Training,Enterprise,24228
2025-06-09,GPU Training,Mid-Market,9177
2025-06-09,GPU Training,Startup,4035
2025-06-09,GPU Training,Research/Academic,3928
2025-06-09,GPU Inference,Enterprise,21709
2025-06-09,GPU Inference,Mid-Market,10763
2025-06-09,GPU Inference,Startup,8753
2025-06-09,GPU Inference,Research/Academic,1956
2025-06-09,CPU Batch,Enterprise,7606
2025-06-09,CPU Batch,Mid-Market,4514
2025-06-09,CPU Batch,Startup,1065
2025-06-09,CPU Batch,Research/Academic,1833
2025-06-09,CPU Interactive,Enterprise,5859
2025-06-09,CPU Interactive,Mid-Market,2995
2025-06-09,CPU Interactive,Startup,1845
2025-06-09,CPU Interactive,Research/Academic,2513
2025-06-10,GPU Training,Enterprise,24473
2025-06-10,GPU Training,Mid-Market,9784
2025-06-10,GPU Training,Startup,4155
2025-06-10,GPU Training,Research/Academic,4273
2025-06-10,GPU Inference,Enterprise,21053
2025-06-10,GPU Inference,Mid-Market,11299
2025-06-10,GPU Inference,Startup,8306
2025-06-10,GPU Inference,Research/Academic,1753
2025-06-10,CPU Batch,Enterprise,7974
2025-06-10,CPU Batch,Mid-Market,3965
2025-06-10,CPU Batch,Startup,1164
2025-06-10,CPU Batch,Research/Academic,1661
2025-06-10,CPU Interactive,Enterprise,5839
2025-06-10,CPU Interactive,Mid-Market,3618
2025-06-10,CPU Interactive,Startup,2211
2025-06-10,CPU Interactive,Research/Academic,2665
2025-06-11,GPU Training,Enterprise,25648
2025-06-11,GPU Training,Mid-Market,10542
2025-06-11,GPU Training,Startup,4526
2025-06-11,GPU Training,Research/Academic,5008
2025-06-11,GPU Inference,Enterprise,22223
2025-06-11,GPU Inference,Mid-Market,12255
2025-06-11,GPU Inference,Startup,11124
2025-06-11,GPU Inference,Research/Academic,1882
2025-06-11,CPU Batch,Enterprise,7923
2025-06-11,CPU Batch,Mid-Market,4151
2025-06-11,CPU Batch,Startup,1492
2025-06-11,CPU Batch,Research/Academic,1727
2025-06-11,CPU Interactive,Enterprise,6638
2025-06-11,CPU Interactive,Mid-Market,3377
2025-06-11,CPU Interactive,Startup,2437
2025-06-11,CPU Interactive,Research/Academic,2950
2025-06-12,GPU Training,Enterprise,25681
2025-06-12,GPU Training,Mid-Market,9309
2025-06-12,GPU Training,Startup,5101
2025-06-12,GPU Training,Research/Academic,4477
2025-06-12,GPU Inference,Enterprise,23453
2025-06-12,GPU Inference,Mid-Market,11448
2025-06-12,GPU Inference,Startup,8802
2025-06-12,GPU Inference,Research/Academic,1843
2025-06-12,CPU Batch,Enterprise,8035
2025-06-12,CPU Batch,Mid-Market,4784
2025-06-12,CPU Batch,Startup,1280
2025-06-12,CPU Batch,Research/Academic,1794
2025-06-12,CPU Interactive,Enterprise,6680
2025-06-12,CPU Interactive,Mid-Market,3556
2025-06-12,CPU Interactive,Startup,2017
2025-06-12,CPU Interactive,Research/Academic,3109
2025-06-13,GPU Training,Enterprise,26221
2025-06-13,GPU Training,Mid-Market,9511
2025-06-13,GPU Training,Startup,3878
2025-06-13,GPU Training,Research/Academic,4364
2025-06-13,GPU Inference,Enterprise,21495
2025-06-13,GPU Inference,Mid-Market,10643
2025-06-13,GPU Inference,Startup,8197
2025-06-13,GPU Inference,Research/Academic,1877
2025-06-13,CPU Batch,Enterprise,7527
2025-06-13,CPU Batch,Mid-Market,4069
2025-06-13,CPU Batch,Startup,1280
2025-06-13,CPU Batch,Research/Academic,2032
2025-06-13,CPU Interactive,Enterprise,6124
2025-06-13,CPU Interactive,Mid-Market,3078
2025-06-13,CPU Interactive,Startup,2702
2025-06-13,CPU Interactive,Research/Academic,2773
2025-06-14,GPU Training,Enterprise,19368
2025-06-14,GPU Training,Mid-Market,7461
2025-06-14,GPU Training,Startup,3257
2025-06-14,GPU Training,Research/Academic,3419
2025-06-14,GPU Inference,Enterprise,15069
2025-06-14,GPU Inference,Mid-Market,8316
2025-06-14,GPU Inference,Startup,5282
2025-06-14,GPU Inference,Research/Academic,1244
2025-06-14,CPU Batch,Enterprise,5341
2025-06-14,CPU Batch,Mid-Market,3118
2025-06-14,CPU Batch,Startup,837
2025-06-14,CPU Batch,Research/Academic,1320
2025-06-14,CPU Interactive,Enterprise,3378
2025-06-14,CPU Interactive,Mid-Market,1789
2025-06-14,CPU Interactive,Startup,1367
2025-06-14,CPU Interactive,Research/Academic,1820
2025-06-15,GPU Training,Enterprise,18321
2025-06-15,GPU Training,Mid-Market,5763
2025-06-15,GPU Training,Startup,3020
2025-06-15,GPU Training,Research/Academic,3387
2025-06-15,GPU Inference,Enterprise,13221
2025-06-15,GPU Inference,Mid-Market,7617
2025-06-15,GPU Inference,Startup,6484
2025-06-15,GPU Inference,Research/Academic,1032
2025-06-15,CPU Batch,Enterprise,4298
2025-06-15,CPU Batch,Mid-Market,2371
2025-06-15,CPU Batch,Startup,926
2025-06-15,CPU Batch,Research/Academic,955
2025-06-15,CPU Interactive,Enterprise,2766
2025-06-15,CPU Interactive,Mid-Market,1452
2025-06-15,CPU Interactive,Startup,1241
2025-06-15,CPU Interactive,Research/Academic,1444
2025-06-16,GPU Training,Enterprise,23394
2025-06-16,GPU Training,Mid-Market,9968
2025-06-16,GPU Training,Startup,4862
2025-06-16,GPU Training,Research/Academic,3757
2025-06-16,GPU Inference,Enterprise,20389
2025-06-16,GPU Inference,Mid-Market,11964
2025-06-16,GPU Inference,Startup,9201
2025-06-16,GPU Inference,Research/Academic,1488
2025-06-16,CPU Batch,Enterprise,7371
2025-06-16,CPU Batch,Mid-Market,3880
2025-06-16,CPU Batch,Startup,1058
2025-06-16,CPU Batch,Research/Academic,1477
2025-06-16,CPU Interactive,Enterprise,5466
2025-06-16,CPU Interactive,Mid-Market,2921
2025-06-16,CPU Interactive,Startup,2031
2025-06-16,CPU Interactive,Research/Academic,3372
2025-06-17,GPU Training,Enterprise,24937
2025-06-17,GPU Training,Mid-Market,9378
2025-06-17,GPU Training,Startup,5069
2025-06-17,GPU Training,Research/Academic,4167
2025-06-17,GPU Inference,Enterprise,22870
2025-06-17,GPU Inference,Mid-Market,11830
2025-06-17,GPU Inference,Startup,9803
2025-06-17,GPU Inference,Research/Academic,2207
2025-06-17,CPU Batch,Enterprise,8454
2025-06-17,CPU Batch,Mid-Market,4005
2025-06-17,CPU Batch,Startup,1322
2025-06-17,CPU Batch,Research/Academic,1682
2025-06-17,CPU Interactive,Enterprise,6283
2025-06-17,CPU Interactive,Mid-Market,3057
2025-06-17,CPU Interactive,Startup,2031
2025-06-17,CPU Interactive,Research/Academic,3270
2025-06-18,GPU Training,Enterprise,27499
2025-06-18,GPU Training,Mid-Market,10306
2025-06-18,GPU Training,Startup,5541
2025-06-18,GPU Training,Research/Academic,4585
2025-06-18,GPU Inference,Enterprise,23335
2025-06-18,GPU Inference,Mid-Market,11535
2025-06-18,GPU Inference,Startup,10975
2025-06-18,GPU Inference,Research/Academic,1976
2025-06-18,CPU Batch,Enterprise,8365
2025-06-18,CPU Batch,Mid-Market,4409
2025-06-18,CPU Batch,Startup,1575
2025-06-18,CPU Batch,Research/Academic,1840
2025-06-18,CPU Interactive,Enterprise,6422
2025-06-18,CPU Interactive,Mid-Market,3613
2025-06-18,CPU Interactive,Startup,2380
2025-06-18,CPU Interactive,Research/Academic,3090
2025-06-19,GPU Training,Enterprise,26844
2025-06-19,GPU Training,Mid-Market,9932
2025-06-19,GPU Training,Startup,6246
2025-06-19,GPU Training,Research/Academic,4741
2025-06-19,GPU Inference,Enterprise,22654
2025-06-19,GPU Inference,Mid-Market,12592
2025-06-19,GPU Inference,Startup,10350
2025-06-19,GPU Inference,Research/Academic,2022
2025-06-19,CPU Batch,Enterprise,8215
2025-06-19,CPU Batch,Mid-Market,4506
2025-06-19,CPU Batch,Startup,1286
2025-06-19,CPU Batch,Research/Academic,1852
2025-06-19,CPU Interactive,Enterprise,6348
2025-06-19,CPU Interactive,Mid-Market,3736
2025-06-19,CPU Interactive,Startup,2601
2025-06-19,CPU Interactive,Research/Academic,3755
2025-06-20,GPU Training,Enterprise,25247
2025-06-20,GPU Training,Mid-Market,9244
2025-06-20,GPU Training,Startup,5261
2025-06-20,GPU Training,Research/Academic,3988
2025-06-20,GPU Inference,Enterprise,23133
2025-06-20,GPU Inference,Mid-Market,12328
2025-06-20,GPU Inference,Startup,11083
2025-06-20,GPU Inference,Research/Academic,1790
2025-06-20,CPU Batch,Enterprise,8001
2025-06-20,CPU Batch,Mid-Market,4358
2025-06-20,CPU Batch,Startup,1325
2025-06-20,CPU Batch,Research/Academic,1714
2025-06-20,CPU Interactive,Enterprise,6337
2025-06-20,CPU Interactive,Mid-Market,3414
2025-06-20,CPU Interactive,Startup,2031
2025-06-20,CPU Interactive,Research/Academic,3597
2025-06-21,GPU Training,Enterprise,20878
2025-06-21,GPU Training,Mid-Market,7258
2025-06-21,GPU Training,Startup,3569
2025-06-21,GPU Training,Research/Academic,3940
2025-06-21,GPU Inference,Enterprise,18009
2025-06-21,GPU Inference,Mid-Market,9272
2025-06-21,GPU Inference,Startup,8446
2025-06-21,GPU Inference,Research/Academic,1446
2025-06-21,CPU Batch,Enterprise,6008
2025-06-21,CPU Batch,Mid-Market,3188
2025-06-21,CPU Batch,Startup,973
2025-06-21,CPU Batch,Research/Academic,1369
2025-06-21,CPU Interactive,Enterprise,3481
2025-06-21,CPU Interactive,Mid-Market,2060
2025-06-21,CPU Interactive,Startup,1608
2025-06-21,CPU Interactive,Research/Academic,1816
2025-06-22,GPU Training,Enterprise,19268
2025-06-22,GPU Training,Mid-Market,7602
2025-06-22,GPU Training,Startup,3423
2025-06-22,GPU Training,Research/Academic,2952
2025-06-22,GPU Inference,Enterprise,15841
2025-06-22,GPU Inference,Mid-Market,7568
2025-06-22,GPU Inference,Startup,6535
2025-06-22,GPU Inference,Research/Academic,1129
2025-06-22,CPU Batch,Enterprise,5302
2025-06-22,CPU Batch,Mid-Market,2836
2025-06-22,CPU Batch,Startup,760
2025-06-22,CPU Batch,Research/Academic,1007
2025-06-22,CPU Interactive,Enterprise,3050
2025-06-22,CPU Interactive,Mid-Market,1756
2025-06-22,CPU Interactive,Startup,1191
2025-06-22,CPU Interactive,Research/Academic,1606
2025-06-23,GPU Training,Enterprise,26254
2025-06-23,GPU Training,Mid-Market,10348
2025-06-23,GPU Training,Startup,4915
2025-06-23,GPU Training,Research/Academic,4535
2025-06-23,GPU Inference,Enterprise,22401
2025-06-23,GPU Inference,Mid-Market,14389
2025-06-23,GPU Inference,Startup,9714
2025-06-23,GPU Inference,Research/Academic,1854
2025-06-23,CPU Batch,Enterprise,8763
2025-06-23,CPU Batch,Mid-Market,4414
2025-06-23,CPU Batch,Startup,1332
2025-06-23,CPU Batch,Research/Academic,1880
2025-06-23,CPU Interactive,Enterprise,5965
2025-06-23,CPU Interactive,Mid-Market,3483
2025-06-23,CPU Interactive,Startup,1912
2025-06-23,CPU Interactive,Research/Academic,3663
2025-06-24,GPU Training,Enterprise,28234
2025-06-24,GPU Training,Mid-Market,10784
2025-06-24,GPU Training,Startup,4217
2025-06-24,GPU Training,Research/Academic,4312
2025-06-24,GPU Inference,Enterprise,25894
2025-06-24,GPU Inference,Mid-Market,16920
2025-06-24,GPU Inference,Startup,12204
2025-06-24,GPU Inference,Research/Academic,2081
2025-06-24,CPU Batch,Enterprise,9008
2025-06-24,CPU Batch,Mid-Market,4408
2025-06-24,CPU Batch,Startup,1544
2025-06-24,CPU Batch,Research/Academic,1773
2025-06-24,CPU Interactive,Enterprise,6369
2025-06-24,CPU Interactive,Mid-Market,3338
2025-06-24,CPU Interactive,Startup,2832
2025-06-24,CPU Interactive,Research/Academic,3424
2025-06-25,GPU Training,Enterprise,28791
2025-06-25,GPU Training,Mid-Market,10801
2025-06-25,GPU Training,Startup,4759
2025-06-25,GPU Training,Research/Academic,4563
2025-06-25,GPU Inference,Enterprise,24604
2025-06-25,GPU Inference,Mid-Market,11812
2025-06-25,GPU Inference,Startup,10257
2025-06-25,GPU Inference,Research/Academic,1808
2025-06-25,CPU Batch,Enterprise,9287
2025-06-25,CPU Batch,Mid-Market,5041
2025-06-25,CPU Batch,Startup,1207
2025-06-25,CPU Batch,Research/Academic,1945
2025-06-25,CPU Interactive,Enterprise,7470
2025-06-25,CPU Interactive,Mid-Market,3535
2025-06-25,CPU Interactive,Startup,2751
2025-06-25,CPU Interactive,Research/Academic,3597
2025-06-26,GPU Training,Enterprise,29977
2025-06-26,GPU Training,Mid-Market,11049
2025-06-26,GPU Training,Startup,5179
2025-06-26,GPU Training,Research/Academic,4842
2025-06-26,GPU Inference,Enterprise,25332
2025-06-26,GPU Inference,Mid-Market,12968
2025-06-26,GPU Inference,Startup,9319
2025-06-26,GPU Inference,Research/Academic,2178
2025-06-26,CPU Batch,Enterprise,9473
2025-06-26,CPU Batch,Mid-Market,4476
2025-06-26,CPU Batch,Startup,1361
2025-06-26,CPU Batch,Research/Academic,1956
2025-06-26,CPU Interactive,Enterprise,6802
2025-06-26,CPU Interactive,Mid-Market,3414
2025-06-26,CPU Interactive,Startup,2478
2025-06-26,CPU Interactive,Research/Academic,3560
2025-06-27,GPU Training,Enterprise,25874
2025-06-27,GPU Training,Mid-Market,10469
2025-06-27,GPU Training,Startup,5993
2025-06-27,GPU Training,Research/Academic,4918
2025-06-27,GPU Inference,Enterprise,23985
2025-06-27,GPU Inference,Mid-Market,10958
2025-06-27,GPU Inference,Startup,11368
2025-06-27,GPU Inference,Research/Academic,1904
2025-06-27,CPU Batch,Enterprise,8979
2025-06-27,CPU Batch,Mid-Market,5363
2025-06-27,CPU Batch,Startup,1243
2025-06-27,CPU Batch,Research/Academic,1539
2025-06-27,CPU Interactive,Enterprise,6239
2025-06-27,CPU Interactive,Mid-Market,3677
2025-06-27,CPU Interactive,Startup,2462
2025-06-27,CPU Interactive,Research/Academic,3035
2025-06-28,GPU Training,Enterprise,19744
2025-06-28,GPU Training,Mid-Market,7692
2025-06-28,GPU Training,Startup,3424
2025-06-28,GPU Training,Research/Academic,3653
2025-06-28,GPU Inference,Enterprise,16595
2025-06-28,GPU Inference,Mid-Market,8351
2025-06-28,GPU Inference,Startup,6671
2025-06-28,GPU Inference,Research/Academic,1344
2025-06-28,CPU Batch,Enterprise,5897
2025-06-28,CPU Batch,Mid-Market,3168
2025-06-28,CPU Batch,Startup,935
2025-06-28,CPU Batch,Research/Academic,1284
2025-06-28,CPU Interactive,Enterprise,3450
2025-06-28,CPU Interactive,Mid-Market,1866
2025-06-28,CPU Interactive,Startup,1294
2025-06-28,CPU Interactive,Research/Academic,2180
2025-06-29,GPU Training,Enterprise,18575
2025-06-29,GPU Training,Mid-Market,7185
2025-06-29,GPU Training,Startup,3776
2025-06-29,GPU Training,Research/Academic,3207
2025-06-29,GPU Inference,Enterprise,15916
2025-06-29,GPU Inference,Mid-Market,7720
2025-06-29,GPU Inference,Startup,6425
2025-06-29,GPU Inference,Research/Academic,1268
2025-06-29,CPU Batch,Enterprise,5427
2025-06-29,CPU Batch,Mid-Market,2955
2025-06-29,CPU Batch,Startup,772
2025-06-29,CPU Batch,Research/Academic,1103
2025-06-29,CPU Interactive,Enterprise,3107
2025-06-29,CPU Interactive,Mid-Market,1712
2025-06-29,CPU Interactive,Startup,1057
2025-06-29,CPU Interactive,Research/Academic,1717
2025-06-30,GPU Training,Enterprise,26375
2025-06-30,GPU Training,Mid-Market,9843
2025-06-30,GPU Training,Startup,4277
2025-06-30,GPU Training,Research/Academic,4404
2025-06-30,GPU Inference,Enterprise,21770
2025-06-30,GPU Inference,Mid-Market,11668
2025-06-30,GPU Inference,Startup,9521
2025-06-30,GPU Inference,Research/Academic,1871
2025-06-30,CPU Batch,Enterprise,9253
2025-06-30,CPU Batch,Mid-Market,4740
2025-06-30,CPU Batch,Startup,1588
2025-06-30,CPU Batch,Research/Academic,1982
2025-06-30,CPU Interactive,Enterprise,6491
2025-06-30,CPU Interactive,Mid-Market,3861
2025-06-30,CPU Interactive,Startup,2145
2025-06-30,CPU Interactive,Research/Academic,2990
2025-07-01,GPU Training,Enterprise,22934
2025-07-01,GPU Training,Mid-Market,8428
2025-07-01,GPU Training,Startup,4369
2025-07-01,GPU Training,Research/Academic,3665
2025-07-01,GPU Inference,Enterprise,19580
2025-07-01,GPU Inference,Mid-Market,11628
2025-07-01,GPU Inference,Startup,7629
2025-07-01,GPU Inference,Research/Academic,1649
2025-07-01,CPU Batch,Enterprise,7332
2025-07-01,CPU Batch,Mid-Market,3411
2025-07-01,CPU Batch,Startup,1011
2025-07-01,CPU Batch,Research/Academic,1493
2025-07-01,CPU Interactive,Enterprise,5571
2025-07-01,CPU Interactive,Mid-Market,2900
2025-07-01,CPU Interactive,Startup,2036
2025-07-01,CPU Interactive,Research/Academic,2489
2025-07-02,GPU Training,Enterprise,25690
2025-07-02,GPU Training,Mid-Market,8883
2025-07-02,GPU Training,Startup,4738
2025-07-02,GPU Training,Research/Academic,3752
2025-07-02,GPU Inference,Enterprise,20116
2025-07-02,GPU Inference,Mid-Market,12225
2025-07-02,GPU Inference,Startup,7128
2025-07-02,GPU Inference,Research/Academic,1642
2025-07-02,CPU Batch,Enterprise,7037
2025-07-02,CPU Batch,Mid-Market,3810
2025-07-02,CPU Batch,Startup,1065
2025-07-02,CPU Batch,Research/Academic,1496
2025-07-02,CPU Interactive,Enterprise,5658
2025-07-02,CPU Interactive,Mid-Market,2580
2025-07-02,CPU Interactive,Startup,2055
2025-07-02,CPU Interactive,Research/Academic,2880
2025-07-03,GPU Training,Enterprise,22184
2025-07-03,GPU Training,Mid-Market,9836
2025-07-03,GPU Training,Startup,4161
2025-07-03,GPU Training,Research/Academic,3845
2025-07-03,GPU Inference,Enterprise,20187
2025-07-03,GPU Inference,Mid-Market,10647
2025-07-03,GPU Inference,Startup,10517
2025-07-03,GPU Inference,Research/Academic,1958
2025-07-03,CPU Batch,Enterprise,7613
2025-07-03,CPU Batch,Mid-Market,4232
2025-07-03,CPU Batch,Startup,1413
2025-07-03,CPU Batch,Research/Academic,1652
2025-07-03,CPU Interactive,Enterprise,6180
2025-07-03,CPU Interactive,Mid-Market,3353
2025-07-03,CPU Interactive,Startup,2231
2025-07-03,CPU Interactive,Research/Academic,3064
2025-07-04,GPU Training,Enterprise,11441
2025-07-04,GPU Training,Mid-Market,5176
2025-07-04,GPU Training,Startup,2661
2025-07-04,GPU Training,Research/Academic,1643
2025-07-04,GPU Inference,Enterprise,10938
2025-07-04,GPU Inference,Mid-Market,5676
2025-07-04,GPU Inference,Startup,6436
2025-07-04,GPU Inference,Research/Academic,775
2025-07-04,CPU Batch,Enterprise,3981
2025-07-04,CPU Batch,Mid-Market,2148
2025-07-04,CPU Batch,Startup,934
2025-07-04,CPU Batch,Research/Academic,782
2025-07-04,CPU Interactive,Enterprise,2968
2025-07-04,CPU Interactive,Mid-Market,1599
2025-07-04,CPU Interactive,Startup,1471
2025-07-04,CPU Interactive,Research/Academic,1485
2025-07-05,GPU Training,Enterprise,17734
2025-07-05,GPU Training,Mid-Market,6096
2025-07-05,GPU Training,Startup,3051
2025-07-05,GPU Training,Research/Academic,2635
2025-07-05,GPU Inference,Enterprise,13453
2025-07-05,GPU Inference,Mid-Market,6491
2025-07-05,GPU Inference,Startup,5917
2025-07-05,GPU Inference,Research/Academic,1127
2025-07-05,CPU Batch,Enterprise,4644
2025-07-05,CPU Batch,Mid-Market,2527
2025-07-05,CPU Batch,Startup,727
2025-07-05,CPU Batch,Research/Academic,1142
2025-07-05,CPU Interactive,Enterprise,2859
2025-07-05,CPU Interactive,Mid-Market,1538
2025-07-05,CPU Interactive,Startup,1001
2025-07-05,CPU Interactive,Research/Academic,1372
2025-07-06,GPU Training,Enterprise,16346
2025-07-06,GPU Training,Mid-Market,5991
2025-07-06,GPU Training,Startup,3078
2025-07-06,GPU Training,Research/Academic,2961
2025-07-06,GPU Inference,Enterprise,13165
2025-07-06,GPU Inference,Mid-Market,5768
2025-07-06,GPU Inference,Startup,5881
2025-07-06,GPU Inference,Research/Academic,986
2025-07-06,CPU Batch,Enterprise,4033
2025-07-06,CPU Batch,Mid-Market,2231
2025-07-06,CPU Batch,Startup,520
2025-07-06,CPU Batch,Research/Academic,1012
2025-07-06,CPU Interactive,Enterprise,2579
2025-07-06,CPU Interactive,Mid-Market,1300
2025-07-06,CPU Interactive,Startup,891
2025-07-06,CPU Interactive,Research/Academic,1131
2025-07-07,GPU Training,Enterprise,21087
2025-07-07,GPU Training,Mid-Market,7803
2025-07-07,GPU Training,Startup,3482
2025-07-07,GPU Training,Research/Academic,3795
2025-07-07,GPU Inference,Enterprise,20231
2025-07-07,GPU Inference,Mid-Market,9952
2025-07-07,GPU Inference,Startup,8085
2025-07-07,GPU Inference,Research/Academic,1542
2025-07-07,CPU Batch,Enterprise,6981
2025-07-07,CPU Batch,Mid-Market,3438
2025-07-07,CPU Batch,Startup,1006
2025-07-07,CPU Batch,Research/Academic,1494
2025-07-07,CPU Interactive,Enterprise,5106
2025-07-07,CPU Interactive,Mid-Market,2766
2025-07-07,CPU Interactive,Startup,1962
2025-07-07,CPU Interactive,Research/Academic,2294
2025-07-08,GPU Training,Enterprise,23041
2025-07-08,GPU Training,Mid-Market,8485
2025-07-08,GPU Training,Startup,5829
2025-07-08,GPU Training,Research/Academic,3631
2025-07-08,GPU Inference,Enterprise,20470
2025-07-08,GPU Inference,Mid-Market,12781
2025-07-08,GPU Inference,Startup,9031
2025-07-08,GPU Inference,Research/Academic,1556
2025-07-08,CPU Batch,Enterprise,6915
2025-07-08,CPU Batch,Mid-Market,4251
2025-07-08,CPU Batch,Startup,975
2025-07-08,CPU Batch,Research/Academic,1630
2025-07-08,CPU Interactive,Enterprise,5360
2025-07-08,CPU Interactive,Mid-Market,2948
2025-07-08,CPU Interactive,Startup,1742
2025-07-08,CPU Interactive,Research/Academic,3117
2025-07-09,GPU Training,Enterprise,23261
2025-07-09,GPU Training,Mid-Market,8169
2025-07-09,GPU Training,Startup,5231
2025-07-09,GPU Training,Research/Academic,3770
2025-07-09,GPU Inference,Enterprise,21088
2025-07-09,GPU Inference,Mid-Market,11454
2025-07-09,GPU Inference,Startup,9625
2025-07-09,GPU Inference,Research/Academic,1351
2025-07-09,CPU Batch,Enterprise,7610
2025-07-09,CPU Batch,Mid-Market,3902
2025-07-09,CPU Batch,Startup,1109
2025-07-09,CPU Batch,Research/Academic,1606
2025-07-09,CPU Interactive,Enterprise,5313
2025-07-09,CPU Interactive,Mid-Market,3141
2025-07-09,CPU Interactive,Startup,1821
2025-07-09,CPU Interactive,Research/Academic,2838
2025-07-10,GPU Training,Enterprise,23685
2025-07-10,GPU Training,Mid-Market,9597
2025-07-10,GPU Training,Startup,4084
2025-07-10,GPU Training,Research/Academic,4409
2025-07-10,GPU Inference,Enterprise,21634
2025-07-10,GPU Inference,Mid-Market,10494
2025-07-10,GPU Inference,Startup,7975
2025-07-10,GPU Inference,Research/Academic,1435
2025-07-10,CPU Batch,Enterprise,7484
2025-07-10,CPU Batch,Mid-Market,3733
2025-07-10,CPU Batch,Startup,1333
2025-07-10,CPU Batch,Research/Academic,1535
2025-07-10,CPU Interactive,Enterprise,5615
2025-07-10,CPU Interactive,Mid-Market,3237
2025-07-10,CPU Interactive,Startup,2030
2025-07-10,CPU Interactive,Research/Academic,2984
2025-07-11,GPU Training,Enterprise,23387
2025-07-11,GPU Training,Mid-Market,8575
2025-07-11,GPU Training,Startup,4370
2025-07-11,GPU Training,Research/Academic,3810
2025-07-11,GPU Inference,Enterprise,18585
2025-07-11,GPU Inference,Mid-Market,10616
2025-07-11,GPU Inference,Startup,8874
2025-07-11,GPU Inference,Research/Academic,1651
2025-07-11,CPU Batch,Enterprise,7376
2025-07-11,CPU Batch,Mid-Market,3770
2025-07-11,CPU Batch,Startup,1270
2025-07-11,CPU Batch,Research/Academic,1539
2025-07-11,CPU Interactive,Enterprise,5370
2025-07-11,CPU Interactive,Mid-Market,2846
2025-07-11,CPU Interactive,Startup,2129
2025-07-11,CPU Interactive,Research/Academic,2642
2025-07-12,GPU Training,Enterprise,18309
2025-07-12,GPU Training,Mid-Market,7470
2025-07-12,GPU Training,Startup,3648
2025-07-12,GPU Training,Research/Academic,3231
2025-07-12,GPU Inference,Enterprise,13086
2025-07-12,GPU Inference,Mid-Market,6545
2025-07-12,GPU Inference,Startup,5866
2025-07-12,GPU Inference,Research/Academic,1078
2025-07-12,CPU Batch,Enterprise,4763
2025-07-12,CPU Batch,Mid-Market,2273
2025-07-12,CPU Batch,Startup,860
2025-07-12,CPU Batch,Research/Academic,1248
2025-07-12,CPU Interactive,Enterprise,3093
2025-07-12,CPU Interactive,Mid-Market,1735
2025-07-12,CPU Interactive,Startup,1144
2025-07-12,CPU Interactive,Research/Academic,1406
2025-07-13,GPU Training,Enterprise,16128
2025-07-13,GPU Training,Mid-Market,7053
2025-07-13,GPU Training,Startup,2956
2025-07-13,GPU Training,Research/Academic,2583
2025-07-13,GPU Inference,Enterprise,13148
2025-07-13,GPU Inference,Mid-Market,7096
2025-07-13,GPU Inference,Startup,4981
2025-07-13,GPU Inference,Research/Academic,950
2025-07-13,CPU Batch,Enterprise,4035
2025-07-13,CPU Batch,Mid-Market,2197
2025-07-13,CPU Batch,Startup,733
2025-07-13,CPU Batch,Research/Academic,844
2025-07-13,CPU Interactive,Enterprise,2647
2025-07-13,CPU Interactive,Mid-Market,1397
2025-07-13,CPU Interactive,Startup,1270
2025-07-13,CPU Interactive,Research/Academic,1331
2025-07-14,GPU Training,Enterprise,21374
2025-07-14,GPU Training,Mid-Market,8455
2025-07-14,GPU Training,Startup,3953
2025-07-14,GPU Training,Research/Academic,3094
2025-07-14,GPU Inference,Enterprise,19187
2025-07-14,GPU Inference,Mid-Market,9891
2025-07-14,GPU Inference,Startup,7022
2025-07-14,GPU Inference,Research/Academic,1485
2025-07-14,CPU Batch,Enterprise,6444
2025-07-14,CPU Batch,Mid-Market,3629
2025-07-14,CPU Batch,Startup,1124
2025-07-14,CPU Batch,Research/Academic,1543
2025-07-14,CPU Interactive,Enterprise,4988
2025-07-14,CPU Interactive,Mid-Market,2758
2025-07-14,CPU Interactive,Startup,1750
2025-07-14,CPU Interactive,Research/Academic,2597
2025-07-15,GPU Training,Enterprise,22598
2025-07-15,GPU Training,Mid-Market,8014
2025-07-15,GPU Training,Startup,4469
2025-07-15,GPU Training,Research/Academic,3831
2025-07-15,GPU Inference,Enterprise,20228
2025-07-15,GPU Inference,Mid-Market,12544
2025-07-15,GPU Inference,Startup,8792
2025-07-15,GPU Inference,Research/Academic,1534
2025-07-15,CPU Batch,Enterprise,7087
2025-07-15,CPU Batch,Mid-Market,3577
2025-07-15,CPU Batch,Startup,1221
2025-07-15,CPU Batch,Research/Academic,1492
2025-07-15,CPU Interactive,Enterprise,5355
2025-07-15,CPU Interactive,Mid-Market,2888
2025-07-15,CPU Interactive,Startup,1846
2025-07-15,CPU Interactive,Research/Academic,2436
2025-07-16,GPU Training,Enterprise,23201
2025-07-16,GPU Training,Mid-Market,9514
2025-07-16,GPU Training,Startup,4648
2025-07-16,GPU Training,Research/Academic,4454
2025-07-16,GPU Inference,Enterprise,21607
2025-07-16,GPU Inference,Mid-Market,11314
2025-07-16,GPU Inference,Startup,11551
2025-07-16,GPU Inference,Research/Academic,1602
2025-07-16,CPU Batch,Enterprise,7434
2025-07-16,CPU Batch,Mid-Market,3937
2025-07-16,CPU Batch,Startup,1393
2025-07-16,CPU Batch,Research/Academic,1622
2025-07-16,CPU Interactive,Enterprise,5538
2025-07-16,CPU Interactive,Mid-Market,3242
2025-07-16,CPU Interactive,Startup,1955
2025-07-16,CPU Interactive,Research/Academic,3034
2025-07-17,GPU Training,Enterprise,24046
2025-07-17,GPU Training,Mid-Market,8840
2025-07-17,GPU Training,Startup,4864
2025-07-17,GPU Training,Research/Academic,3491
2025-07-17,GPU Inference,Enterprise,21128
2025-07-17,GPU Inference,Mid-Market,10574
2025-07-17,GPU Inference,Startup,13017
2025-07-17,GPU Inference,Research/Academic,1635
2025-07-17,CPU Batch,Enterprise,7243
2025-07-17,CPU Batch,Mid-Market,3579
2025-07-17,CPU Batch,Startup,1354
2025-07-17,CPU Batch,Research/Academic,1577
2025-07-17,CPU Interactive,Enterprise,5656
2025-07-17,CPU Interactive,Mid-Market,3272
2025-07-17,CPU Interactive,Startup,2395
2025-07-17,CPU Interactive,Research/Academic,3140
2025-07-18,GPU Training,Enterprise,22610
2025-07-18,GPU Training,Mid-Market,8654
2025-07-18,GPU Training,Startup,4466
2025-07-18,GPU Training,Research/Academic,3857
2025-07-18,GPU Inference,Enterprise,20385
2025-07-18,GPU Inference,Mid-Market,11262
2025-07-18,GPU Inference,Startup,8882
2025-07-18,GPU Inference,Research/Academic,1444
2025-07-18,CPU Batch,Enterprise,7172
2025-07-18,CPU Batch,Mid-Market,4041
2025-07-18,CPU Batch,Startup,909
2025-07-18,CPU Batch,Research/Academic,1367
2025-07-18,CPU Interactive,Enterprise,5532
2025-07-18,CPU Interactive,Mid-Market,3248
2025-07-18,CPU Interactive,Startup,1739
2025-07-18,CPU Interactive,Research/Academic,2748
2025-07-19,GPU Training,Enterprise,16952
2025-07-19,GPU Training,Mid-Market,6409
2025-07-19,GPU Training,Startup,3437
2025-07-19,GPU Training,Research/Academic,2580
2025-07-19,GPU Inference,Enterprise,13417
2025-07-19,GPU Inference,Mid-Market,7150
2025-07-19,GPU Inference,Startup,6072
2025-07-19,GPU Inference,Research/Academic,985
2025-07-19,CPU Batch,Enterprise,4965
2025-07-19,CPU Batch,Mid-Market,2483
2025-07-19,CPU Batch,Startup,714
2025-07-19,CPU Batch,Research/Academic,1075
2025-07-19,CPU Interactive,Enterprise,2932
2025-07-19,CPU Interactive,Mid-Market,1711
2025-07-19,CPU Interactive,Startup,1001
2025-07-19,CPU Interactive,Research/Academic,1347
2025-07-20,GPU Training,Enterprise,15960
2025-07-20,GPU Training,Mid-Market,6150
2025-07-20,GPU Training,Startup,2680
2025-07-20,GPU Training,Research/Academic,2401
2025-07-20,GPU Inference,Enterprise,12768
2025-07-20,GPU Inference,Mid-Market,6260
2025-07-20,GPU Inference,Startup,4695
2025-07-20,GPU Inference,Research/Academic,1051
2025-07-20,CPU Batch,Enterprise,4021
2025-07-20,CPU Batch,Mid-Market,2376
2025-07-20,CPU Batch,Startup,646
2025-07-20,CPU Batch,Research/Academic,923
2025-07-20,CPU Interactive,Enterprise,2520
2025-07-20,CPU Interactive,Mid-Market,1156
2025-07-20,CPU Interactive,Startup,842
2025-07-20,CPU Interactive,Research/Academic,1285
2025-07-21,GPU Training,Enterprise,21878
2025-07-21,GPU Training,Mid-Market,7210
2025-07-21,GPU Training,Startup,4125
2025-07-21,GPU Training,Research/Academic,3271
2025-07-21,GPU Inference,Enterprise,19706
2025-07-21,GPU Inference,Mid-Market,10157
2025-07-21,GPU Inference,Startup,9419
2025-07-21,GPU Inference,Research/Academic,1631
2025-07-21,CPU Batch,Enterprise,7143
2025-07-21,CPU Batch,Mid-Market,3959
2025-07-21,CPU Batch,Startup,1051
2025-07-21,CPU Batch,Research/Academic,1920
2025-07-21,CPU Interactive,Enterprise,4843
2025-07-21,CPU Interactive,Mid-Market,2684
2025-07-21,CPU Interactive,Startup,2153
2025-07-21,CPU Interactive,Research/Academic,2759
2025-07-22,GPU Training,Enterprise,23100
2025-07-22,GPU Training,Mid-Market,9005
2025-07-22,GPU Training,Startup,3399
2025-07-22,GPU Training,Research/Academic,4268
2025-07-22,GPU Inference,Enterprise,20353
2025-07-22,GPU Inference,Mid-Market,11669
2025-07-22,GPU Inference,Startup,7100
2025-07-22,GPU Inference,Research/Academic,1606
2025-07-22,CPU Batch,Enterprise,7061
2025-07-22,CPU Batch,Mid-Market,3995
2025-07-22,CPU Batch,Startup,1172
2025-07-22,CPU Batch,Research/Academic,1624
2025-07-22,CPU Interactive,Enterprise,5266
2025-07-22,CPU Interactive,Mid-Market,2998
2025-07-22,CPU Interactive,Startup,2044
2025-07-22,CPU Interactive,Research/Academic,2919
2025-07-23,GPU Training,Enterprise,24708
2025-07-23,GPU Training,Mid-Market,9101
2025-07-23,GPU Training,Startup,3928
2025-07-23,GPU Training,Research/Academic,3972
2025-07-23,GPU Inference,Enterprise,23456
2025-07-23,GPU Inference,Mid-Market,12360
2025-07-23,GPU Inference,Startup,6536
2025-07-23,GPU Inference,Research/Academic,1627
2025-07-23,CPU Batch,Enterprise,7712
2025-07-23,CPU Batch,Mid-Market,3900
2025-07-23,CPU Batch,Startup,1099
2025-07-23,CPU Batch,Research/Academic,1588
2025-07-23,CPU Interactive,Enterprise,5827
2025-07-23,CPU Interactive,Mid-Market,2882
2025-07-23,CPU Interactive,Startup,2500
2025-07-23,CPU Interactive,Research/Academic,2897
2025-07-24,GPU Training,Enterprise,22894
2025-07-24,GPU Training,Mid-Market,9752
2025-07-24,GPU Training,Startup,3808
2025-07-24,GPU Training,Research/Academic,3768
2025-07-24,GPU Inference,Enterprise,20675
2025-07-24,GPU Inference,Mid-Market,12817
2025-07-24,GPU Inference,Startup,8619
2025-07-24,GPU Inference,Research/Academic,1363
2025-07-24,CPU Batch,Enterprise,7261
2025-07-24,CPU Batch,Mid-Market,4079
2025-07-24,CPU Batch,Startup,1277
2025-07-24,CPU Batch,Research/Academic,1947
2025-07-24,CPU Interactive,Enterprise,6194
2025-07-24,CPU Interactive,Mid-Market,3251
2025-07-24,CPU Interactive,Startup,2001
2025-07-24,CPU Interactive,Research/Academic,3403
2025-07-25,GPU Training,Enterprise,22369
2025-07-25,GPU Training,Mid-Market,8224
2025-07-25,GPU Training,Startup,4166
2025-07-25,GPU Training,Research/Academic,3403
2025-07-25,GPU Inference,Enterprise,19824
2025-07-25,GPU Inference,Mid-Market,10365
2025-07-25,GPU Inference,Startup,9761
2025-07-25,GPU Inference,Research/Academic,1498
2025-07-25,CPU Batch,Enterprise,6870
2025-07-25,CPU Batch,Mid-Market,3435
2025-07-25,CPU Batch,Startup,1159
2025-07-25,CPU Batch,Research/Academic,1587
2025-07-25,CPU Interactive,Enterprise,5231
2025-07-25,CPU Interactive,Mid-Market,2836
2025-07-25,CPU Interactive,Startup,2132
2025-07-25,CPU Interactive,Research/Academic,3050
2025-07-26,GPU Training,Enterprise,16776
2025-07-26,GPU Training,Mid-Market,6608
2025-07-26,GPU Training,Startup,3749
2025-07-26,GPU Training,Research/Academic,2694
2025-07-26,GPU Inference,Enterprise,14124
2025-07-26,GPU Inference,Mid-Market,7355
2025-07-26,GPU Inference,Startup,5350
2025-07-26,GPU Inference,Research/Academic,1095
2025-07-26,CPU Batch,Enterprise,4826
2025-07-26,CPU Batch,Mid-Market,2664
2025-07-26,CPU Batch,Startup,654
2025-07-26,CPU Batch,Research/Academic,1053
2025-07-26,CPU Interactive,Enterprise,3123
2025-07-26,CPU Interactive,Mid-Market,1873
2025-07-26,CPU Interactive,Startup,1312
2025-07-26,CPU Interactive,Research/Academic,1372
2025-07-27,GPU Training,Enterprise,16533
2025-07-27,GPU Training,Mid-Market,5958
2025-07-27,GPU Training,Startup,3245
2025-07-27,GPU Training,Research/Academic,2527
2025-07-27,GPU Inference,Enterprise,11927
2025-07-27,GPU Inference,Mid-Market,6508
2025-07-27,GPU Inference,Startup,6177
2025-07-27,GPU Inference,Research/Academic,999
2025-07-27,CPU Batch,Enterprise,4200
2025-07-27,CPU Batch,Mid-Market,2231
2025-07-27,CPU Batch,Startup,679
2025-07-27,CPU Batch,Research/Academic,941
2025-07-27,CPU Interactive,Enterprise,2521
2025-07-27,CPU Interactive,Mid-Market,1405
2025-07-27,CPU Interactive,Startup,1196
2025-07-27,CPU Interactive,Research/Academic,1315
2025-07-28,GPU Training,Enterprise,21702
2025-07-28,GPU Training,Mid-Market,8283
2025-07-28,GPU Training,Startup,4079
2025-07-28,GPU Training,Research/Academic,3462
2025-07-28,GPU Inference,Enterprise,19837
2025-07-28,GPU Inference,Mid-Market,9914
2025-07-28,GPU Inference,Startup,8580
2025-07-28,GPU Inference,Research/Academic,1410
2025-07-28,CPU Batch,Enterprise,7057
2025-07-28,CPU Batch,Mid-Market,3893
2025-07-28,CPU Batch,Startup,1072
2025-07-28,CPU Batch,Research/Academic,1306
2025-07-28,CPU Interactive,Enterprise,5222
2025-07-28,CPU Interactive,Mid-Market,2819
2025-07-28,CPU Interactive,Startup,1724
2025-07-28,CPU Interactive,Research/Academic,2766
2025-07-29,GPU Training,Enterprise,21526
2025-07-29,GPU Training,Mid-Market,9299
2025-07-29,GPU Training,Startup,4371
2025-07-29,GPU Training,Research/Academic,3140
2025-07-29,GPU Inference,Enterprise,20827
2025-07-29,GPU Inference,Mid-Market,10498
2025-07-29,GPU Inference,Startup,8591
2025-07-29,GPU Inference,Research/Academic,1487
2025-07-29,CPU Batch,Enterprise,7199
2025-07-29,CPU Batch,Mid-Market,3720
2025-07-29,CPU Batch,Startup,906
2025-07-29,CPU Batch,Research/Academic,1747
2025-07-29,CPU Interactive,Enterprise,5457
2025-07-29,CPU Interactive,Mid-Market,2870
2025-07-29,CPU Interactive,Startup,1833
2025-07-29,CPU Interactive,Research/Academic,2987
2025-07-30,GPU Training,Enterprise,22657
2025-07-30,GPU Training,Mid-Market,9148
2025-07-30,GPU Training,Startup,4304
2025-07-30,GPU Training,Research/Academic,3783
2025-07-30,GPU Inference,Enterprise,20373
2025-07-30,GPU Inference,Mid-Market,10652
2025-07-30,GPU Inference,Startup,9476
2025-07-30,GPU Inference,Research/Academic,1654
2025-07-30,CPU Batch,Enterprise,7214
2025-07-30,CPU Batch,Mid-Market,3934
2025-07-30,CPU Batch,Startup,1296
2025-07-30,CPU Batch,Research/Academic,1421
2025-07-30,CPU Interactive,Enterprise,5715
2025-07-30,CPU Interactive,Mid-Market,2933
2025-07-30,CPU Interactive,Startup,1920
2025-07-30,CPU Interactive,Research/Academic,2974
2025-07-31,GPU Training,Enterprise,23366
2025-07-31,GPU Training,Mid-Market,8330
2025-07-31,GPU Training,Startup,5418
2025-07-31,GPU Training,Research/Academic,4247
2025-07-31,GPU Inference,Enterprise,19731
2025-07-31,GPU Inference,Mid-Market,10048
2025-07-31,GPU Inference,Startup,10184
2025-07-31,GPU Inference,Research/Academic,1587
2025-07-31,CPU Batch,Enterprise,7907
2025-07-31,CPU Batch,Mid-Market,4136
2025-07-31,CPU Batch,Startup,1209
2025-07-31,CPU Batch,Research/Academic,1496
2025-07-31,CPU Interactive,Enterprise,5989
2025-07-31,CPU Interactive,Mid-Market,2945
2025-07-31,CPU Interactive,Startup,2618
2025-07-31,CPU Interactive,Research/Academic,3094
2025-08-01,GPU Training,Enterprise,21596
2025-08-01,GPU Training,Mid-Market,8971
2025-08-01,GPU Training,Startup,5657
2025-08-01,GPU Training,Research/Academic,3623
2025-08-01,GPU Inference,Enterprise,20357
2025-08-01,GPU Inference,Mid-Market,10101
2025-08-01,GPU Inference,Startup,8958
2025-08-01,GPU Inference,Research/Academic,1344
2025-08-01,CPU Batch,Enterprise,7086
2025-08-01,CPU Batch,Mid-Market,3781
2025-08-01,CPU Batch,Startup,1377
2025-08-01,CPU Batch,Research/Academic,1338
2025-08-01,CPU Interactive,Enterprise,5190
2025-08-01,CPU Interactive,Mid-Market,3150
2025-08-01,CPU Interactive,Startup,1944
2025-08-01,CPU Interactive,Research/Academic,2637
2025-08-02,GPU Training,Enterprise,16460
2025-08-02,GPU Training,Mid-Market,6058
2025-08-02,GPU Training,Startup,2649
2025-08-02,GPU Training,Research/Academic,2672
2025-08-02,GPU Inference,Enterprise,13395
2025-08-02,GPU Inference,Mid-Market,7348
2025-08-02,GPU Inference,Startup,5650
2025-08-02,GPU Inference,Research/Academic,1020
2025-08-02,CPU Batch,Enterprise,4641
2025-08-02,CPU Batch,Mid-Market,2505
2025-08-02,CPU Batch,Startup,695
2025-08-02,CPU Batch,Research/Academic,946
2025-08-02,CPU Interactive,Enterprise,2910
2025-08-02,CPU Interactive,Mid-Market,1714
2025-08-02,CPU Interactive,Startup,1123
2025-08-02,CPU Interactive,Research/Academic,1406
2025-08-03,GPU Training,Enterprise,15887
2025-08-03,GPU Training,Mid-Market,5256
2025-08-03,GPU Training,Startup,3044
2025-08-03,GPU Training,Research/Academic,2551
2025-08-03,GPU Inference,Enterprise,12133
2025-08-03,GPU Inference,Mid-Market,6251
2025-08-03,GPU Inference,Startup,5347
2025-08-03,GPU Inference,Research/Academic,1037
2025-08-03,CPU Batch,Enterprise,4232
2025-08-03,CPU Batch,Mid-Market,2020
2025-08-03,CPU Batch,Startup,596
2025-08-03,CPU Batch,Research/Academic,849
2025-08-03,CPU Interactive,Enterprise,2584
2025-08-03,CPU Interactive,Mid-Market,1386
2025-08-03,CPU Interactive,Startup,965
2025-08-03,CPU Interactive,Research/Academic,1329
2025-08-04,GPU Training,Enterprise,20800
2025-08-04,GPU Training,Mid-Market,8909
2025-08-04,GPU Training,Startup,4131
2025-08-04,GPU Training,Research/Academic,3281
2025-08-04,GPU Inference,Enterprise,19220
2025-08-04,GPU Inference,Mid-Market,11065
2025-08-04,GPU Inference,Startup,8228
2025-08-04,GPU Inference,Research/Academic,1590
2025-08-04,CPU Batch,Enterprise,6719
2025-08-04,CPU Batch,Mid-Market,3474
2025-08-04,CPU Batch,Startup,1168
2025-08-04,CPU Batch,Research/Academic,1400
2025-08-04,CPU Interactive,Enterprise,5172
2025-08-04,CPU Interactive,Mid-Market,2814
2025-08-04,CPU Interactive,Startup,1720
2025-08-04,CPU Interactive,Research/Academic,2532
2025-08-05,GPU Training,Enterprise,21897
2025-08-05,GPU Training,Mid-Market,8720
2025-08-05,GPU Training,Startup,5448
2025-08-05,GPU Training,Research/Academic,3582
2025-08-05,GPU Inference,Enterprise,20830
2025-08-05,GPU Inference,Mid-Market,10692
2025-08-05,GPU Inference,Startup,9135
2025-08-05,GPU Inference,Research/Academic,1528
2025-08-05,CPU Batch,Enterprise,6855
2025-08-05,CPU Batch,Mid-Market,3865
2025-08-05,CPU Batch,Startup,1074
2025-08-05,CPU Batch,Research/Academic,1438
2025-08-05,CPU Interactive,Enterprise,5631
2025-08-05,CPU Interactive,Mid-Market,2988
2025-08-05,CPU Interactive,Startup,2009
2025-08-05,CPU Interactive,Research/Academic,3062
2025-08-06,GPU Training,Enterprise,21803
2025-08-06,GPU Training,Mid-Market,9755
2025-08-06,GPU Training,Startup,4099
2025-08-06,GPU Training,Research/Academic,3933
2025-08-06,GPU Inference,Enterprise,20508
2025-08-06,GPU Inference,Mid-Market,10306
2025-08-06,GPU Inference,Startup,10990
2025-08-06,GPU Inference,Research/Academic,1848
2025-08-06,CPU Batch,Enterprise,7234
2025-08-06,CPU Batch,Mid-Market,3976
2025-08-06,CPU Batch,Startup,1152
2025-08-06,CPU Batch,Research/Academic,1826
2025-08-06,CPU Interactive,Enterprise,5155
2025-08-06,CPU Interactive,Mid-Market,3161
2025-08-06,CPU Interactive,Startup,1964
2025-08-06,CPU Interactive,Research/Academic,2363
2025-08-07,GPU Training,Enterprise,23145
2025-08-07,GPU Training,Mid-Market,10164
2025-08-07,GPU Training,Startup,4216
2025-08-07,GPU Training,Research/Academic,4120
2025-08-07,GPU Inference,Enterprise,22051
2025-08-07,GPU Inference,Mid-Market,11000
2025-08-07,GPU Inference,Startup,9542
2025-08-07,GPU Inference,Research/Academic,1389
2025-08-07,CPU Batch,Enterprise,7094
2025-08-07,CPU Batch,Mid-Market,4140
2025-08-07,CPU Batch,Startup,1153
2025-08-07,CPU Batch,Research/Academic,1637
2025-08-07,CPU Interactive,Enterprise,5793
2025-08-07,CPU Interactive,Mid-Market,3687
2025-08-07,CPU Interactive,Startup,2091
2025-08-07,CPU Interactive,Research/Academic,3332
2025-08-08,GPU Training,Enterprise,22549
2025-08-08,GPU Training,Mid-Market,9607
2025-08-08,GPU Training,Startup,3763
2025-08-08,GPU Training,Research/Academic,3748
2025-08-08,GPU Inference,Enterprise,19754
2025-08-08,GPU Inference,Mid-Market,10618
2025-08-08,GPU Inference,Startup,10406
2025-08-08,GPU Inference,Research/Academic,1567
2025-08-08,CPU Batch,Enterprise,7455
2025-08-08,CPU Batch,Mid-Market,3606
2025-08-08,CPU Batch,Startup,1009
2025-08-08,CPU Batch,Research/Academic,1548
2025-08-08,CPU Interactive,Enterprise,5256
2025-08-08,CPU Interactive,Mid-Market,2852
2025-08-08,CPU Interactive,Startup,1793
2025-08-08,CPU Interactive,Research/Academic,2945
2025-08-09,GPU Training,Enterprise,16854
2025-08-09,GPU Training,Mid-Market,7190
2025-08-09,GPU Training,Startup,3330
2025-08-09,GPU Training,Research/Academic,2964
2025-08-09,GPU Inference,Enterprise,14360
2025-08-09,GPU Inference,Mid-Market,6948
2025-08-09,GPU Inference,Startup,6578
2025-08-09,GPU Inference,Research/Academic,1241
2025-08-09,CPU Batch,Enterprise,4782
2025-08-09,CPU Batch,Mid-Market,2684
2025-08-09,CPU Batch,Startup,807
2025-08-09,CPU Batch,Research/Academic,1056
2025-08-09,CPU Interactive,Enterprise,2931
2025-08-09,CPU Interactive,Mid-Market,1659
2025-08-09,CPU Interactive,Startup,1219
2025-08-09,CPU Interactive,Research/Academic,1327
2025-08-10,GPU Training,Enterprise,16202
2025-08-10,GPU Training,Mid-Market,6027
2025-08-10,GPU Training,Startup,2978
2025-08-10,GPU Training,Research/Academic,2927
2025-08-10,GPU Inference,Enterprise,12325
2025-08-10,GPU Inference,Mid-Market,6035
2025-08-10,GPU Inference,Startup,6263
2025-08-10,GPU Inference,Research/Academic,857
2025-08-10,CPU Batch,Enterprise,3758
2025-08-10,CPU Batch,Mid-Market,2303
2025-08-10,CPU Batch,Startup,649
2025-08-10,CPU Batch,Research/Academic,918
2025-08-10,CPU Interactive,Enterprise,2465
2025-08-10,CPU Interactive,Mid-Market,1250
2025-08-10,CPU Interactive,Startup,832
2025-08-10,CPU Interactive,Research/Academic,1247
2025-08-11,GPU Training,Enterprise,20343
2025-08-11,GPU Training,Mid-Market,8325
2025-08-11,GPU Training,Startup,8672
2025-08-11,GPU Training,Research/Academic,8930
2025-08-11,GPU Inference,Enterprise,19669
2025-08-11,GPU Inference,Mid-Market,10533
2025-08-11,GPU Inference,Startup,13976
2025-08-11,GPU Inference,Research/Academic,1438
2025-08-11,CPU Batch,Enterprise,6954
2025-08-11,CPU Batch,Mid-Market,3736
2025-08-11,CPU Batch,Startup,809
2025-08-11,CPU Batch,Research/Academic,1582
2025-08-11,CPU Interactive,Enterprise,5050
2025-08-11,CPU Interactive,Mid-Market,2867
2025-08-11,CPU Interactive,Startup,1645
2025-08-11,CPU Interactive,Research/Academic,2486
2025-08-12,GPU Training,Enterprise,21530
2025-08-12,GPU Training,Mid-Market,9021
2025-08-12,GPU Training,Startup,8141
2025-08-12,GPU Training,Research/Academic,8579
2025-08-12,GPU Inference,Enterprise,20991
2025-08-12,GPU Inference,Mid-Market,10315
2025-08-12,GPU Inference,Startup,12388
2025-08-12,GPU Inference,Research/Academic,1669
2025-08-12,CPU Batch,Enterprise,7382
2025-08-12,CPU Batch,Mid-Market,3981
2025-08-12,CPU Batch,Startup,1235
2025-08-12,CPU Batch,Research/Academic,1518
2025-08-12,CPU Interactive,Enterprise,5379
2025-08-12,CPU Interactive,Mid-Market,2846
2025-08-12,CPU Interactive,Startup,2117
2025-08-12,CPU Interactive,Research/Academic,2640
2025-08-13,GPU Training,Enterprise,23174
2025-08-13,GPU Training,Mid-Market,9364
2025-08-13,GPU Training,Startup,11652
2025-08-13,GPU Training,Research/Academic,9997
2025-08-13,GPU Inference,Enterprise,22732
2025-08-13,GPU Inference,Mid-Market,10568
2025-08-13,GPU Inference,Startup,11446
2025-08-13,GPU Inference,Research/Academic,1691
2025-08-13,CPU Batch,Enterprise,7090
2025-08-13,CPU Batch,Mid-Market,3820
2025-08-13,CPU Batch,Startup,928
2025-08-13,CPU Batch,Research/Academic,1480
2025-08-13,CPU Interactive,Enterprise,5298
2025-08-13,CPU Interactive,Mid-Market,2998
2025-08-13,CPU Interactive,Startup,2054
2025-08-13,CPU Interactive,Research/Academic,2877
2025-08-14,GPU Training,Enterprise,24794
2025-08-14,GPU Training,Mid-Market,9423
2025-08-14,GPU Training,Startup,8330
2025-08-14,GPU Training,Research/Academic,10169
2025-08-14,GPU Inference,Enterprise,21276
2025-08-14,GPU Inference,Mid-Market,11043
2025-08-14,GPU Inference,Startup,14259
2025-08-14,GPU Inference,Research/Academic,1624
2025-08-14,CPU Batch,Enterprise,7115
2025-08-14,CPU Batch,Mid-Market,3846
2025-08-14,CPU Batch,Startup,1324
2025-08-14,CPU Batch,Research/Academic,1504
2025-08-14,CPU Interactive,Enterprise,5546
2025-08-14,CPU Interactive,Mid-Market,3161
2025-08-14,CPU Interactive,Startup,1932
2025-08-14,CPU Interactive,Research/Academic,2555
2025-08-15,GPU Training,Enterprise,22229
2025-08-15,GPU Training,Mid-Market,9502
2025-08-15,GPU Training,Startup,4376
2025-08-15,GPU Training,Research/Academic,3752
2025-08-15,GPU Inference,Enterprise,18571
2025-08-15,GPU Inference,Mid-Market,10950
2025-08-15,GPU Inference,Startup,9211
2025-08-15,GPU Inference,Research/Academic,1446
2025-08-15,CPU Batch,Enterprise,7165
2025-08-15,CPU Batch,Mid-Market,3834
2025-08-15,CPU Batch,Startup,984
2025-08-15,CPU Batch,Research/Academic,1589
2025-08-15,CPU Interactive,Enterprise,5538
2025-08-15,CPU Interactive,Mid-Market,2854
2025-08-15,CPU Interactive,Startup,1822
2025-08-15,CPU Interactive,Research/Academic,2641
2025-08-16,GPU Training,Enterprise,17781
2025-08-16,GPU Training,Mid-Market,6009
2025-08-16,GPU Training,Startup,3595
2025-08-16,GPU Training,Research/Academic,2670
2025-08-16,GPU Inference,Enterprise,14289
2025-08-16,GPU Inference,Mid-Market,7146
2025-08-16,GPU Inference,Startup,5959
2025-08-16,GPU Inference,Research/Academic,1204
2025-08-16,CPU Batch,Enterprise,4484
2025-08-16,CPU Batch,Mid-Market,2614
2025-08-16,CPU Batch,Startup,917
2025-08-16,CPU Batch,Research/Academic,1090
2025-08-16,CPU Interactive,Enterprise,2766
2025-08-16,CPU Interactive,Mid-Market,1465
2025-08-16,CPU Interactive,Startup,1021
2025-08-16,CPU Interactive,Research/Academic,1499
2025-08-17,GPU Training,Enterprise,16267
2025-08-17,GPU Training,Mid-Market,5621
2025-08-17,GPU Training,Startup,2835
2025-08-17,GPU Training,Research/Academic,2477
2025-08-17,GPU Inference,Enterprise,12698
2025-08-17,GPU Inference,Mid-Market,7722
2025-08-17,GPU Inference,Startup,5158
2025-08-17,GPU Inference,Research/Academic,890
2025-08-17,CPU Batch,Enterprise,3887
2025-08-17,CPU Batch,Mid-Market,2265
2025-08-17,CPU Batch,Startup,636
2025-08-17,CPU Batch,Research/Academic,823
2025-08-17,CPU Interactive,Enterprise,2480
2025-08-17,CPU Interactive,Mid-Market,1308
2025-08-17,CPU Interactive,Startup,999
2025-08-17,CPU Interactive,Research/Academic,1581
2025-08-18,GPU Training,Enterprise,21988
2025-08-18,GPU Training,Mid-Market,8146
2025-08-18,GPU Training,Startup,3880
2025-08-18,GPU Training,Research/Academic,3166
2025-08-18,GPU Inference,Enterprise,20285
2025-08-18,GPU Inference,Mid-Market,10858
2025-08-18,GPU Inference,Startup,8410
2025-08-18,GPU Inference,Research/Academic,1633
2025-08-18,CPU Batch,Enterprise,6922
2025-08-18,CPU Batch,Mid-Market,3890
2025-08-18,CPU Batch,Startup,1126
2025-08-18,CPU Batch,Research/Academic,1482
2025-08-18,CPU Interactive,Enterprise,4845
2025-08-18,CPU Interactive,Mid-Market,2739
2025-08-18,CPU Interactive,Startup,2135
2025-08-18,CPU Interactive,Research/Academic,2450
2025-08-19,GPU Training,Enterprise,23001
2025-08-19,GPU Training,Mid-Market,7988
2025-08-19,GPU Training,Startup,4851
2025-08-19,GPU Training,Research/Academic,3797
2025-08-19,GPU Inference,Enterprise,19734
2025-08-19,GPU Inference,Mid-Market,10718
2025-08-19,GPU Inference,Startup,10463
2025-08-19,GPU Inference,Research/Academic,1407
2025-08-19,CPU Batch,Enterprise,6823
2025-08-19,CPU Batch,Mid-Market,3776
2025-08-19,CPU Batch,Startup,1446
2025-08-19,CPU Batch,Research/Academic,1467
2025-08-19,CPU Interactive,Enterprise,5548
2025-08-19,CPU Interactive,Mid-Market,3045
2025-08-19,CPU Interactive,Startup,1943
2025-08-19,CPU Interactive,Research/Academic,2792
2025-08-20,GPU Training,Enterprise,23272
2025-08-20,GPU Training,Mid-Market,8812
2025-08-20,GPU Training,Startup,3796
2025-08-20,GPU Training,Research/Academic,3873
2025-08-20,GPU Inference,Enterprise,22102
2025-08-20,GPU Inference,Mid-Market,11259
2025-08-20,GPU Inference,Startup,10990
2025-08-20,GPU Inference,Research/Academic,1678
2025-08-20,CPU Batch,Enterprise,7310
2025-08-20,CPU Batch,Mid-Market,3736
2025-08-20,CPU Batch,Startup,1087
2025-08-20,CPU Batch,Research/Academic,1415
2025-08-20,CPU Interactive,Enterprise,5583
2025-08-20,CPU Interactive,Mid-Market,3134
2025-08-20,CPU Interactive,Startup,2659
2025-08-20,CPU Interactive,Research/Academic,2983
2025-08-21,GPU Training,Enterprise,22903
2025-08-21,GPU Training,Mid-Market,8176
2025-08-21,GPU Training,Startup,4526
2025-08-21,GPU Training,Research/Academic,4141
2025-08-21,GPU Inference,Enterprise,21157
2025-08-21,GPU Inference,Mid-Market,11664
2025-08-21,GPU Inference,Startup,9453
2025-08-21,GPU Inference,Research/Academic,1697
2025-08-21,CPU Batch,Enterprise,6875
2025-08-21,CPU Batch,Mid-Market,4369
2025-08-21,CPU Batch,Startup,1009
2025-08-21,CPU Batch,Research/Academic,1697
2025-08-21,CPU Interactive,Enterprise,5734
2025-08-21,CPU Interactive,Mid-Market,3161
2025-08-21,CPU Interactive,Startup,2161
2025-08-21,CPU Interactive,Research/Academic,2997
2025-08-22,GPU Training,Enterprise,23065
2025-08-22,GPU Training,Mid-Market,9304
2025-08-22,GPU Training,Startup,5250
2025-08-22,GPU Training,Research/Academic,3805
2025-08-22,GPU Inference,Enterprise,21824
2025-08-22,GPU Inference,Mid-Market,10795
2025-08-22,GPU Inference,Startup,10505
2025-08-22,GPU Inference,Research/Academic,1582
2025-08-22,CPU Batch,Enterprise,6973
2025-08-22,CPU Batch,Mid-Market,3847
2025-08-22,CPU Batch,Startup,1191
2025-08-22,CPU Batch,Research/Academic,1544
2025-08-22,CPU Interactive,Enterprise,5383
2025-08-22,CPU Interactive,Mid-Market,3093
2025-08-22,CPU Interactive,Startup,2027
2025-08-22,CPU Interactive,Research/Academic,2119
2025-08-23,GPU Training,Enterprise,18466
2025-08-23,GPU Training,Mid-Market,6453
2025-08-23,GPU Training,Startup,3064
2025-08-23,GPU Training,Research/Academic,2581
2025-08-23,GPU Inference,Enterprise,14070
2025-08-23,GPU Inference,Mid-Market,7218
2025-08-23,GPU Inference,Startup,5918
2025-08-23,GPU Inference,Research/Academic,1012
2025-08-23,CPU Batch,Enterprise,4855
2025-08-23,CPU Batch,Mid-Market,2920
2025-08-23,CPU Batch,Startup,825
2025-08-23,CPU Batch,Research/Academic,1129
2025-08-23,CPU Interactive,Enterprise,2882
2025-08-23,CPU Interactive,Mid-Market,1621
2025-08-23,CPU Interactive,Startup,1182
2025-08-23,CPU Interactive,Research/Academic,1405
2025-08-24,GPU Training,Enterprise,15925
2025-08-24,GPU Training,Mid-Market,6563
2025-08-24,GPU Training,Startup,3618
2025-08-24,GPU Training,Research/Academic,2662
2025-08-24,GPU Inference,Enterprise,12287
2025-08-24,GPU Inference,Mid-Market,6648
2025-08-24,GPU Inference,Startup,4919
2025-08-24,GPU Inference,Research/Academic,971
2025-08-24,CPU Batch,Enterprise,4117
2025-08-24,CPU Batch,Mid-Market,2131
2025-08-24,CPU Batch,Startup,660
2025-08-24,CPU Batch,Research/Academic,915
2025-08-24,CPU Interactive,Enterprise,2549
2025-08-24,CPU Interactive,Mid-Market,1276
2025-08-24,CPU Interactive,Startup,940
2025-08-24,CPU Interactive,Research/Academic,1320
2025-08-25,GPU Training,Enterprise,23022
2025-08-25,GPU Training,Mid-Market,8095
2025-08-25,GPU Training,Startup,4527
2025-08-25,GPU Training,Research/Academic,3789
2025-08-25,GPU Inference,Enterprise,19695
2025-08-25,GPU Inference,Mid-Market,11332
2025-08-25,GPU Inference,Startup,10412
2025-08-25,GPU Inference,Research/Academic,1659
2025-08-25,CPU Batch,Enterprise,7058
2025-08-25,CPU Batch,Mid-Market,4357
2025-08-25,CPU Batch,Startup,1013
2025-08-25,CPU Batch,Research/Academic,1783
2025-08-25,CPU Interactive,Enterprise,5206
2025-08-25,CPU Interactive,Mid-Market,3050
2025-08-25,CPU Interactive,Startup,1867
2025-08-25,CPU Interactive,Research/Academic,2733
2025-08-26,GPU Training,Enterprise,24044
2025-08-26,GPU Training,Mid-Market,8035
2025-08-26,GPU Training,Startup,4369
2025-08-26,GPU Training,Research/Academic,3125
2025-08-26,GPU Inference,Enterprise,20717
2025-08-26,GPU Inference,Mid-Market,10385
2025-08-26,GPU Inference,Startup,9238
2025-08-26,GPU Inference,Research/Academic,1972
2025-08-26,CPU Batch,Enterprise,7643
2025-08-26,CPU Batch,Mid-Market,3439
2025-08-26,CPU Batch,Startup,1201
2025-08-26,CPU Batch,Research/Academic,1651
2025-08-26,CPU Interactive,Enterprise,5382
2025-08-26,CPU Interactive,Mid-Market,3039
2025-08-26,CPU Interactive,Startup,2167
2025-08-26,CPU Interactive,Research/Academic,2478
2025-08-27,GPU Training,Enterprise,22845
2025-08-27,GPU Training,Mid-Market,9202
2025-08-27,GPU Training,Startup,4729
2025-08-27,GPU Training,Research/Academic,3673
2025-08-27,GPU Inference,Enterprise,20814
2025-08-27,GPU Inference,Mid-Market,11255
2025-08-27,GPU Inference,Startup,10868
2025-08-27,GPU Inference,Research/Academic,1596
2025-08-27,CPU Batch,Enterprise,7834
2025-08-27,CPU Batch,Mid-Market,3728
2025-08-27,CPU Batch,Startup,1183
2025-08-27,CPU Batch,Research/Academic,1549
2025-08-27,CPU Interactive,Enterprise,5794
2025-08-27,CPU Interactive,Mid-Market,2948
2025-08-27,CPU Interactive,Startup,2742
2025-08-27,CPU Interactive,Research/Academic,2500
2025-08-28,GPU Training,Enterprise,25516
2025-08-28,GPU Training,Mid-Market,9157
2025-08-28,GPU Training,Startup,4999
2025-08-28,GPU Training,Research/Academic,4326
2025-08-28,GPU Inference,Enterprise,22260
2025-08-28,GPU Inference,Mid-Market,10776
2025-08-28,GPU Inference,Startup,10522
2025-08-28,GPU Inference,Research/Academic,1866
2025-08-28,CPU Batch,Enterprise,7087
2025-08-28,CPU Batch,Mid-Market,4541
2025-08-28,CPU Batch,Startup,1211
2025-08-28,CPU Batch,Research/Academic,1539
2025-08-28,CPU Interactive,Enterprise,5609
2025-08-28,CPU Interactive,Mid-Market,3149
2025-08-28,CPU Interactive,Startup,1768
2025-08-28,CPU Interactive,Research/Academic,2843
2025-08-29,GPU Training,Enterprise,22519
2025-08-29,GPU Training,Mid-Market,8064
2025-08-29,GPU Training,Startup,4891
2025-08-29,GPU Training,Research/Academic,3648
2025-08-29,GPU Inference,Enterprise,20020
2025-08-29,GPU Inference,Mid-Market,10588
2025-08-29,GPU Inference,Startup,9763
2025-08-29,GPU Inference,Research/Academic,1542
2025-08-29,CPU Batch,Enterprise,6944
2025-08-29,CPU Batch,Mid-Market,3841
2025-08-29,CPU Batch,Startup,1118
2025-08-29,CPU Batch,Research/Academic,1414
2025-08-29,CPU Interactive,Enterprise,5249
2025-08-29,CPU Interactive,Mid-Market,3043
2025-08-29,CPU Interactive,Startup,2188
2025-08-29,CPU Interactive,Research/Academic,2635
2025-08-30,GPU Training,Enterprise,17827
2025-08-30,GPU Training,Mid-Market,6190
2025-08-30,GPU Training,Startup,3044
2025-08-30,GPU Training,Research/Academic,2773
2025-08-30,GPU Inference,Enterprise,15258
2025-08-30,GPU Inference,Mid-Market,7670
2025-08-30,GPU Inference,Startup,6339
2025-08-30,GPU Inference,Research/Academic,1213
2025-08-30,CPU Batch,Enterprise,4708
2025-08-30,CPU Batch,Mid-Market,2969
2025-08-30,CPU Batch,Startup,706
2025-08-30,CPU Batch,Research/Academic,953
2025-08-30,CPU Interactive,Enterprise,2915
2025-08-30,CPU Interactive,Mid-Market,1587
2025-08-30,CPU Interactive,Startup,1025
2025-08-30,CPU Interactive,Research/Academic,1826
2025-08-31,GPU Training,Enterprise,16486
2025-08-31,GPU Training,Mid-Market,6426
2025-08-31,GPU Training,Startup,3029
2025-08-31,GPU Training,Research/Academic,2533
2025-08-31,GPU Inference,Enterprise,13532
2025-08-31,GPU Inference,Mid-Market,6096
2025-08-31,GPU Inference,Startup,5167
2025-08-31,GPU Inference,Research/Academic,949
2025-08-31,CPU Batch,Enterprise,4310
2025-08-31,CPU Batch,Mid-Market,2121
2025-08-31,CPU Batch,Startup,676
2025-08-31,CPU Batch,Research/Academic,887
2025-08-31,CPU Interactive,Enterprise,2665
2025-08-31,CPU Interactive,Mid-Market,1247
2025-08-31,CPU Interactive,Startup,1064
2025-08-31,CPU Interactive,Research/Academic,1258
2025-09-01,GPU Training,Enterprise,14302
2025-09-01,GPU Training,Mid-Market,5427
2025-09-01,GPU Training,Startup,3709
2025-09-01,GPU Training,Research/Academic,2024
2025-09-01,GPU Inference,Enterprise,12196
2025-09-01,GPU Inference,Mid-Market,6685
2025-09-01,GPU Inference,Startup,7374
2025-09-01,GPU Inference,Research/Academic,869
2025-09-01,CPU Batch,Enterprise,4275
2025-09-01,CPU Batch,Mid-Market,2505
2025-09-01,CPU Batch,Startup,755
2025-09-01,CPU Batch,Research/Academic,843
2025-09-01,CPU Interactive,Enterprise,3348
2025-09-01,CPU Interactive,Mid-Market,2028
2025-09-01,CPU Interactive,Startup,1670
2025-09-01,CPU Interactive,Research/Academic,1504
2025-09-02,GPU Training,Enterprise,25472
2025-09-02,GPU Training,Mid-Market,11280
2025-09-02,GPU Training,Startup,6644
2025-09-02,GPU Training,Research/Academic,4344
2025-09-02,GPU Inference,Enterprise,26911
2025-09-02,GPU Inference,Mid-Market,12217
2025-09-02,GPU Inference,Startup,9543
2025-09-02,GPU Inference,Research/Academic,1706
2025-09-02,CPU Batch,Enterprise,8177
2025-09-02,CPU Batch,Mid-Market,5173
2025-09-02,CPU Batch,Startup,1257
2025-09-02,CPU Batch,Research/Academic,1669
2025-09-02,CPU Interactive,Enterprise,6090
2025-09-02,CPU Interactive,Mid-Market,3764
2025-09-02,CPU Interactive,Startup,2740
2025-09-02,CPU Interactive,Research/Academic,3066
2025-09-03,GPU Training,Enterprise,25608
2025-09-03,GPU Training,Mid-Market,9754
2025-09-03,GPU Training,Startup,6685
2025-09-03,GPU Training,Research/Academic,4747
2025-09-03,GPU Inference,Enterprise,25048
2025-09-03,GPU Inference,Mid-Market,15042
2025-09-03,GPU Inference,Startup,14455
2025-09-03,GPU Inference,Research/Academic,1853
2025-09-03,CPU Batch,Enterprise,8481
2025-09-03,CPU Batch,Mid-Market,4346
2025-09-03,CPU Batch,Startup,1293
2025-09-03,CPU Batch,Research/Academic,1633
2025-09-03,CPU Interactive,Enterprise,6170
2025-09-03,CPU Interactive,Mid-Market,3197
2025-09-03,CPU Interactive,Startup,2874
2025-09-03,CPU Interactive,Research/Academic,2918
2025-09-04,GPU Training,Enterprise,29863
2025-09-04,GPU Training,Mid-Market,10039
2025-09-04,GPU Training,Startup,6706
2025-09-04,GPU Training,Research/Academic,4364
2025-09-04,GPU Inference,Enterprise,23491
2025-09-04,GPU Inference,Mid-Market,14459
2025-09-04,GPU Inference,Startup,13547
2025-09-04,GPU Inference,Research/Academic,1729
2025-09-04,CPU Batch,Enterprise,8378
2025-09-04,CPU Batch,Mid-Market,4250
2025-09-04,CPU Batch,Startup,1320
2025-09-04,CPU Batch,Research/Academic,1856
2025-09-04,CPU Interactive,Enterprise,6633
2025-09-04,CPU Interactive,Mid-Market,3262
2025-09-04,CPU Interactive,Startup,2418
2025-09-04,CPU Interactive,Research/Academic,3591
2025-09-05,GPU Training,Enterprise,26166
2025-09-05,GPU Training,Mid-Market,9865
2025-09-05,GPU Training,Startup,4653
2025-09-05,GPU Training,Research/Academic,4086
2025-09-05,GPU Inference,Enterprise,25263
2025-09-05,GPU Inference,Mid-Market,11655
2025-09-05,GPU Inference,Startup,11929
2025-09-05,GPU Inference,Research/Academic,1780
2025-09-05,CPU Batch,Enterprise,8337
2025-09-05,CPU Batch,Mid-Market,4184
2025-09-05,CPU Batch,Startup,1249
2025-09-05,CPU Batch,Research/Academic,1788
2025-09-05,CPU Interactive,Enterprise,6018
2025-09-05,CPU Interactive,Mid-Market,3464
2025-09-05,CPU Interactive,Startup,2503
2025-09-05,CPU Interactive,Research/Academic,3689
2025-09-06,GPU Training,Enterprise,20342
2025-09-06,GPU Training,Mid-Market,6733
2025-09-06,GPU Training,Startup,4564
2025-09-06,GPU Training,Research/Academic,3217
2025-09-06,GPU Inference,Enterprise,18110
2025-09-06,GPU Inference,Mid-Market,9794
2025-09-06,GPU Inference,Startup,7211
2025-09-06,GPU Inference,Research/Academic,1314
2025-09-06,CPU Batch,Enterprise,5376
2025-09-06,CPU Batch,Mid-Market,2938
2025-09-06,CPU Batch,Startup,942
2025-09-06,CPU Batch,Research/Academic,1304
2025-09-06,CPU Interactive,Enterprise,3519
2025-09-06,CPU Interactive,Mid-Market,1880
2025-09-06,CPU Interactive,Startup,1764
2025-09-06,CPU Interactive,Research/Academic,1663
2025-09-07,GPU Training,Enterprise,17697
2025-09-07,GPU Training,Mid-Market,6542
2025-09-07,GPU Training,Startup,4446
2025-09-07,GPU Training,Research/Academic,3047
2025-09-07,GPU Inference,Enterprise,15198
2025-09-07,GPU Inference,Mid-Market,7691
2025-09-07,GPU Inference,Startup,6564
2025-09-07,GPU Inference,Research/Academic,1052
2025-09-07,CPU Batch,Enterprise,4810
2025-09-07,CPU Batch,Mid-Market,2502
2025-09-07,CPU Batch,Startup,785
2025-09-07,CPU Batch,Research/Academic,1050
2025-09-07,CPU Interactive,Enterprise,2879
2025-09-07,CPU Interactive,Mid-Market,1457
2025-09-07,CPU Interactive,Startup,938
2025-09-07,CPU Interactive,Research/Academic,1881
2025-09-08,GPU Training,Enterprise,26715
2025-09-08,GPU Training,Mid-Market,10587
2025-09-08,GPU Training,Startup,4587
2025-09-08,GPU Training,Research/Academic,4092
2025-09-08,GPU Inference,Enterprise,22513
2025-09-08,GPU Inference,Mid-Market,11227
2025-09-08,GPU Inference,Startup,9954
2025-09-08,GPU Inference,Research/Academic,1917
2025-09-08,CPU Batch,Enterprise,8301
2025-09-08,CPU Batch,Mid-Market,4002
2025-09-08,CPU Batch,Startup,1220
2025-09-08,CPU Batch,Research/Academic,1845
2025-09-08,CPU Interactive,Enterprise,5727
2025-09-08,CPU Interactive,Mid-Market,3247
2025-09-08,CPU Interactive,Startup,2373
2025-09-08,CPU Interactive,Research/Academic,3048
2025-09-09,GPU Training,Enterprise,26728
2025-09-09,GPU Training,Mid-Market,9677
2025-09-09,GPU Training,Startup,4894
2025-09-09,GPU Training,Research/Academic,3922
2025-09-09,GPU Inference,Enterprise,22969
2025-09-09,GPU Inference,Mid-Market,12837
2025-09-09,GPU Inference,Startup,12395
2025-09-09,GPU Inference,Research/Academic,1622
2025-09-09,CPU Batch,Enterprise,8356
2025-09-09,CPU Batch,Mid-Market,4660
2025-09-09,CPU Batch,Startup,1047
2025-09-09,CPU Batch,Research/Academic,1751
2025-09-09,CPU Interactive,Enterprise,6762
2025-09-09,CPU Interactive,Mid-Market,3626
2025-09-09,CPU Interactive,Startup,1953
2025-09-09,CPU Interactive,Research/Academic,3363
2025-09-10,GPU Training,Enterprise,26920
2025-09-10,GPU Training,Mid-Market,11149
2025-09-10,GPU Training,Startup,5048
2025-09-10,GPU Training,Research/Academic,4481
2025-09-10,GPU Inference,Enterprise,24640
2025-09-10,GPU Inference,Mid-Market,13332
2025-09-10,GPU Inference,Startup,10819
2025-09-10,GPU Inference,Research/Academic,1830
2025-09-10,CPU Batch,Enterprise,8113
2025-09-10,CPU Batch,Mid-Market,4697
2025-09-10,CPU Batch,Startup,1372
2025-09-10,CPU Batch,Research/Academic,1617
2025-09-10,CPU Interactive,Enterprise,6834
2025-09-10,CPU Interactive,Mid-Market,3575
2025-09-10,CPU Interactive,Startup,2586
2025-09-10,CPU Interactive,Research/Academic,3518
2025-09-11,GPU Training,Enterprise,28123
2025-09-11,GPU Training,Mid-Market,11535
2025-09-11,GPU Training,Startup,5301
2025-09-11,GPU Training,Research/Academic,4890
2025-09-11,GPU Inference,Enterprise,25327
2025-09-11,GPU Inference,Mid-Market,13831
2025-09-11,GPU Inference,Startup,12180
2025-09-11,GPU Inference,Research/Academic,2059
2025-09-11,CPU Batch,Enterprise,8755
2025-09-11,CPU Batch,Mid-Market,4402
2025-09-11,CPU Batch,Startup,1244
2025-09-11,CPU Batch,Research/Academic,1834
2025-09-11,CPU Interactive,Enterprise,6545
2025-09-11,CPU Interactive,Mid-Market,3455
2025-09-11,CPU Interactive,Startup,2019
2025-09-11,CPU Interactive,Research/Academic,3002
2025-09-12,GPU Training,Enterprise,28704
2025-09-12,GPU Training,Mid-Market,9701
2025-09-12,GPU Training,Startup,6594
2025-09-12,GPU Training,Research/Academic,4439
2025-09-12,GPU Inference,Enterprise,24015
2025-09-12,GPU Inference,Mid-Market,11477
2025-09-12,GPU Inference,Startup,11094
2025-09-12,GPU Inference,Research/Academic,2069
2025-09-12,CPU Batch,Enterprise,8804
2025-09-12,CPU Batch,Mid-Market,4501
2025-09-12,CPU Batch,Startup,1139
2025-09-12,CPU Batch,Research/Academic,1658
2025-09-12,CPU Interactive,Enterprise,5956
2025-09-12,CPU Interactive,Mid-Market,3715
2025-09-12,CPU Interactive,Startup,2896
2025-09-12,CPU Interactive,Research/Academic,3152
2025-09-13,GPU Training,Enterprise,19971
2025-09-13,GPU Training,Mid-Market,8633
2025-09-13,GPU Training,Startup,3559
2025-09-13,GPU Training,Research/Academic,3289
2025-09-13,GPU Inference,Enterprise,17154
2025-09-13,GPU Inference,Mid-Market,8401
2025-09-13,GPU Inference,Startup,7195
2025-09-13,GPU Inference,Research/Academic,1175
2025-09-13,CPU Batch,Enterprise,5838
2025-09-13,CPU Batch,Mid-Market,3367
2025-09-13,CPU Batch,Startup,884
2025-09-13,CPU Batch,Research/Academic,1168
2025-09-13,CPU Interactive,Enterprise,3325
2025-09-13,CPU Interactive,Mid-Market,1878
2025-09-13,CPU Interactive,Startup,1232
2025-09-13,CPU Interactive,Research/Academic,1701
2025-09-14,GPU Training,Enterprise,19280
2025-09-14,GPU Training,Mid-Market,7065
2025-09-14,GPU Training,Startup,3673
2025-09-14,GPU Training,Research/Academic,3026
2025-09-14,GPU Inference,Enterprise,15026
2025-09-14,GPU Inference,Mid-Market,7822
2025-09-14,GPU Inference,Startup,7697
2025-09-14,GPU Inference,Research/Academic,975
2025-09-14,CPU Batch,Enterprise,5037
2025-09-14,CPU Batch,Mid-Market,2549
2025-09-14,CPU Batch,Startup,804
2025-09-14,CPU Batch,Research/Academic,1084
2025-09-14,CPU Interactive,Enterprise,2855
2025-09-14,CPU Interactive,Mid-Market,1519
2025-09-14,CPU Interactive,Startup,1003
2025-09-14,CPU Interactive,Research/Academic,1449
2025-09-15,GPU Training,Enterprise,26021
2025-09-15,GPU Training,Mid-Market,9311
2025-09-15,GPU Training,Startup,5395
2025-09-15,GPU Training,Research/Academic,3389
2025-09-15,GPU Inference,Enterprise,23080
2025-09-15,GPU Inference,Mid-Market,13488
2025-09-15,GPU Inference,Startup,10607
2025-09-15,GPU Inference,Research/Academic,1618
2025-09-15,CPU Batch,Enterprise,7834
2025-09-15,CPU Batch,Mid-Market,3474
2025-09-15,CPU Batch,Startup,1126
2025-09-15,CPU Batch,Research/Academic,1893
2025-09-15,CPU Interactive,Enterprise,5741
2025-09-15,CPU Interactive,Mid-Market,3137
2025-09-15,CPU Interactive,Startup,1718
2025-09-15,CPU Interactive,Research/Academic,2595
2025-09-16,GPU Training,Enterprise,27883
2025-09-16,GPU Training,Mid-Market,10644
2025-09-16,GPU Training,Startup,4513
2025-09-16,GPU Training,Research/Academic,4090
2025-09-16,GPU Inference,Enterprise,24609
2025-09-16,GPU Inference,Mid-Market,12020
2025-09-16,GPU Inference,Startup,8955
2025-09-16,GPU Inference,Research/Academic,1793
2025-09-16,CPU Batch,Enterprise,8473
2025-09-16,CPU Batch,Mid-Market,4609
2025-09-16,CPU Batch,Startup,1455
2025-09-16,CPU Batch,Research/Academic,1581
2025-09-16,CPU Interactive,Enterprise,6364
2025-09-16,CPU Interactive,Mid-Market,3437
2025-09-16,CPU Interactive,Startup,2431
2025-09-16,CPU Interactive,Research/Academic,3140
2025-09-17,GPU Training,Enterprise,27145
2025-09-17,GPU Training,Mid-Market,8653
2025-09-17,GPU Training,Startup,6358
2025-09-17,GPU Training,Research/Academic,4629
2025-09-17,GPU Inference,Enterprise,23907
2025-09-17,GPU Inference,Mid-Market,13915
2025-09-17,GPU Inference,Startup,11124
2025-09-17,GPU Inference,Research/Academic,1807
2025-09-17,CPU Batch,Enterprise,8262
2025-09-17,CPU Batch,Mid-Market,4724
2025-09-17,CPU Batch,Startup,1224
2025-09-17,CPU Batch,Research/Academic,1687
2025-09-17,CPU Interactive,Enterprise,6892
2025-09-17,CPU Interactive,Mid-Market,3588
2025-09-17,CPU Interactive,Startup,2505
2025-09-17,CPU Interactive,Research/Academic,3501
2025-09-18,GPU Training,Enterprise,27156
2025-09-18,GPU Training,Mid-Market,10353
2025-09-18,GPU Training,Startup,5744
2025-09-18,GPU Training,Research/Academic,3986
2025-09-18,GPU Inference,Enterprise,25623
2025-09-18,GPU Inference,Mid-Market,12786
2025-09-18,GPU Inference,Startup,13032
2025-09-18,GPU Inference,Research/Academic,1953
2025-09-18,CPU Batch,Enterprise,8665
2025-09-18,CPU Batch,Mid-Market,4067
2025-09-18,CPU Batch,Startup,1332
2025-09-18,CPU Batch,Research/Academic,1677
2025-09-18,CPU Interactive,Enterprise,6756
2025-09-18,CPU Interactive,Mid-Market,3174
2025-09-18,CPU Interactive,Startup,2177
2025-09-18,CPU Interactive,Research/Academic,3741
2025-09-19,GPU Training,Enterprise,27038
2025-09-19,GPU Training,Mid-Market,9971
2025-09-19,GPU Training,Startup,4745
2025-09-19,GPU Training,Research/Academic,3947
2025-09-19,GPU Inference,Enterprise,24443
2025-09-19,GPU Inference,Mid-Market,12569
2025-09-19,GPU Inference,Startup,13529
2025-09-19,GPU Inference,Research/Academic,1757
2025-09-19,CPU Batch,Enterprise,8308
2025-09-19,CPU Batch,Mid-Market,4017
2025-09-19,CPU Batch,Startup,1256
2025-09-19,CPU Batch,Research/Academic,1817
2025-09-19,CPU Interactive,Enterprise,6089
2025-09-19,CPU Interactive,Mid-Market,3296
2025-09-19,CPU Interactive,Startup,2489
2025-09-19,CPU Interactive,Research/Academic,3507
2025-09-20,GPU Training,Enterprise,20430
2025-09-20,GPU Training,Mid-Market,8444
2025-09-20,GPU Training,Startup,4349
2025-09-20,GPU Training,Research/Academic,3578
2025-09-20,GPU Inference,Enterprise,16560
2025-09-20,GPU Inference,Mid-Market,8883
2025-09-20,GPU Inference,Startup,7681
2025-09-20,GPU Inference,Research/Academic,1303
2025-09-20,CPU Batch,Enterprise,5705
2025-09-20,CPU Batch,Mid-Market,2978
2025-09-20,CPU Batch,Startup,972
2025-09-20,CPU Batch,Research/Academic,1142
2025-09-20,CPU Interactive,Enterprise,3539
2025-09-20,CPU Interactive,Mid-Market,2024
2025-09-20,CPU Interactive,Startup,1435
2025-09-20,CPU Interactive,Research/Academic,1735
2025-09-21,GPU Training,Enterprise,21176
2025-09-21,GPU Training,Mid-Market,7420
2025-09-21,GPU Training,Startup,4191
2025-09-21,GPU Training,Research/Academic,3404
2025-09-21,GPU Inference,Enterprise,15705
2025-09-21,GPU Inference,Mid-Market,9097
2025-09-21,GPU Inference,Startup,6618
2025-09-21,GPU Inference,Research/Academic,1175
2025-09-21,CPU Batch,Enterprise,5126
2025-09-21,CPU Batch,Mid-Market,2598
2025-09-21,CPU Batch,Startup,818
2025-09-21,CPU Batch,Research/Academic,1112
2025-09-21,CPU Interactive,Enterprise,3079
2025-09-21,CPU Interactive,Mid-Market,1827
2025-09-21,CPU Interactive,Startup,1125
2025-09-21,CPU Interactive,Research/Academic,1919
2025-09-22,GPU Training,Enterprise,27340
2025-09-22,GPU Training,Mid-Market,9711
2025-09-22,GPU Training,Startup,4854
2025-09-22,GPU Training,Research/Academic,4857
2025-09-22,GPU Inference,Enterprise,25095
2025-09-22,GPU Inference,Mid-Market,12323
2025-09-22,GPU Inference,Startup,13129
2025-09-22,GPU Inference,Research/Academic,1811
2025-09-22,CPU Batch,Enterprise,8933
2025-09-22,CPU Batch,Mid-Market,4964
2025-09-22,CPU Batch,Startup,1424
2025-09-22,CPU Batch,Research/Academic,2277
2025-09-22,CPU Interactive,Enterprise,5941
2025-09-22,CPU Interactive,Mid-Market,3318
2025-09-22,CPU Interactive,Startup,2393
2025-09-22,CPU Interactive,Research/Academic,3831
2025-09-23,GPU Training,Enterprise,31004
2025-09-23,GPU Training,Mid-Market,12124
2025-09-23,GPU Training,Startup,5221
2025-09-23,GPU Training,Research/Academic,4409
2025-09-23,GPU Inference,Enterprise,25940
2025-09-23,GPU Inference,Mid-Market,13495
2025-09-23,GPU Inference,Startup,14913
2025-09-23,GPU Inference,Research/Academic,1928
2025-09-23,CPU Batch,Enterprise,8921
2025-09-23,CPU Batch,Mid-Market,5054
2025-09-23,CPU Batch,Startup,1162
2025-09-23,CPU Batch,Research/Academic,1943
2025-09-23,CPU Interactive,Enterprise,6582
2025-09-23,CPU Interactive,Mid-Market,3719
2025-09-23,CPU Interactive,Startup,2485
2025-09-23,CPU Interactive,Research/Academic,3281
2025-09-24,GPU Training,Enterprise,30521
2025-09-24,GPU Training,Mid-Market,11797
2025-09-24,GPU Training,Startup,5867
2025-09-24,GPU Training,Research/Academic,5024
2025-09-24,GPU Inference,Enterprise,26668
2025-09-24,GPU Inference,Mid-Market,15401
2025-09-24,GPU Inference,Startup,12534
2025-09-24,GPU Inference,Research/Academic,1947
2025-09-24,CPU Batch,Enterprise,8931
2025-09-24,CPU Batch,Mid-Market,4844
2025-09-24,CPU Batch,Startup,1828
2025-09-24,CPU Batch,Research/Academic,1981
2025-09-24,CPU Interactive,Enterprise,6816
2025-09-24,CPU Interactive,Mid-Market,4201
2025-09-24,CPU Interactive,Startup,2615
2025-09-24,CPU Interactive,Research/Academic,3664
2025-09-25,GPU Training,Enterprise,29544
2025-09-25,GPU Training,Mid-Market,12717
2025-09-25,GPU Training,Startup,5618
2025-09-25,GPU Training,Research/Academic,5455
2025-09-25,GPU Inference,Enterprise,26505
2025-09-25,GPU Inference,Mid-Market,14406
2025-09-25,GPU Inference,Startup,15227
2025-09-25,GPU Inference,Research/Academic,2052
2025-09-25,CPU Batch,Enterprise,10100
2025-09-25,CPU Batch,Mid-Market,4836
2025-09-25,CPU Batch,Startup,1507
2025-09-25,CPU Batch,Research/Academic,2319
2025-09-25,CPU Interactive,Enterprise,6898
2025-09-25,CPU Interactive,Mid-Market,3608
2025-09-25,CPU Interactive,Startup,2585
2025-09-25,CPU Interactive,Research/Academic,3925
2025-09-26,GPU Training,Enterprise,27109
2025-09-26,GPU Training,Mid-Market,11582
2025-09-26,GPU Training,Startup,6140
2025-09-26,GPU Training,Research/Academic,5472
2025-09-26,GPU Inference,Enterprise,27517
2025-09-26,GPU Inference,Mid-Market,14406
2025-09-26,GPU Inference,Startup,14479
2025-09-26,GPU Inference,Research/Academic,2016
2025-09-26,CPU Batch,Enterprise,8805
2025-09-26,CPU Batch,Mid-Market,4424
2025-09-26,CPU Batch,Startup,1327
2025-09-26,CPU Batch,Research/Academic,1930
2025-09-26,CPU Interactive,Enterprise,6742
2025-09-26,CPU Interactive,Mid-Market,3184
2025-09-26,CPU Interactive,Startup,2531
2025-09-26,CPU Interactive,Research/Academic,3366
2025-09-27,GPU Training,Enterprise,22532
2025-09-27,GPU Training,Mid-Market,9492
2025-09-27,GPU Training,Startup,4496
2025-09-27,GPU Training,Research/Academic,3300
2025-09-27,GPU Inference,Enterprise,17172
2025-09-27,GPU Inference,Mid-Market,10315
2025-09-27,GPU Inference,Startup,7761
2025-09-27,GPU Inference,Research/Academic,1448
2025-09-27,CPU Batch,Enterprise,6325
2025-09-27,CPU Batch,Mid-Market,2869
2025-09-27,CPU Batch,Startup,1013
2025-09-27,CPU Batch,Research/Academic,1431
2025-09-27,CPU Interactive,Enterprise,3853
2025-09-27,CPU Interactive,Mid-Market,1764
2025-09-27,CPU Interactive,Startup,1296
2025-09-27,CPU Interactive,Research/Academic,1675
2025-09-28,GPU Training,Enterprise,21118
2025-09-28,GPU Training,Mid-Market,8182
2025-09-28,GPU Training,Startup,2986
2025-09-28,GPU Training,Research/Academic,3249
2025-09-28,GPU Inference,Enterprise,17234
2025-09-28,GPU Inference,Mid-Market,8980
2025-09-28,GPU Inference,Startup,7930
2025-09-28,GPU Inference,Research/Academic,1185
2025-09-28,CPU Batch,Enterprise,4915
2025-09-28,CPU Batch,Mid-Market,2738
2025-09-28,CPU Batch,Startup,818
2025-09-28,CPU Batch,Research/Academic,1162
2025-09-28,CPU Interactive,Enterprise,3281
2025-09-28,CPU Interactive,Mid-Market,1773
2025-09-28,CPU Interactive,Startup,1413
2025-09-28,CPU Interactive,Research/Academic,1552
2025-09-29,GPU Training,Enterprise,26044
2025-09-29,GPU Training,Mid-Market,10967
2025-09-29,GPU Training,Startup,5594
2025-09-29,GPU Training,Research/Academic,4619
2025-09-29,GPU Inference,Enterprise,24438
2025-09-29,GPU Inference,Mid-Market,15521
2025-09-29,GPU Inference,Startup,13079
2025-09-29,GPU Inference,Research/Academic,1834
2025-09-29,CPU Batch,Enterprise,8400
2025-09-29,CPU Batch,Mid-Market,5026
2025-09-29,CPU Batch,Startup,1211
2025-09-29,CPU Batch,Research/Academic,2254
2025-09-29,CPU Interactive,Enterprise,6229
2025-09-29,CPU Interactive,Mid-Market,3978
2025-09-29,CPU Interactive,Startup,2426
2025-09-29,CPU Interactive,Research/Academic,3631
2025-09-30,GPU Training,Enterprise,28153
2025-09-30,GPU Training,Mid-Market,11162
2025-09-30,GPU Training,Startup,6379
2025-09-30,GPU Training,Research/Academic,4916
2025-09-30,GPU Inference,Enterprise,28237
2025-09-30,GPU Inference,Mid-Market,13914
2025-09-30,GPU Inference,Startup,12764
2025-09-30,GPU Inference,Research/Academic,2179
2025-09-30,CPU Batch,Enterprise,8729
2025-09-30,CPU Batch,Mid-Market,4996
2025-09-30,CPU Batch,Startup,1387
2025-09-30,CPU Batch,Research/Academic,1969
2025-09-30,CPU Interactive,Enterprise,6921
2025-09-30,CPU Interactive,Mid-Market,3606
2025-09-30,CPU Interactive,Startup,2598
2025-09-30,CPU Interactive,Research/Academic,3497
2025-10-01,GPU Training,Enterprise,27493
2025-10-01,GPU Training,Mid-Market,11852
2025-10-01,GPU Training,Startup,6229
2025-10-01,GPU Training,Research/Academic,4541
2025-10-01,GPU Inference,Enterprise,24512
2025-10-01,GPU Inference,Mid-Market,12715
2025-10-01,GPU Inference,Startup,14988
2025-10-01,GPU Inference,Research/Academic,1700
2025-10-01,CPU Batch,Enterprise,8429
2025-10-01,CPU Batch,Mid-Market,4601
2025-10-01,CPU Batch,Startup,1282
2025-10-01,CPU Batch,Research/Academic,1670
2025-10-01,CPU Interactive,Enterprise,6299
2025-10-01,CPU Interactive,Mid-Market,3456
2025-10-01,CPU Interactive,Startup,2320
2025-10-01,CPU Interactive,Research/Academic,3621
2025-10-02,GPU Training,Enterprise,27615
2025-10-02,GPU Training,Mid-Market,10244
2025-10-02,GPU Training,Startup,5596
2025-10-02,GPU Training,Research/Academic,4682
2025-10-02,GPU Inference,Enterprise,24953
2025-10-02,GPU Inference,Mid-Market,14368
2025-10-02,GPU Inference,Startup,10173
2025-10-02,GPU Inference,Research/Academic,2025
2025-10-02,CPU Batch,Enterprise,8390
2025-10-02,CPU Batch,Mid-Market,4472
2025-10-02,CPU Batch,Startup,1225
2025-10-02,CPU Batch,Research/Academic,1640
2025-10-02,CPU Interactive,Enterprise,6246
2025-10-02,CPU Interactive,Mid-Market,3498
2025-10-02,CPU Interactive,Startup,2786
2025-10-02,CPU Interactive,Research/Academic,3096
2025-10-03,GPU Training,Enterprise,24803
2025-10-03,GPU Training,Mid-Market,9526
2025-10-03,GPU Training,Startup,5042
2025-10-03,GPU Training,Research/Academic,4122
2025-10-03,GPU Inference,Enterprise,24031
2025-10-03,GPU Inference,Mid-Market,13848
2025-10-03,GPU Inference,Startup,13154
2025-10-03,GPU Inference,Research/Academic,2065
2025-10-03,CPU Batch,Enterprise,7649
2025-10-03,CPU Batch,Mid-Market,4111
2025-10-03,CPU Batch,Startup,1409
2025-10-03,CPU Batch,Research/Academic,1697
2025-10-03,CPU Interactive,Enterprise,6312
2025-10-03,CPU Interactive,Mid-Market,3420
2025-10-03,CPU Interactive,Startup,2867
2025-10-03,CPU Interactive,Research/Academic,3319
2025-10-04,GPU Training,Enterprise,20991
2025-10-04,GPU Training,Mid-Market,7522
2025-10-04,GPU Training,Startup,3981
2025-10-04,GPU Training,Research/Academic,3152
2025-10-04,GPU Inference,Enterprise,15915
2025-10-04,GPU Inference,Mid-Market,9997
2025-10-04,GPU Inference,Startup,8672
2025-10-04,GPU Inference,Research/Academic,1197
2025-10-04,CPU Batch,Enterprise,5735
2025-10-04,CPU Batch,Mid-Market,2785
2025-10-04,CPU Batch,Startup,693
2025-10-04,CPU Batch,Research/Academic,1272
2025-10-04,CPU Interactive,Enterprise,3202
2025-10-04,CPU Interactive,Mid-Market,1837
2025-10-04,CPU Interactive,Startup,1344
2025-10-04,CPU Interactive,Research/Academic,1740
2025-10-05,GPU Training,Enterprise,19526
2025-10-05,GPU Training,Mid-Market,7566
2025-10-05,GPU Training,Startup,4038
2025-10-05,GPU Training,Research/Academic,2843
2025-10-05,GPU Inference,Enterprise,15458
2025-10-05,GPU Inference,Mid-Market,7337
2025-10-05,GPU Inference,Startup,8652
2025-10-05,GPU Inference,Research/Academic,993
2025-10-05,CPU Batch,Enterprise,4602
2025-10-05,CPU Batch,Mid-Market,2276
2025-10-05,CPU Batch,Startup,679
2025-10-05,CPU Batch,Research/Academic,1007
2025-10-05,CPU Interactive,Enterprise,2846
2025-10-05,CPU Interactive,Mid-Market,1741
2025-10-05,CPU Interactive,Startup,1162
2025-10-05,CPU Interactive,Research/Academic,1402
2025-10-06,GPU Training,Enterprise,25049
2025-10-06,GPU Training,Mid-Market,10559
2025-10-06,GPU Training,Startup,5628
2025-10-06,GPU Training,Research/Academic,3687
2025-10-06,GPU Inference,Enterprise,22897
2025-10-06,GPU Inference,Mid-Market,12985
2025-10-06,GPU Inference,Startup,11535
2025-10-06,GPU Inference,Research/Academic,1572
2025-10-06,CPU Batch,Enterprise,8177
2025-10-06,CPU Batch,Mid-Market,3988
2025-10-06,CPU Batch,Startup,1474
2025-10-06,CPU Batch,Research/Academic,1784
2025-10-06,CPU Interactive,Enterprise,5558
2025-10-06,CPU Interactive,Mid-Market,3098
2025-10-06,CPU Interactive,Startup,2120
2025-10-06,CPU Interactive,Research/Academic,2947
2025-10-07,GPU Training,Enterprise,26246
2025-10-07,GPU Training,Mid-Market,9403
2025-10-07,GPU Training,Startup,4488
2025-10-07,GPU Training,Research/Academic,4432
2025-10-07,GPU Inference,Enterprise,25017
2025-10-07,GPU Inference,Mid-Market,13305
2025-10-07,GPU Inference,Startup,12015
2025-10-07,GPU Inference,Research/Academic,1709
2025-10-07,CPU Batch,Enterprise,8232
2025-10-07,CPU Batch,Mid-Market,5221
2025-10-07,CPU Batch,Startup,1494
2025-10-07,CPU Batch,Research/Academic,1720
2025-10-07,CPU Interactive,Enterprise,6153
2025-10-07,CPU Interactive,Mid-Market,2844
2025-10-07,CPU Interactive,Startup,2782
2025-10-07,CPU Interactive,Research/Academic,3347
2025-10-08,GPU Training,Enterprise,27143
2025-10-08,GPU Training,Mid-Market,9664
2025-10-08,GPU Training,Startup,4844
2025-10-08,GPU Training,Research/Academic,4606
2025-10-08,GPU Inference,Enterprise,25376
2025-10-08,GPU Inference,Mid-Market,14278
2025-10-08,GPU Inference,Startup,12111
2025-10-08,GPU Inference,Research/Academic,1997
2025-10-08,CPU Batch,Enterprise,8532
2025-10-08,CPU Batch,Mid-Market,4766
2025-10-08,CPU Batch,Startup,1039
2025-10-08,CPU Batch,Research/Academic,1640
2025-10-08,CPU Interactive,Enterprise,6424
2025-10-08,CPU Interactive,Mid-Market,3888
2025-10-08,CPU Interactive,Startup,3182
2025-10-08,CPU Interactive,Research/Academic,3217
2025-10-09,GPU Training,Enterprise,27089
2025-10-09,GPU Training,Mid-Market,9325
2025-10-09,GPU Training,Startup,6180
2025-10-09,GPU Training,Research/Academic,4255
2025-10-09,GPU Inference,Enterprise,28698
2025-10-09,GPU Inference,Mid-Market,12936
2025-10-09,GPU Inference,Startup,15461
2025-10-09,GPU Inference,Research/Academic,1963
2025-10-09,CPU Batch,Enterprise,8070
2025-10-09,CPU Batch,Mid-Market,4572
2025-10-09,CPU Batch,Startup,1466
2025-10-09,CPU Batch,Research/Academic,1778
2025-10-09,CPU Interactive,Enterprise,6924
2025-10-09,CPU Interactive,Mid-Market,3921
2025-10-09,CPU Interactive,Startup,2803
2025-10-09,CPU Interactive,Research/Academic,3343
2025-10-10,GPU Training,Enterprise,25299
2025-10-10,GPU Training,Mid-Market,10161
2025-10-10,GPU Training,Startup,5438
2025-10-10,GPU Training,Research/Academic,3653
2025-10-10,GPU Inference,Enterprise,24507
2025-10-10,GPU Inference,Mid-Market,12923
2025-10-10,GPU Inference,Startup,9822
2025-10-10,GPU Inference,Research/Academic,1717
2025-10-10,CPU Batch,Enterprise,8077
2025-10-10,CPU Batch,Mid-Market,5008
2025-10-10,CPU Batch,Startup,1335
2025-10-10,CPU Batch,Research/Academic,1913
2025-10-10,CPU Interactive,Enterprise,6087
2025-10-10,CPU Interactive,Mid-Market,2967
2025-10-10,CPU Interactive,Startup,2584
2025-10-10,CPU Interactive,Research/Academic,2900
2025-10-11,GPU Training,Enterprise,19947
2025-10-11,GPU Training,Mid-Market,7237
2025-10-11,GPU Training,Startup,4097
2025-10-11,GPU Training,Research/Academic,3523
2025-10-11,GPU Inference,Enterprise,17682
2025-10-11,GPU Inference,Mid-Market,10177
2025-10-11,GPU Inference,Startup,9889
2025-10-11,GPU Inference,Research/Academic,1047
2025-10-11,CPU Batch,Enterprise,5199
2025-10-11,CPU Batch,Mid-Market,2571
2025-10-11,CPU Batch,Startup,935
2025-10-11,CPU Batch,Research/Academic,1111
2025-10-11,CPU Interactive,Enterprise,3314
2025-10-11,CPU Interactive,Mid-Market,1842
2025-10-11,CPU Interactive,Startup,1380
2025-10-11,CPU Interactive,Research/Academic,1500
2025-10-12,GPU Training,Enterprise,18035
2025-10-12,GPU Training,Mid-Market,7311
2025-10-12,GPU Training,Startup,4402
2025-10-12,GPU Training,Research/Academic,3027
2025-10-12,GPU Inference,Enterprise,14915
2025-10-12,GPU Inference,Mid-Market,7084
2025-10-12,GPU Inference,Startup,8150
2025-10-12,GPU Inference,Research/Academic,1050
2025-10-12,CPU Batch,Enterprise,4466
2025-10-12,CPU Batch,Mid-Market,2219
2025-10-12,CPU Batch,Startup,626
2025-10-12,CPU Batch,Research/Academic,932
2025-10-12,CPU Interactive,Enterprise,2887
2025-10-12,CPU Interactive,Mid-Market,1482
2025-10-12,CPU Interactive,Startup,1163
2025-10-12,CPU Interactive,Research/Academic,1428
2025-10-13,GPU Training,Enterprise,15212
2025-10-13,GPU Training,Mid-Market,5195
2025-10-13,GPU Training,Startup,3892
2025-10-13,GPU Training,Research/Academic,2051
2025-10-13,GPU Inference,Enterprise,12514
2025-10-13,GPU Inference,Mid-Market,7662
2025-10-13,GPU Inference,Startup,9217
2025-10-13,GPU Inference,Research/Academic,864
2025-10-13,CPU Batch,Enterprise,4622
2025-10-13,CPU Batch,Mid-Market,2192
2025-10-13,CPU Batch,Startup,857
2025-10-13,CPU Batch,Research/Academic,963
2025-10-13,CPU Interactive,Enterprise,3327
2025-10-13,CPU Interactive,Mid-Market,2011
2025-10-13,CPU Interactive,Startup,1979
2025-10-13,CPU Interactive,Research/Academic,1249
2025-10-14,GPU Training,Enterprise,27449
2025-10-14,GPU Training,Mid-Market,11045
2025-10-14,GPU Training,Startup,4944
2025-10-14,GPU Training,Research/Academic,5244
2025-10-14,GPU Inference,Enterprise,25120
2025-10-14,GPU Inference,Mid-Market,11440
2025-10-14,GPU Inference,Startup,12340
2025-10-14,GPU Inference,Research/Academic,1700
2025-10-14,CPU Batch,Enterprise,8578
2025-10-14,CPU Batch,Mid-Market,4553
2025-10-14,CPU Batch,Startup,1212
2025-10-14,CPU Batch,Research/Academic,1986
2025-10-14,CPU Interactive,Enterprise,6543
2025-10-14,CPU Interactive,Mid-Market,3291
2025-10-14,CPU Interactive,Startup,2415
2025-10-14,CPU Interactive,Research/Academic,3279
2025-10-15,GPU Training,Enterprise,27472
2025-10-15,GPU Training,Mid-Market,10501
2025-10-15,GPU Training,Startup,5637
2025-10-15,GPU Training,Research/Academic,4089
2025-10-15,GPU Inference,Enterprise,23471
2025-10-15,GPU Inference,Mid-Market,13971
2025-10-15,GPU Inference,Startup,9569
2025-10-15,GPU Inference,Research/Academic,1712
2025-10-15,CPU Batch,Enterprise,7847
2025-10-15,CPU Batch,Mid-Market,4017
2025-10-15,CPU Batch,Startup,1410
2025-10-15,CPU Batch,Research/Academic,1780
2025-10-15,CPU Interactive,Enterprise,6470
2025-10-15,CPU Interactive,Mid-Market,3300
2025-10-15,CPU Interactive,Startup,2359
2025-10-15,CPU Interactive,Research/Academic,3363
2025-10-16,GPU Training,Enterprise,27836
2025-10-16,GPU Training,Mid-Market,11397
2025-10-16,GPU Training,Startup,6309
2025-10-16,GPU Training,Research/Academic,4365
2025-10-16,GPU Inference,Enterprise,23857
2025-10-16,GPU Inference,Mid-Market,13049
2025-10-16,GPU Inference,Startup,12030
2025-10-16,GPU Inference,Research/Academic,1742
2025-10-16,CPU Batch,Enterprise,8078
2025-10-16,CPU Batch,Mid-Market,4532
2025-10-16,CPU Batch,Startup,1795
2025-10-16,CPU Batch,Research/Academic,1743
2025-10-16,CPU Interactive,Enterprise,6715
2025-10-16,CPU Interactive,Mid-Market,3391
2025-10-16,CPU Interactive,Startup,3045
2025-10-16,CPU Interactive,Research/Academic,3594
2025-10-17,GPU Training,Enterprise,27517
2025-10-17,GPU Training,Mid-Market,11306
2025-10-17,GPU Training,Startup,5102
2025-10-17,GPU Training,Research/Academic,4151
2025-10-17,GPU Inference,Enterprise,26266
2025-10-17,GPU Inference,Mid-Market,13735
2025-10-17,GPU Inference,Startup,8911
2025-10-17,GPU Inference,Research/Academic,1834
2025-10-17,CPU Batch,Enterprise,8006
2025-10-17,CPU Batch,Mid-Market,4671
2025-10-17,CPU Batch,Startup,1370
2025-10-17,CPU Batch,Research/Academic,1533
2025-10-17,CPU Interactive,Enterprise,6200
2025-10-17,CPU Interactive,Mid-Market,3446
2025-10-17,CPU Interactive,Startup,2503
2025-10-17,CPU Interactive,Research/Academic,3204
2025-10-18,GPU Training,Enterprise,21567
2025-10-18,GPU Training,Mid-Market,8069
2025-10-18,GPU Training,Startup,4108
2025-10-18,GPU Training,Research/Academic,3552
2025-10-18,GPU Inference,Enterprise,18777
2025-10-18,GPU Inference,Mid-Market,9807
2025-10-18,GPU Inference,Startup,8350
2025-10-18,GPU Inference,Research/Academic,1280
2025-10-18,CPU Batch,Enterprise,5520
2025-10-18,CPU Batch,Mid-Market,2929
2025-10-18,CPU Batch,Startup,1128
2025-10-18,CPU Batch,Research/Academic,1106
2025-10-18,CPU Interactive,Enterprise,3550
2025-10-18,CPU Interactive,Mid-Market,1860
2025-10-18,CPU Interactive,Startup,1109
2025-10-18,CPU Interactive,Research/Academic,1665
2025-10-19,GPU Training,Enterprise,18646
2025-10-19,GPU Training,Mid-Market,7659
2025-10-19,GPU Training,Startup,3887
2025-10-19,GPU Training,Research/Academic,2800
2025-10-19,GPU Inference,Enterprise,16454
2025-10-19,GPU Inference,Mid-Market,8975
2025-10-19,GPU Inference,Startup,8912
2025-10-19,GPU Inference,Research/Academic,1138
2025-10-19,CPU Batch,Enterprise,4678
2025-10-19,CPU Batch,Mid-Market,2635
2025-10-19,CPU Batch,Startup,696
2025-10-19,CPU Batch,Research/Academic,1018
2025-10-19,CPU Interactive,Enterprise,2903
2025-10-19,CPU Interactive,Mid-Market,1461
2025-10-19,CPU Interactive,Startup,1160
2025-10-19,CPU Interactive,Research/Academic,1407
2025-10-20,GPU Training,Enterprise,25183
2025-10-20,GPU Training,Mid-Market,10069
2025-10-20,GPU Training,Startup,5980
2025-10-20,GPU Training,Research/Academic,3787
2025-10-20,GPU Inference,Enterprise,23574
2025-10-20,GPU Inference,Mid-Market,12144
2025-10-20,GPU Inference,Startup,10280
2025-10-20,GPU Inference,Research/Academic,1639
2025-10-20,CPU Batch,Enterprise,7904
2025-10-20,CPU Batch,Mid-Market,4444
2025-10-20,CPU Batch,Startup,1319
2025-10-20,CPU Batch,Research/Academic,1573
2025-10-20,CPU Interactive,Enterprise,6160
2025-10-20,CPU Interactive,Mid-Market,3461
2025-10-20,CPU Interactive,Startup,2053
2025-10-20,CPU Interactive,Research/Academic,3215
2025-10-21,GPU Training,Enterprise,27070
2025-10-21,GPU Training,Mid-Market,10204
2025-10-21,GPU Training,Startup,5633
2025-10-21,GPU Training,Research/Academic,4248
2025-10-21,GPU Inference,Enterprise,25669
2025-10-21,GPU Inference,Mid-Market,13649
2025-10-21,GPU Inference,Startup,11473
2025-10-21,GPU Inference,Research/Academic,1536
2025-10-21,CPU Batch,Enterprise,8378
2025-10-21,CPU Batch,Mid-Market,4279
2025-10-21,CPU Batch,Startup,1435
2025-10-21,CPU Batch,Research/Academic,1832
2025-10-21,CPU Interactive,Enterprise,6232
2025-10-21,CPU Interactive,Mid-Market,3760
2025-10-21,CPU Interactive,Startup,2534
2025-10-21,CPU Interactive,Research/Academic,3191
2025-10-22,GPU Training,Enterprise,27856
2025-10-22,GPU Training,Mid-Market,12170
2025-10-22,GPU Training,Startup,5195
2025-10-22,GPU Training,Research/Academic,4347
2025-10-22,GPU Inference,Enterprise,24613
2025-10-22,GPU Inference,Mid-Market,14600
2025-10-22,GPU Inference,Startup,11481
2025-10-22,GPU Inference,Research/Academic,1790
2025-10-22,CPU Batch,Enterprise,8267
2025-10-22,CPU Batch,Mid-Market,4540
2025-10-22,CPU Batch,Startup,1157
2025-10-22,CPU Batch,Research/Academic,1515
2025-10-22,CPU Interactive,Enterprise,6678
2025-10-22,CPU Interactive,Mid-Market,3133
2025-10-22,CPU Interactive,Startup,2842
2025-10-22,CPU Interactive,Research/Academic,3700
2025-10-23,GPU Training,Enterprise,27846
2025-10-23,GPU Training,Mid-Market,11858
2025-10-23,GPU Training,Startup,5650
2025-10-23,GPU Training,Research/Academic,5070
2025-10-23,GPU Inference,Enterprise,25422
2025-10-23,GPU Inference,Mid-Market,11775
2025-10-23,GPU Inference,Startup,12218
2025-10-23,GPU Inference,Research/Academic,2131
2025-10-23,CPU Batch,Enterprise,8625
2025-10-23,CPU Batch,Mid-Market,4361
2025-10-23,CPU Batch,Startup,1400
2025-10-23,CPU Batch,Research/Academic,1960
2025-10-23,CPU Interactive,Enterprise,6712
2025-10-23,CPU Interactive,Mid-Market,4484
2025-10-23,CPU Interactive,Startup,2477
2025-10-23,CPU Interactive,Research/Academic,3634
2025-10-24,GPU Training,Enterprise,27602
2025-10-24,GPU Training,Mid-Market,9849
2025-10-24,GPU Training,Startup,5147
2025-10-24,GPU Training,Research/Academic,4621
2025-10-24,GPU Inference,Enterprise,24862
2025-10-24,GPU Inference,Mid-Market,13589
2025-10-24,GPU Inference,Startup,9686
2025-10-24,GPU Inference,Research/Academic,1869
2025-10-24,CPU Batch,Enterprise,8305
2025-10-24,CPU Batch,Mid-Market,4378
2025-10-24,CPU Batch,Startup,1367
2025-10-24,CPU Batch,Research/Academic,1706
2025-10-24,CPU Interactive,Enterprise,6008
2025-10-24,CPU Interactive,Mid-Market,3351
2025-10-24,CPU Interactive,Startup,2278
2025-10-24,CPU Interactive,Research/Academic,3647
2025-10-25,GPU Training,Enterprise,21171
2025-10-25,GPU Training,Mid-Market,7371
2025-10-25,GPU Training,Startup,5275
2025-10-25,GPU Training,Research/Academic,3136
2025-10-25,GPU Inference,Enterprise,17318
2025-10-25,GPU Inference,Mid-Market,9892
2025-10-25,GPU Inference,Startup,6517
2025-10-25,GPU Inference,Research/Academic,1217
2025-10-25,CPU Batch,Enterprise,5351
2025-10-25,CPU Batch,Mid-Market,2975
2025-10-25,CPU Batch,Startup,912
2025-10-25,CPU Batch,Research/Academic,1168
2025-10-25,CPU Interactive,Enterprise,3383
2025-10-25,CPU Interactive,Mid-Market,2030
2025-10-25,CPU Interactive,Startup,1381
2025-10-25,CPU Interactive,Research/Academic,1698
2025-10-26,GPU Training,Enterprise,19264
2025-10-26,GPU Training,Mid-Market,8417
2025-10-26,GPU Training,Startup,3959
2025-10-26,GPU Training,Research/Academic,2921
2025-10-26,GPU Inference,Enterprise,14484
2025-10-26,GPU Inference,Mid-Market,7596
2025-10-26,GPU Inference,Startup,7060
2025-10-26,GPU Inference,Research/Academic,1110
2025-10-26,CPU Batch,Enterprise,4591
2025-10-26,CPU Batch,Mid-Market,2577
2025-10-26,CPU Batch,Startup,699
2025-10-26,CPU Batch,Research/Academic,937
2025-10-26,CPU Interactive,Enterprise,3005
2025-10-26,CPU Interactive,Mid-Market,1788
2025-10-26,CPU Interactive,Startup,1006
2025-10-26,CPU Interactive,Research/Academic,1488
2025-10-27,GPU Training,Enterprise,23677
2025-10-27,GPU Training,Mid-Market,8909
2025-10-27,GPU Training,Startup,4823
2025-10-27,GPU Training,Research/Academic,4446
2025-10-27,GPU Inference,Enterprise,23339
2025-10-27,GPU Inference,Mid-Market,12221
2025-10-27,GPU Inference,Startup,11560
2025-10-27,GPU Inference,Research/Academic,1729
2025-10-27,CPU Batch,Enterprise,7735
2025-10-27,CPU Batch,Mid-Market,4914
2025-10-27,CPU Batch,Startup,1233
2025-10-27,CPU Batch,Research/Academic,1729
2025-10-27,CPU Interactive,Enterprise,5773
2025-10-27,CPU Interactive,Mid-Market,3353
2025-10-27,CPU Interactive,Startup,2666
2025-10-27,CPU Interactive,Research/Academic,3334
2025-10-28,GPU Training,Enterprise,26041
2025-10-28,GPU Training,Mid-Market,11212
2025-10-28,GPU Training,Startup,5813
2025-10-28,GPU Training,Research/Academic,4609
2025-10-28,GPU Inference,Enterprise,25217
2025-10-28,GPU Inference,Mid-Market,13428
2025-10-28,GPU Inference,Startup,13547
2025-10-28,GPU Inference,Research/Academic,1955
2025-10-28,CPU Batch,Enterprise,8750
2025-10-28,CPU Batch,Mid-Market,4465
2025-10-28,CPU Batch,Startup,1294
2025-10-28,CPU Batch,Research/Academic,1449
2025-10-28,CPU Interactive,Enterprise,5943
2025-10-28,CPU Interactive,Mid-Market,3418
2025-10-28,CPU Interactive,Startup,2177
2025-10-28,CPU Interactive,Research/Academic,3365
2025-10-29,GPU Training,Enterprise,26709
2025-10-29,GPU Training,Mid-Market,10510
2025-10-29,GPU Training,Startup,5400
2025-10-29,GPU Training,Research/Academic,4920
2025-10-29,GPU Inference,Enterprise,25435
2025-10-29,GPU Inference,Mid-Market,14465
2025-10-29,GPU Inference,Startup,12775
2025-10-29,GPU Inference,Research/Academic,2003
2025-10-29,CPU Batch,Enterprise,8749
2025-10-29,CPU Batch,Mid-Market,4521
2025-10-29,CPU Batch,Startup,1101
2025-10-29,CPU Batch,Research/Academic,1781
2025-10-29,CPU Interactive,Enterprise,6570
2025-10-29,CPU Interactive,Mid-Market,3719
2025-10-29,CPU Interactive,Startup,2360
2025-10-29,CPU Interactive,Research/Academic,3582
2025-10-30,GPU Training,Enterprise,28180
2025-10-30,GPU Training,Mid-Market,10215
2025-10-30,GPU Training,Startup,5409
2025-10-30,GPU Training,Research/Academic,5214
2025-10-30,GPU Inference,Enterprise,26792
2025-10-30,GPU Inference,Mid-Market,15102
2025-10-30,GPU Inference,Startup,11033
2025-10-30,GPU Inference,Research/Academic,1764
2025-10-30,CPU Batch,Enterprise,8231
2025-10-30,CPU Batch,Mid-Market,4592
2025-10-30,CPU Batch,Startup,1322
2025-10-30,CPU Batch,Research/Academic,1745
2025-10-30,CPU Interactive,Enterprise,6657
2025-10-30,CPU Interactive,Mid-Market,3543
2025-10-30,CPU Interactive,Startup,2593
2025-10-30,CPU Interactive,Research/Academic,3671
2025-10-31,GPU Training,Enterprise,25323
2025-10-31,GPU Training,Mid-Market,10664
2025-10-31,GPU Training,Startup,6445
2025-10-31,GPU Training,Research/Academic,4205
2025-10-31,GPU Inference,Enterprise,24388
2025-10-31,GPU Inference,Mid-Market,14299
2025-10-31,GPU Inference,Startup,10615
2025-10-31,GPU Inference,Research/Academic,1775
2025-10-31,CPU Batch,Enterprise,7891
2025-10-31,CPU Batch,Mid-Market,3868
2025-10-31,CPU Batch,Startup,1289
2025-10-31,CPU Batch,Research/Academic,1595
2025-10-31,CPU Interactive,Enterprise,6167
2025-10-31,CPU Interactive,Mid-Market,3699
2025-10-31,CPU Interactive,Startup,3024
2025-10-31,CPU Interactive,Research/Academic,3089
2025-11-01,GPU Training,Enterprise,21158
2025-11-01,GPU Training,Mid-Market,8083
2025-11-01,GPU Training,Startup,3940
2025-11-01,GPU Training,Research/Academic,2761
2025-11-01,GPU Inference,Enterprise,18423
2025-11-01,GPU Inference,Mid-Market,8633
2025-11-01,GPU Inference,Startup,9781
2025-11-01,GPU Inference,Research/Academic,1286
2025-11-01,CPU Batch,Enterprise,5224
2025-11-01,CPU Batch,Mid-Market,2976
2025-11-01,CPU Batch,Startup,1120
2025-11-01,CPU Batch,Research/Academic,1317
2025-11-01,CPU Interactive,Enterprise,3308
2025-11-01,CPU Interactive,Mid-Market,1782
2025-11-01,CPU Interactive,Startup,1341
2025-11-01,CPU Interactive,Research/Academic,1655
2025-11-02,GPU Training,Enterprise,19993
2025-11-02,GPU Training,Mid-Market,7768
2025-11-02,GPU Training,Startup,3161
2025-11-02,GPU Training,Research/Academic,3133
2025-11-02,GPU Inference,Enterprise,15490
2025-11-02,GPU Inference,Mid-Market,8422
2025-11-02,GPU Inference,Startup,7722
2025-11-02,GPU Inference,Research/Academic,1224
2025-11-02,CPU Batch,Enterprise,4843
2025-11-02,CPU Batch,Mid-Market,2369
2025-11-02,CPU Batch,Startup,739
2025-11-02,CPU Batch,Research/Academic,963
2025-11-02,CPU Interactive,Enterprise,2722
2025-11-02,CPU Interactive,Mid-Market,1603
2025-11-02,CPU Interactive,Startup,1427
2025-11-02,CPU Interactive,Research/Academic,1261
2025-11-03,GPU Training,Enterprise,25402
2025-11-03,GPU Training,Mid-Market,9804
2025-11-03,GPU Training,Startup,5351
2025-11-03,GPU Training,Research/Academic,3729
2025-11-03,GPU Inference,Enterprise,22697
2025-11-03,GPU Inference,Mid-Market,11751
2025-11-03,GPU Inference,Startup,13552
2025-11-03,GPU Inference,Research/Academic,1582
2025-11-03,CPU Batch,Enterprise,7763
2025-11-03,CPU Batch,Mid-Market,4919
2025-11-03,CPU Batch,Startup,1158
2025-11-03,CPU Batch,Research/Academic,1745
2025-11-03,CPU Interactive,Enterprise,6080
2025-11-03,CPU Interactive,Mid-Market,3470
2025-11-03,CPU Interactive,Startup,1950
2025-11-03,CPU Interactive,Research/Academic,2733
2025-11-04,GPU Training,Enterprise,27041
2025-11-04,GPU Training,Mid-Market,11840
2025-11-04,GPU Training,Startup,4960
2025-11-04,GPU Training,Research/Academic,4066
2025-11-04,GPU Inference,Enterprise,25685
2025-11-04,GPU Inference,Mid-Market,14210
2025-11-04,GPU Inference,Startup,13186
2025-11-04,GPU Inference,Research/Academic,1680
2025-11-04,CPU Batch,Enterprise,7983
2025-11-04,CPU Batch,Mid-Market,4438
2025-11-04,CPU Batch,Startup,1516
2025-11-04,CPU Batch,Research/Academic,1715
2025-11-04,CPU Interactive,Enterprise,6289
2025-11-04,CPU Interactive,Mid-Market,3251
2025-11-04,CPU Interactive,Startup,3093
2025-11-04,CPU Interactive,Research/Academic,3164
2025-11-05,GPU Training,Enterprise,29241
2025-11-05,GPU Training,Mid-Market,10869
2025-11-05,GPU Training,Startup,5759
2025-11-05,GPU Training,Research/Academic,3931
2025-11-05,GPU Inference,Enterprise,23863
2025-11-05,GPU Inference,Mid-Market,15300
2025-11-05,GPU Inference,Startup,12642
2025-11-05,GPU Inference,Research/Academic,1881
2025-11-05,CPU Batch,Enterprise,7982
2025-11-05,CPU Batch,Mid-Market,4223
2025-11-05,CPU Batch,Startup,1523
2025-11-05,CPU Batch,Research/Academic,2067
2025-11-05,CPU Interactive,Enterprise,6371
2025-11-05,CPU Interactive,Mid-Market,3798
2025-11-05,CPU Interactive,Startup,2626
2025-11-05,CPU Interactive,Research/Academic,3210
2025-11-06,GPU Training,Enterprise,30182
2025-11-06,GPU Training,Mid-Market,10517
2025-11-06,GPU Training,Startup,6624
2025-11-06,GPU Training,Research/Academic,4571
2025-11-06,GPU Inference,Enterprise,26018
2025-11-06,GPU Inference,Mid-Market,15451
2025-11-06,GPU Inference,Startup,12992
2025-11-06,GPU Inference,Research/Academic,1837
2025-11-06,CPU Batch,Enterprise,8869
2025-11-06,CPU Batch,Mid-Market,4911
2025-11-06,CPU Batch,Startup,1550
2025-11-06,CPU Batch,Research/Academic,1318
2025-11-06,CPU Interactive,Enterprise,6828
2025-11-06,CPU Interactive,Mid-Market,3779
2025-11-06,CPU Interactive,Startup,2626
2025-11-06,CPU Interactive,Research/Academic,3495
2025-11-07,GPU Training,Enterprise,27052
2025-11-07,GPU Training,Mid-Market,10876
2025-11-07,GPU Training,Startup,5282
2025-11-07,GPU Training,Research/Academic,4772
2025-11-07,GPU Inference,Enterprise,25645
2025-11-07,GPU Inference,Mid-Market,13924
2025-11-07,GPU Inference,Startup,12722
2025-11-07,GPU Inference,Research/Academic,1937
2025-11-07,CPU Batch,Enterprise,8502
2025-11-07,CPU Batch,Mid-Market,4342
2025-11-07,CPU Batch,Startup,1470
2025-11-07,CPU Batch,Research/Academic,1773
2025-11-07,CPU Interactive,Enterprise,6616
2025-11-07,CPU Interactive,Mid-Market,3673
2025-11-07,CPU Interactive,Startup,2236
2025-11-07,CPU Interactive,Research/Academic,3663
2025-11-08,GPU Training,Enterprise,18765
2025-11-08,GPU Training,Mid-Market,8270
2025-11-08,GPU Training,Startup,3827
2025-11-08,GPU Training,Research/Academic,3750
2025-11-08,GPU Inference,Enterprise,17572
2025-11-08,GPU Inference,Mid-Market,8876
2025-11-08,GPU Inference,Startup,8133
2025-11-08,GPU Inference,Research/Academic,1166
2025-11-08,CPU Batch,Enterprise,5377
2025-11-08,CPU Batch,Mid-Market,2852
2025-11-08,CPU Batch,Startup,795
2025-11-08,CPU Batch,Research/Academic,1191
2025-11-08,CPU Interactive,Enterprise,3440
2025-11-08,CPU Interactive,Mid-Market,1753
2025-11-08,CPU Interactive,Startup,1092
2025-11-08,CPU Interactive,Research/Academic,1722
2025-11-09,GPU Training,Enterprise,19561
2025-11-09,GPU Training,Mid-Market,7811
2025-11-09,GPU Training,Startup,4173
2025-11-09,GPU Training,Research/Academic,3430
2025-11-09,GPU Inference,Enterprise,16361
2025-11-09,GPU Inference,Mid-Market,10234
2025-11-09,GPU Inference,Startup,11019
2025-11-09,GPU Inference,Research/Academic,969
2025-11-09,CPU Batch,Enterprise,4274
2025-11-09,CPU Batch,Mid-Market,2501
2025-11-09,CPU Batch,Startup,793
2025-11-09,CPU Batch,Research/Academic,993
2025-11-09,CPU Interactive,Enterprise,3004
2025-11-09,CPU Interactive,Mid-Market,1591
2025-11-09,CPU Interactive,Startup,1057
2025-11-09,CPU Interactive,Research/Academic,1386
2025-11-10,GPU Training,Enterprise,25346
2025-11-10,GPU Training,Mid-Market,10507
2025-11-10,GPU Training,Startup,4918
2025-11-10,GPU Training,Research/Academic,3942
2025-11-10,GPU Inference,Enterprise,24772
2025-11-10,GPU Inference,Mid-Market,12889
2025-11-10,GPU Inference,Startup,13386
2025-11-10,GPU Inference,Research/Academic,1595
2025-11-10,CPU Batch,Enterprise,7583
2025-11-10,CPU Batch,Mid-Market,4348
2025-11-10,CPU Batch,Startup,1333
2025-11-10,CPU Batch,Research/Academic,1585
2025-11-10,CPU Interactive,Enterprise,6166
2025-11-10,CPU Interactive,Mid-Market,3712
2025-11-10,CPU Interactive,Startup,2133
2025-11-10,CPU Interactive,Research/Academic,3262
2025-11-11,GPU Training,Enterprise,13423
2025-11-11,GPU Training,Mid-Market,6734
2025-11-11,GPU Training,Startup,3709
2025-11-11,GPU Training,Research/Academic,2290
2025-11-11,GPU Inference,Enterprise,13471
2025-11-11,GPU Inference,Mid-Market,8206
2025-11-11,GPU Inference,Startup,8382
2025-11-11,GPU Inference,Research/Academic,886
2025-11-11,CPU Batch,Enterprise,4835
2025-11-11,CPU Batch,Mid-Market,2610
2025-11-11,CPU Batch,Startup,1263
2025-11-11,CPU Batch,Research/Academic,848
2025-11-11,CPU Interactive,Enterprise,3686
2025-11-11,CPU Interactive,Mid-Market,1877
2025-11-11,CPU Interactive,Startup,1801
2025-11-11,CPU Interactive,Research/Academic,1498
2025-11-12,GPU Training,Enterprise,29929
2025-11-12,GPU Training,Mid-Market,11057
2025-11-12,GPU Training,Startup,4475
2025-11-12,GPU Training,Research/Academic,3998
2025-11-12,GPU Inference,Enterprise,25168
2025-11-12,GPU Inference,Mid-Market,15112
2025-11-12,GPU Inference,Startup,13980
2025-11-12,GPU Inference,Research/Academic,1811
2025-11-12,CPU Batch,Enterprise,8224
2025-11-12,CPU Batch,Mid-Market,4742
2025-11-12,CPU Batch,Startup,1175
2025-11-12,CPU Batch,Research/Academic,1866
2025-11-12,CPU Interactive,Enterprise,6648
2025-11-12,CPU Interactive,Mid-Market,3568
2025-11-12,CPU Interactive,Startup,2706
2025-11-12,CPU Interactive,Research/Academic,3271
2025-11-13,GPU Training,Enterprise,28729
2025-11-13,GPU Training,Mid-Market,9950
2025-11-13,GPU Training,Startup,6196
2025-11-13,GPU Training,Research/Academic,4821
2025-11-13,GPU Inference,Enterprise,26576
2025-11-13,GPU Inference,Mid-Market,14785
2025-11-13,GPU Inference,Startup,12550
2025-11-13,GPU Inference,Research/Academic,1993
2025-11-13,CPU Batch,Enterprise,8431
2025-11-13,CPU Batch,Mid-Market,4163
2025-11-13,CPU Batch,Startup,1485
2025-11-13,CPU Batch,Research/Academic,1579
2025-11-13,CPU Interactive,Enterprise,6805
2025-11-13,CPU Interactive,Mid-Market,3638
2025-11-13,CPU Interactive,Startup,2512
2025-11-13,CPU Interactive,Research/Academic,3378
2025-11-14,GPU Training,Enterprise,26149
2025-11-14,GPU Training,Mid-Market,10818
2025-11-14,GPU Training,Startup,5539
2025-11-14,GPU Training,Research/Academic,4036
2025-11-14,GPU Inference,Enterprise,26427
2025-11-14,GPU Inference,Mid-Market,13734
2025-11-14,GPU Inference,Startup,13107
2025-11-14,GPU Inference,Research/Academic,1983
2025-11-14,CPU Batch,Enterprise,8649
2025-11-14,CPU Batch,Mid-Market,4569
2025-11-14,CPU Batch,Startup,1263
2025-11-14,CPU Batch,Research/Academic,1560
2025-11-14,CPU Interactive,Enterprise,6197
2025-11-14,CPU Interactive,Mid-Market,3686
2025-11-14,CPU Interactive,Startup,2527
2025-11-14,CPU Interactive,Research/Academic,2310
2025-11-15,GPU Training,Enterprise,21237
2025-11-15,GPU Training,Mid-Market,8495
2025-11-15,GPU Training,Startup,4047
2025-11-15,GPU Training,Research/Academic,3497
2025-11-15,GPU Inference,Enterprise,17976
2025-11-15,GPU Inference,Mid-Market,9033
2025-11-15,GPU Inference,Startup,9913
2025-11-15,GPU Inference,Research/Academic,1119
2025-11-15,CPU Batch,Enterprise,5441
2025-11-15,CPU Batch,Mid-Market,2894
2025-11-15,CPU Batch,Startup,791
2025-11-15,CPU Batch,Research/Academic,1195
2025-11-15,CPU Interactive,Enterprise,3579
2025-11-15,CPU Interactive,Mid-Market,2059
2025-11-15,CPU Interactive,Startup,1460
2025-11-15,CPU Interactive,Research/Academic,1468
2025-11-16,GPU Training,Enterprise,18240
2025-11-16,GPU Training,Mid-Market,7556
2025-11-16,GPU Training,Startup,3923
2025-11-16,GPU Training,Research/Academic,2912
2025-11-16,GPU Inference,Enterprise,17097
2025-11-16,GPU Inference,Mid-Market,8631
2025-11-16,GPU Inference,Startup,8216
2025-11-16,GPU Inference,Research/Academic,1210
2025-11-16,CPU Batch,Enterprise,4686
2025-11-16,CPU Batch,Mid-Market,3008
2025-11-16,CPU Batch,Startup,669
2025-11-16,CPU Batch,Research/Academic,953
2025-11-16,CPU Interactive,Enterprise,2821
2025-11-16,CPU Interactive,Mid-Market,1816
2025-11-16,CPU Interactive,Startup,1272
2025-11-16,CPU Interactive,Research/Academic,1388
2025-11-17,GPU Training,Enterprise,24801
2025-11-17,GPU Training,Mid-Market,10981
2025-11-17,GPU Training,Startup,5491
2025-11-17,GPU Training,Research/Academic,4524
2025-11-17,GPU Inference,Enterprise,24342
2025-11-17,GPU Inference,Mid-Market,13681
2025-11-17,GPU Inference,Startup,12301
2025-11-17,GPU Inference,Research/Academic,1637
2025-11-17,CPU Batch,Enterprise,7905
2025-11-17,CPU Batch,Mid-Market,3927
2025-11-17,CPU Batch,Startup,1352
2025-11-17,CPU Batch,Research/Academic,1807
2025-11-17,CPU Interactive,Enterprise,6097
2025-11-17,CPU Interactive,Mid-Market,3412
2025-11-17,CPU Interactive,Startup,2277
2025-11-17,CPU Interactive,Research/Academic,3282
2025-11-18,GPU Training,Enterprise,27956
2025-11-18,GPU Training,Mid-Market,11543
2025-11-18,GPU Training,Startup,6579
2025-11-18,GPU Training,Research/Academic,4202
2025-11-18,GPU Inference,Enterprise,26050
2025-11-18,GPU Inference,Mid-Market,14653
2025-11-18,GPU Inference,Startup,10875
2025-11-18,GPU Inference,Research/Academic,1652
2025-11-18,CPU Batch,Enterprise,7772
2025-11-18,CPU Batch,Mid-Market,4361
2025-11-18,CPU Batch,Startup,1260
2025-11-18,CPU Batch,Research/Academic,1560
2025-11-18,CPU Interactive,Enterprise,6370
2025-11-18,CPU Interactive,Mid-Market,3496
2025-11-18,CPU Interactive,Startup,2880
2025-11-18,CPU Interactive,Research/Academic,3679
2025-11-19,GPU Training,Enterprise,28801
2025-11-19,GPU Training,Mid-Market,10460
2025-11-19,GPU Training,Startup,6266
2025-11-19,GPU Training,Research/Academic,4451
2025-11-19,GPU Inference,Enterprise,26158
2025-11-19,GPU Inference,Mid-Market,13459
2025-11-19,GPU Inference,Startup,12167
2025-11-19,GPU Inference,Research/Academic,1834
2025-11-19,CPU Batch,Enterprise,8699
2025-11-19,CPU Batch,Mid-Market,4686
2025-11-19,CPU Batch,Startup,1681
2025-11-19,CPU Batch,Research/Academic,1900
2025-11-19,CPU Interactive,Enterprise,6681
2025-11-19,CPU Interactive,Mid-Market,3574
2025-11-19,CPU Interactive,Startup,2290
2025-11-19,CPU Interactive,Research/Academic,3103
2025-11-20,GPU Training,Enterprise,27518
2025-11-20,GPU Training,Mid-Market,9189
2025-11-20,GPU Training,Startup,5143
2025-11-20,GPU Training,Research/Academic,5057
2025-11-20,GPU Inference,Enterprise,26832
2025-11-20,GPU Inference,Mid-Market,13944
2025-11-20,GPU Inference,Startup,13520
2025-11-20,GPU Inference,Research/Academic,1592
2025-11-20,CPU Batch,Enterprise,8521
2025-11-20,CPU Batch,Mid-Market,4946
2025-11-20,CPU Batch,Startup,1331
2025-11-20,CPU Batch,Research/Academic,1563
2025-11-20,CPU Interactive,Enterprise,6637
2025-11-20,CPU Interactive,Mid-Market,4103
2025-11-20,CPU Interactive,Startup,2748
2025-11-20,CPU Interactive,Research/Academic,2978
2025-11-21,GPU Training,Enterprise,29717
2025-11-21,GPU Training,Mid-Market,9620
2025-11-21,GPU Training,Startup,5388
2025-11-21,GPU Training,Research/Academic,3909
2025-11-21,GPU Inference,Enterprise,24218
2025-11-21,GPU Inference,Mid-Market,13247
2025-11-21,GPU Inference,Startup,13292
2025-11-21,GPU Inference,Research/Academic,1969
2025-11-21,CPU Batch,Enterprise,8068
2025-11-21,CPU Batch,Mid-Market,4098
2025-11-21,CPU Batch,Startup,1391
2025-11-21,CPU Batch,Research/Academic,1823
2025-11-21,CPU Interactive,Enterprise,6223
2025-11-21,CPU Interactive,Mid-Market,3494
2025-11-21,CPU Interactive,Startup,2402
2025-11-21,CPU Interactive,Research/Academic,3070
2025-11-22,GPU Training,Enterprise,20460
2025-11-22,GPU Training,Mid-Market,8632
2025-11-22,GPU Training,Startup,5529
2025-11-22,GPU Training,Research/Academic,3284
2025-11-22,GPU Inference,Enterprise,17660
2025-11-22,GPU Inference,Mid-Market,9744
2025-11-22,GPU Inference,Startup,7971
2025-11-22,GPU Inference,Research/Academic,1320
2025-11-22,CPU Batch,Enterprise,5561
2025-11-22,CPU Batch,Mid-Market,2848
2025-11-22,CPU Batch,Startup,976
2025-11-22,CPU Batch,Research/Academic,1169
2025-11-22,CPU Interactive,Enterprise,3276
2025-11-22,CPU Interactive,Mid-Market,1941
2025-11-22,CPU Interactive,Startup,1385
2025-11-22,CPU Interactive,Research/Academic,1817
2025-11-23,GPU Training,Enterprise,19989
2025-11-23,GPU Training,Mid-Market,7458
2025-11-23,GPU Training,Startup,3753
2025-11-23,GPU Training,Research/Academic,3036
2025-11-23,GPU Inference,Enterprise,16199
2025-11-23,GPU Inference,Mid-Market,8951
2025-11-23,GPU Inference,Startup,8089
2025-11-23,GPU Inference,Research/Academic,1113
2025-11-23,CPU Batch,Enterprise,4875
2025-11-23,CPU Batch,Mid-Market,2399
2025-11-23,CPU Batch,Startup,1012
2025-11-23,CPU Batch,Research/Academic,1064
2025-11-23,CPU Interactive,Enterprise,2808
2025-11-23,CPU Interactive,Mid-Market,1655
2025-11-23,CPU Interactive,Startup,1274
2025-11-23,CPU Interactive,Research/Academic,1411
2025-11-24,GPU Training,Enterprise,24300
2025-11-24,GPU Training,Mid-Market,9325
2025-11-24,GPU Training,Startup,5659
2025-11-24,GPU Training,Research/Academic,3518
2025-11-24,GPU Inference,Enterprise,23204
2025-11-24,GPU Inference,Mid-Market,13842
2025-11-24,GPU Inference,Startup,11709
2025-11-24,GPU Inference,Research/Academic,1633
2025-11-24,CPU Batch,Enterprise,7810
2025-11-24,CPU Batch,Mid-Market,3859
2025-11-24,CPU Batch,Startup,1355
2025-11-24,CPU Batch,Research/Academic,1595
2025-11-24,CPU Interactive,Enterprise,5753
2025-11-24,CPU Interactive,Mid-Market,3349
2025-11-24,CPU Interactive,Startup,2253
2025-11-24,CPU Interactive,Research/Academic,2743
2025-11-25,GPU Training,Enterprise,25033
2025-11-25,GPU Training,Mid-Market,10814
2025-11-25,GPU Training,Startup,5628
2025-11-25,GPU Training,Research/Academic,4079
2025-11-25,GPU Inference,Enterprise,24796
2025-11-25,GPU Inference,Mid-Market,14030
2025-11-25,GPU Inference,Startup,13402
2025-11-25,GPU Inference,Research/Academic,1827
2025-11-25,CPU Batch,Enterprise,8758
2025-11-25,CPU Batch,Mid-Market,4628
2025-11-25,CPU Batch,Startup,1300
2025-11-25,CPU Batch,Research/Academic,1858
2025-11-25,CPU Interactive,Enterprise,6363
2025-11-25,CPU Interactive,Mid-Market,3543
2025-11-25,CPU Interactive,Startup,2934
2025-11-25,CPU Interactive,Research/Academic,2917
2025-11-26,GPU Training,Enterprise,28443
2025-11-26,GPU Training,Mid-Market,12011
2025-11-26,GPU Training,Startup,6068
2025-11-26,GPU Training,Research/Academic,4325
2025-11-26,GPU Inference,Enterprise,24858
2025-11-26,GPU Inference,Mid-Market,12317
2025-11-26,GPU Inference,Startup,16726
2025-11-26,GPU Inference,Research/Academic,1912
2025-11-26,CPU Batch,Enterprise,8245
2025-11-26,CPU Batch,Mid-Market,4645
2025-11-26,CPU Batch,Startup,1209
2025-11-26,CPU Batch,Research/Academic,1755
2025-11-26,CPU Interactive,Enterprise,6345
2025-11-26,CPU Interactive,Mid-Market,3320
2025-11-26,CPU Interactive,Startup,2025
2025-11-26,CPU Interactive,Research/Academic,2861
2025-11-27,GPU Training,Enterprise,16292
2025-11-27,GPU Training,Mid-Market,6194
2025-11-27,GPU Training,Startup,4682
2025-11-27,GPU Training,Research/Academic,2405
2025-11-27,GPU Inference,Enterprise,14664
2025-11-27,GPU Inference,Mid-Market,8496
2025-11-27,GPU Inference,Startup,9954
2025-11-27,GPU Inference,Research/Academic,903
2025-11-27,CPU Batch,Enterprise,4872
2025-11-27,CPU Batch,Mid-Market,3102
2025-11-27,CPU Batch,Startup,1210
2025-11-27,CPU Batch,Research/Academic,758
2025-11-27,CPU Interactive,Enterprise,3658
2025-11-27,CPU Interactive,Mid-Market,2260
2025-11-27,CPU Interactive,Startup,2123
2025-11-27,CPU Interactive,Research/Academic,1454
2025-11-28,GPU Training,Enterprise,13933
2025-11-28,GPU Training,Mid-Market,6948
2025-11-28,GPU Training,Startup,3924
2025-11-28,GPU Training,Research/Academic,1889
2025-11-28,GPU Inference,Enterprise,13387
2025-11-28,GPU Inference,Mid-Market,8515
2025-11-28,GPU Inference,Startup,8481
2025-11-28,GPU Inference,Research/Academic,908
2025-11-28,CPU Batch,Enterprise,4342
2025-11-28,CPU Batch,Mid-Market,2342
2025-11-28,CPU Batch,Startup,1173
2025-11-28,CPU Batch,Research/Academic,904
2025-11-28,CPU Interactive,Enterprise,3355
2025-11-28,CPU Interactive,Mid-Market,1990
2025-11-28,CPU Interactive,Startup,2188
2025-11-28,CPU Interactive,Research/Academic,1598
2025-11-29,GPU Training,Enterprise,21682
2025-11-29,GPU Training,Mid-Market,7736
2025-11-29,GPU Training,Startup,4294
2025-11-29,GPU Training,Research/Academic,3348
2025-11-29,GPU Inference,Enterprise,17414
2025-11-29,GPU Inference,Mid-Market,9602
2025-11-29,GPU Inference,Startup,8150
2025-11-29,GPU Inference,Research/Academic,1286
2025-11-29,CPU Batch,Enterprise,5193
2025-11-29,CPU Batch,Mid-Market,3061
2025-11-29,CPU Batch,Startup,913
2025-11-29,CPU Batch,Research/Academic,1149
2025-11-29,CPU Interactive,Enterprise,3478
2025-11-29,CPU Interactive,Mid-Market,1853
2025-11-29,CPU Interactive,Startup,1248
2025-11-29,CPU Interactive,Research/Academic,1759
2025-11-30,GPU Training,Enterprise,19890
2025-11-30,GPU Training,Mid-Market,7298
2025-11-30,GPU Training,Startup,3731
2025-11-30,GPU Training,Research/Academic,2996
2025-11-30,GPU Inference,Enterprise,15737
2025-11-30,GPU Inference,Mid-Market,9724
2025-11-30,GPU Inference,Startup,8213
2025-11-30,GPU Inference,Research/Academic,1126
2025-11-30,CPU Batch,Enterprise,4522
2025-11-30,CPU Batch,Mid-Market,2656
2025-11-30,CPU Batch,Startup,701
2025-11-30,CPU Batch,Research/Academic,950
2025-11-30,CPU Interactive,Enterprise,3039
2025-11-30,CPU Interactive,Mid-Market,1685
2025-11-30,CPU Interactive,Startup,864
2025-11-30,CPU Interactive,Research/Academic,1434
2025-12-01,GPU Training,Enterprise,28097
2025-12-01,GPU Training,Mid-Market,10628
2025-12-01,GPU Training,Startup,5879
2025-12-01,GPU Training,Research/Academic,3784
2025-12-01,GPU Inference,Enterprise,23861
2025-12-01,GPU Inference,Mid-Market,13561
2025-12-01,GPU Inference,Startup,13596
2025-12-01,GPU Inference,Research/Academic,1442
2025-12-01,CPU Batch,Enterprise,8322
2025-12-01,CPU Batch,Mid-Market,4042
2025-12-01,CPU Batch,Startup,1343
2025-12-01,CPU Batch,Research/Academic,2147
2025-12-01,CPU Interactive,Enterprise,6302
2025-12-01,CPU Interactive,Mid-Market,3512
2025-12-01,CPU Interactive,Startup,2786
2025-12-01,CPU Interactive,Research/Academic,3138
2025-12-02,GPU Training,Enterprise,29122
2025-12-02,GPU Training,Mid-Market,12204
2025-12-02,GPU Training,Startup,6416
2025-12-02,GPU Training,Research/Academic,4700
2025-12-02,GPU Inference,Enterprise,27933
2025-12-02,GPU Inference,Mid-Market,14902
2025-12-02,GPU Inference,Startup,15436
2025-12-02,GPU Inference,Research/Academic,1908
2025-12-02,CPU Batch,Enterprise,9311
2025-12-02,CPU Batch,Mid-Market,4426
2025-12-02,CPU Batch,Startup,1692
2025-12-02,CPU Batch,Research/Academic,1963
2025-12-02,CPU Interactive,Enterprise,6607
2025-12-02,CPU Interactive,Mid-Market,3962
2025-12-02,CPU Interactive,Startup,2518
2025-12-02,CPU Interactive,Research/Academic,3393
2025-12-03,GPU Training,Enterprise,30200
2025-12-03,GPU Training,Mid-Market,11882
2025-12-03,GPU Training,Startup,7120
2025-12-03,GPU Training,Research/Academic,5017
2025-12-03,GPU Inference,Enterprise,27650
2025-12-03,GPU Inference,Mid-Market,14593
2025-12-03,GPU Inference,Startup,14720
2025-12-03,GPU Inference,Research/Academic,2074
2025-12-03,CPU Batch,Enterprise,8877
2025-12-03,CPU Batch,Mid-Market,5478
2025-12-03,CPU Batch,Startup,1616
2025-12-03,CPU Batch,Research/Academic,1849
2025-12-03,CPU Interactive,Enterprise,6923
2025-12-03,CPU Interactive,Mid-Market,3905
2025-12-03,CPU Interactive,Startup,2715
2025-12-03,CPU Interactive,Research/Academic,3881
2025-12-04,GPU Training,Enterprise,32053
2025-12-04,GPU Training,Mid-Market,12033
2025-12-04,GPU Training,Startup,6907
2025-12-04,GPU Training,Research/Academic,5141
2025-12-04,GPU Inference,Enterprise,29022
2025-12-04,GPU Inference,Mid-Market,16198
2025-12-04,GPU Inference,Startup,15332
2025-12-04,GPU Inference,Research/Academic,2098
2025-12-04,CPU Batch,Enterprise,8842
2025-12-04,CPU Batch,Mid-Market,4675
2025-12-04,CPU Batch,Startup,1417
2025-12-04,CPU Batch,Research/Academic,1838
2025-12-04,CPU Interactive,Enterprise,6901
2025-12-04,CPU Interactive,Mid-Market,4273
2025-12-04,CPU Interactive,Startup,3026
2025-12-04,CPU Interactive,Research/Academic,3238
2025-12-05,GPU Training,Enterprise,29153
2025-12-05,GPU Training,Mid-Market,11321
2025-12-05,GPU Training,Startup,6219
2025-12-05,GPU Training,Research/Academic,4215
2025-12-05,GPU Inference,Enterprise,26187
2025-12-05,GPU Inference,Mid-Market,15598
2025-12-05,GPU Inference,Startup,11348
2025-12-05,GPU Inference,Research/Academic,1890
2025-12-05,CPU Batch,Enterprise,8756
2025-12-05,CPU Batch,Mid-Market,4727
2025-12-05,CPU Batch,Startup,1471
2025-12-05,CPU Batch,Research/Academic,2149
2025-12-05,CPU Interactive,Enterprise,6271
2025-12-05,CPU Interactive,Mid-Market,3959
2025-12-05,CPU Interactive,Startup,1962
2025-12-05,CPU Interactive,Research/Academic,3680
2025-12-06,GPU Training,Enterprise,20681
2025-12-06,GPU Training,Mid-Market,10372
2025-12-06,GPU Training,Startup,4430
2025-12-06,GPU Training,Research/Academic,3884
2025-12-06,GPU Inference,Enterprise,20203
2025-12-06,GPU Inference,Mid-Market,10212
2025-12-06,GPU Inference,Startup,9151
2025-12-06,GPU Inference,Research/Academic,1259
2025-12-06,CPU Batch,Enterprise,6105
2025-12-06,CPU Batch,Mid-Market,3087
2025-12-06,CPU Batch,Startup,862
2025-12-06,CPU Batch,Research/Academic,1316
2025-12-06,CPU Interactive,Enterprise,3564
2025-12-06,CPU Interactive,Mid-Market,2011
2025-12-06,CPU Interactive,Startup,1485
2025-12-06,CPU Interactive,Research/Academic,1727
2025-12-07,GPU Training,Enterprise,20644
2025-12-07,GPU Training,Mid-Market,9137
2025-12-07,GPU Training,Startup,4251
2025-12-07,GPU Training,Research/Academic,3191
2025-12-07,GPU Inference,Enterprise,17362
2025-12-07,GPU Inference,Mid-Market,9826
2025-12-07,GPU Inference,Startup,7634
2025-12-07,GPU Inference,Research/Academic,1258
2025-12-07,CPU Batch,Enterprise,5124
2025-12-07,CPU Batch,Mid-Market,2405
2025-12-07,CPU Batch,Startup,1012
2025-12-07,CPU Batch,Research/Academic,1215
2025-12-07,CPU Interactive,Enterprise,3086
2025-12-07,CPU Interactive,Mid-Market,1641
2025-12-07,CPU Interactive,Startup,1300
2025-12-07,CPU Interactive,Research/Academic,1399
2025-12-08,GPU Training,Enterprise,29667
2025-12-08,GPU Training,Mid-Market,10598
2025-12-08,GPU Training,Startup,7066
2025-12-08,GPU Training,Research/Academic,4101
2025-12-08,GPU Inference,Enterprise,26808
2025-12-08,GPU Inference,Mid-Market,16025
2025-12-08,GPU Inference,Startup,12814
2025-12-08,GPU Inference,Research/Academic,1913
2025-12-08,CPU Batch,Enterprise,9010
2025-12-08,CPU Batch,Mid-Market,4459
2025-12-08,CPU Batch,Startup,1193
2025-12-08,CPU Batch,Research/Academic,1635
2025-12-08,CPU Interactive,Enterprise,6526
2025-12-08,CPU Interactive,Mid-Market,3650
2025-12-08,CPU Interactive,Startup,2876
2025-12-08,CPU Interactive,Research/Academic,3068
2025-12-09,GPU Training,Enterprise,27875
2025-12-09,GPU Training,Mid-Market,9762
2025-12-09,GPU Training,Startup,8626
2025-12-09,GPU Training,Research/Academic,4799
2025-12-09,GPU Inference,Enterprise,28461
2025-12-09,GPU Inference,Mid-Market,15723
2025-12-09,GPU Inference,Startup,11802
2025-12-09,GPU Inference,Research/Academic,1845
2025-12-09,CPU Batch,Enterprise,9522
2025-12-09,CPU Batch,Mid-Market,5000
2025-12-09,CPU Batch,Startup,1304
2025-12-09,CPU Batch,Research/Academic,1715
2025-12-09,CPU Interactive,Enterprise,6748
2025-12-09,CPU Interactive,Mid-Market,3754
2025-12-09,CPU Interactive,Startup,3499
2025-12-09,CPU Interactive,Research/Academic,3337
2025-12-10,GPU Training,Enterprise,29505
2025-12-10,GPU Training,Mid-Market,12019
2025-12-10,GPU Training,Startup,6620
2025-12-10,GPU Training,Research/Academic,4874
2025-12-10,GPU Inference,Enterprise,29619
2025-12-10,GPU Inference,Mid-Market,17285
2025-12-10,GPU Inference,Startup,14684
2025-12-10,GPU Inference,Research/Academic,1898
2025-12-10,CPU Batch,Enterprise,8946
2025-12-10,CPU Batch,Mid-Market,4374
2025-12-10,CPU Batch,Startup,1448
2025-12-10,CPU Batch,Research/Academic,1995
2025-12-10,CPU Interactive,Enterprise,6895
2025-12-10,CPU Interactive,Mid-Market,4562
2025-12-10,CPU Interactive,Startup,3123
2025-12-10,CPU Interactive,Research/Academic,3044
2025-12-11,GPU Training,Enterprise,28846
2025-12-11,GPU Training,Mid-Market,11275
2025-12-11,GPU Training,Startup,7755
2025-12-11,GPU Training,Research/Academic,5800
2025-12-11,GPU Inference,Enterprise,31136
2025-12-11,GPU Inference,Mid-Market,15916
2025-12-11,GPU Inference,Startup,14110
2025-12-11,GPU Inference,Research/Academic,1831
2025-12-11,CPU Batch,Enterprise,9268
2025-12-11,CPU Batch,Mid-Market,4847
2025-12-11,CPU Batch,Startup,1431
2025-12-11,CPU Batch,Research/Academic,2215
2025-12-11,CPU Interactive,Enterprise,7304
2025-12-11,CPU Interactive,Mid-Market,4491
2025-12-11,CPU Interactive,Startup,2412
2025-12-11,CPU Interactive,Research/Academic,4474
2025-12-12,GPU Training,Enterprise,29139
2025-12-12,GPU Training,Mid-Market,12126
2025-12-12,GPU Training,Startup,6809
2025-12-12,GPU Training,Research/Academic,4955
2025-12-12,GPU Inference,Enterprise,28786
2025-12-12,GPU Inference,Mid-Market,16145
2025-12-12,GPU Inference,Startup,12692
2025-12-12,GPU Inference,Research/Academic,1825
2025-12-12,CPU Batch,Enterprise,8904
2025-12-12,CPU Batch,Mid-Market,4741
2025-12-12,CPU Batch,Startup,1692
2025-12-12,CPU Batch,Research/Academic,2001
2025-12-12,CPU Interactive,Enterprise,6686
2025-12-12,CPU Interactive,Mid-Market,3900
2025-12-12,CPU Interactive,Startup,2086
2025-12-12,CPU Interactive,Research/Academic,3137
2025-12-13,GPU Training,Enterprise,22812
2025-12-13,GPU Training,Mid-Market,9515
2025-12-13,GPU Training,Startup,4795
2025-12-13,GPU Training,Research/Academic,4416
2025-12-13,GPU Inference,Enterprise,20184
2025-12-13,GPU Inference,Mid-Market,10276
2025-12-13,GPU Inference,Startup,9522
2025-12-13,GPU Inference,Research/Academic,1395
2025-12-13,CPU Batch,Enterprise,5822
2025-12-13,CPU Batch,Mid-Market,3548
2025-12-13,CPU Batch,Startup,836
2025-12-13,CPU Batch,Research/Academic,1294
2025-12-13,CPU Interactive,Enterprise,3816
2025-12-13,CPU Interactive,Mid-Market,2021
2025-12-13,CPU Interactive,Startup,1382
2025-12-13,CPU Interactive,Research/Academic,1809
2025-12-14,GPU Training,Enterprise,21855
2025-12-14,GPU Training,Mid-Market,7974
2025-12-14,GPU Training,Startup,3865
2025-12-14,GPU Training,Research/Academic,4040
2025-12-14,GPU Inference,Enterprise,17903
2025-12-14,GPU Inference,Mid-Market,10316
2025-12-14,GPU Inference,Startup,9594
2025-12-14,GPU Inference,Research/Academic,1452
2025-12-14,CPU Batch,Enterprise,5314
2025-12-14,CPU Batch,Mid-Market,2598
2025-12-14,CPU Batch,Startup,866
2025-12-14,CPU Batch,Research/Academic,1034
2025-12-14,CPU Interactive,Enterprise,3138
2025-12-14,CPU Interactive,Mid-Market,1614
2025-12-14,CPU Interactive,Startup,1229
2025-12-14,CPU Interactive,Research/Academic,1639
2025-12-15,GPU Training,Enterprise,28153
2025-12-15,GPU Training,Mid-Market,10204
2025-12-15,GPU Training,Startup,4886
2025-12-15,GPU Training,Research/Academic,5819
2025-12-15,GPU Inference,Enterprise,27491
2025-12-15,GPU Inference,Mid-Market,13980
2025-12-15,GPU Inference,Startup,14270
2025-12-15,GPU Inference,Research/Academic,2236
2025-12-15,CPU Batch,Enterprise,8859
2025-12-15,CPU Batch,Mid-Market,3824
2025-12-15,CPU Batch,Startup,1915
2025-12-15,CPU Batch,Research/Academic,1586
2025-12-15,CPU Interactive,Enterprise,6342
2025-12-15,CPU Interactive,Mid-Market,3293
2025-12-15,CPU Interactive,Startup,2329
2025-12-15,CPU Interactive,Research/Academic,3212
2025-12-16,GPU Training,Enterprise,27301
2025-12-16,GPU Training,Mid-Market,11508
2025-12-16,GPU Training,Startup,7077
2025-12-16,GPU Training,Research/Academic,4825
2025-12-16,GPU Inference,Enterprise,26981
2025-12-16,GPU Inference,Mid-Market,15422
2025-12-16,GPU Inference,Startup,13638
2025-12-16,GPU Inference,Research/Academic,1880
2025-12-16,CPU Batch,Enterprise,8485
2025-12-16,CPU Batch,Mid-Market,4964
2025-12-16,CPU Batch,Startup,1540
2025-12-16,CPU Batch,Research/Academic,1738
2025-12-16,CPU Interactive,Enterprise,6657
2025-12-16,CPU Interactive,Mid-Market,3890
2025-12-16,CPU Interactive,Startup,2450
2025-12-16,CPU Interactive,Research/Academic,3440
2025-12-17,GPU Training,Enterprise,32974
2025-12-17,GPU Training,Mid-Market,12093
2025-12-17,GPU Training,Startup,5591
2025-12-17,GPU Training,Research/Academic,5581
2025-12-17,GPU Inference,Enterprise,29163
2025-12-17,GPU Inference,Mid-Market,15873
2025-12-17,GPU Inference,Startup,15496
2025-12-17,GPU Inference,Research/Academic,2144
2025-12-17,CPU Batch,Enterprise,9168
2025-12-17,CPU Batch,Mid-Market,4904
2025-12-17,CPU Batch,Startup,1891
2025-12-17,CPU Batch,Research/Academic,2143
2025-12-17,CPU Interactive,Enterprise,7410
2025-12-17,CPU Interactive,Mid-Market,4034
2025-12-17,CPU Interactive,Startup,2530
2025-12-17,CPU Interactive,Research/Academic,3849
2025-12-18,GPU Training,Enterprise,31295
2025-12-18,GPU Training,Mid-Market,11673
2025-12-18,GPU Training,Startup,6290
2025-12-18,GPU Training,Research/Academic,5008
2025-12-18,GPU Inference,Enterprise,30674
2025-12-18,GPU Inference,Mid-Market,16850
2025-12-18,GPU Inference,Startup,14988
2025-12-18,GPU Inference,Research/Academic,2022
2025-12-18,CPU Batch,Enterprise,8911
2025-12-18,CPU Batch,Mid-Market,4244
2025-12-18,CPU Batch,Startup,1246
2025-12-18,CPU Batch,Research/Academic,1835
2025-12-18,CPU Interactive,Enterprise,7104
2025-12-18,CPU Interactive,Mid-Market,4191
2025-12-18,CPU Interactive,Startup,3233
2025-12-18,CPU Interactive,Research/Academic,3575
2025-12-19,GPU Training,Enterprise,31444
2025-12-19,GPU Training,Mid-Market,10993
2025-12-19,GPU Training,Startup,6089
2025-12-19,GPU Training,Research/Academic,5144
2025-12-19,GPU Inference,Enterprise,29327
2025-12-19,GPU Inference,Mid-Market,15455
2025-12-19,GPU Inference,Startup,14239
2025-12-19,GPU Inference,Research/Academic,1696
2025-12-19,CPU Batch,Enterprise,8591
2025-12-19,CPU Batch,Mid-Market,5174
2025-12-19,CPU Batch,Startup,1120
2025-12-19,CPU Batch,Research/Academic,2108
2025-12-19,CPU Interactive,Enterprise,6861
2025-12-19,CPU Interactive,Mid-Market,3560
2025-12-19,CPU Interactive,Startup,2425
2025-12-19,CPU Interactive,Research/Academic,3839
2025-12-20,GPU Training,Enterprise,17263
2025-12-20,GPU Training,Mid-Market,6323
2025-12-20,GPU Training,Startup,3455
2025-12-20,GPU Training,Research/Academic,2692
2025-12-20,GPU Inference,Enterprise,14221
2025-12-20,GPU Inference,Mid-Market,7376
2025-12-20,GPU Inference,Startup,7000
2025-12-20,GPU Inference,Research/Academic,1127
2025-12-20,CPU Batch,Enterprise,4260
2025-12-20,CPU Batch,Mid-Market,2138
2025-12-20,CPU Batch,Startup,585
2025-12-20,CPU Batch,Research/Academic,918
2025-12-20,CPU Interactive,Enterprise,2595
2025-12-20,CPU Interactive,Mid-Market,1519
2025-12-20,CPU Interactive,Startup,878
2025-12-20,CPU Interactive,Research/Academic,1386
2025-12-21,GPU Training,Enterprise,15844
2025-12-21,GPU Training,Mid-Market,6482
2025-12-21,GPU Training,Startup,3309
2025-12-21,GPU Training,Research/Academic,3293
2025-12-21,GPU Inference,Enterprise,13901
2025-12-21,GPU Inference,Mid-Market,8651
2025-12-21,GPU Inference,Startup,7383
2025-12-21,GPU Inference,Research/Academic,1066
2025-12-21,CPU Batch,Enterprise,3926
2025-12-21,CPU Batch,Mid-Market,2183
2025-12-21,CPU Batch,Startup,739
2025-12-21,CPU Batch,Research/Academic,905
2025-12-21,CPU Interactive,Enterprise,2546
2025-12-21,CPU Interactive,Mid-Market,1359
2025-12-21,CPU Interactive,Startup,975
2025-12-21,CPU Interactive,Research/Academic,1338
2025-12-22,GPU Training,Enterprise,23276
2025-12-22,GPU Training,Mid-Market,8272
2025-12-22,GPU Training,Startup,4207
2025-12-22,GPU Training,Research/Academic,3561
2025-12-22,GPU Inference,Enterprise,21981
2025-12-22,GPU Inference,Mid-Market,10898
2025-12-22,GPU Inference,Startup,11737
2025-12-22,GPU Inference,Research/Academic,1529
2025-12-22,CPU Batch,Enterprise,6587
2025-12-22,CPU Batch,Mid-Market,4043
2025-12-22,CPU Batch,Startup,912
2025-12-22,CPU Batch,Research/Academic,1634
2025-12-22,CPU Interactive,Enterprise,5050
2025-12-22,CPU Interactive,Mid-Market,2407
2025-12-22,CPU Interactive,Startup,2408
2025-12-22,CPU Interactive,Research/Academic,2641
2025-12-23,GPU Training,Enterprise,22781
2025-12-23,GPU Training,Mid-Market,8470
2025-12-23,GPU Training,Startup,4006
2025-12-23,GPU Training,Research/Academic,4878
2025-12-23,GPU Inference,Enterprise,21541
2025-12-23,GPU Inference,Mid-Market,11195
2025-12-23,GPU Inference,Startup,11559
2025-12-23,GPU Inference,Research/Academic,1348
2025-12-23,CPU Batch,Enterprise,6666
2025-12-23,CPU Batch,Mid-Market,4001
2025-12-23,CPU Batch,Startup,1183
2025-12-23,CPU Batch,Research/Academic,1428
2025-12-23,CPU Interactive,Enterprise,5392
2025-12-23,CPU Interactive,Mid-Market,2915
2025-12-23,CPU Interactive,Startup,2134
2025-12-23,CPU Interactive,Research/Academic,2484
2025-12-24,GPU Training,Enterprise,23738
2025-12-24,GPU Training,Mid-Market,9104
2025-12-24,GPU Training,Startup,4649
2025-12-24,GPU Training,Research/Academic,4580
2025-12-24,GPU Inference,Enterprise,23735
2025-12-24,GPU Inference,Mid-Market,11801
2025-12-24,GPU Inference,Startup,9995
2025-12-24,GPU Inference,Research/Academic,1562
2025-12-24,CPU Batch,Enterprise,7775
2025-12-24,CPU Batch,Mid-Market,3573
2025-12-24,CPU Batch,Startup,1130
2025-12-24,CPU Batch,Research/Academic,1526
2025-12-24,CPU Interactive,Enterprise,5565
2025-12-24,CPU Interactive,Mid-Market,3022
2025-12-24,CPU Interactive,Startup,2563
2025-12-24,CPU Interactive,Research/Academic,2839
2025-12-25,GPU Training,Enterprise,13832
2025-12-25,GPU Training,Mid-Market,5947
2025-12-25,GPU Training,Startup,4240
2025-12-25,GPU Training,Research/Academic,2392
2025-12-25,GPU Inference,Enterprise,13365
2025-12-25,GPU Inference,Mid-Market,8907
2025-12-25,GPU Inference,Startup,10031
2025-12-25,GPU Inference,Research/Academic,750
2025-12-25,CPU Batch,Enterprise,4059
2025-12-25,CPU Batch,Mid-Market,2422
2025-12-25,CPU Batch,Startup,1088
2025-12-25,CPU Batch,Research/Academic,701
2025-12-25,CPU Interactive,Enterprise,3229
2025-12-25,CPU Interactive,Mid-Market,1834
2025-12-25,CPU Interactive,Startup,1828
2025-12-25,CPU Interactive,Research/Academic,1382
2025-12-26,GPU Training,Enterprise,23673
2025-12-26,GPU Training,Mid-Market,8232
2025-12-26,GPU Training,Startup,5338
2025-12-26,GPU Training,Research/Academic,4090
2025-12-26,GPU Inference,Enterprise,22133
2025-12-26,GPU Inference,Mid-Market,13810
2025-12-26,GPU Inference,Startup,10548
2025-12-26,GPU Inference,Research/Academic,1552
2025-12-26,CPU Batch,Enterprise,6966
2025-12-26,CPU Batch,Mid-Market,3788
2025-12-26,CPU Batch,Startup,1463
2025-12-26,CPU Batch,Research/Academic,1481
2025-12-26,CPU Interactive,Enterprise,5127
2025-12-26,CPU Interactive,Mid-Market,3338
2025-12-26,CPU Interactive,Startup,2019
2025-12-26,CPU Interactive,Research/Academic,2258
2025-12-27,GPU Training,Enterprise,17189
2025-12-27,GPU Training,Mid-Market,6350
2025-12-27,GPU Training,Startup,2983
2025-12-27,GPU Training,Research/Academic,2979
2025-12-27,GPU Inference,Enterprise,15351
2025-12-27,GPU Inference,Mid-Market,9160
2025-12-27,GPU Inference,Startup,8341
2025-12-27,GPU Inference,Research/Academic,1106
2025-12-27,CPU Batch,Enterprise,4464
2025-12-27,CPU Batch,Mid-Market,2650
2025-12-27,CPU Batch,Startup,883
2025-12-27,CPU Batch,Research/Academic,1014
2025-12-27,CPU Interactive,Enterprise,2948
2025-12-27,CPU Interactive,Mid-Market,1481
2025-12-27,CPU Interactive,Startup,1314
2025-12-27,CPU Interactive,Research/Academic,1636
2025-12-28,GPU Training,Enterprise,16827
2025-12-28,GPU Training,Mid-Market,6237
2025-12-28,GPU Training,Startup,3408
2025-12-28,GPU Training,Research/Academic,2780
2025-12-28,GPU Inference,Enterprise,13714
2025-12-28,GPU Inference,Mid-Market,7978
2025-12-28,GPU Inference,Startup,7234
2025-12-28,GPU Inference,Research/Academic,1033
2025-12-28,CPU Batch,Enterprise,4026
2025-12-28,CPU Batch,Mid-Market,2011
2025-12-28,CPU Batch,Startup,604
2025-12-28,CPU Batch,Research/Academic,805
2025-12-28,CPU Interactive,Enterprise,2481
2025-12-28,CPU Interactive,Mid-Market,1583
2025-12-28,CPU Interactive,Startup,1263
2025-12-28,CPU Interactive,Research/Academic,1308
2025-12-29,GPU Training,Enterprise,22269
2025-12-29,GPU Training,Mid-Market,7888
2025-12-29,GPU Training,Startup,4763
2025-12-29,GPU Training,Research/Academic,3600
2025-12-29,GPU Inference,Enterprise,22872
2025-12-29,GPU Inference,Mid-Market,10498
2025-12-29,GPU Inference,Startup,11292
2025-12-29,GPU Inference,Research/Academic,1368
2025-12-29,CPU Batch,Enterprise,6743
2025-12-29,CPU Batch,Mid-Market,3806
2025-12-29,CPU Batch,Startup,1233
2025-12-29,CPU Batch,Research/Academic,1425
2025-12-29,CPU Interactive,Enterprise,5156
2025-12-29,CPU Interactive,Mid-Market,2667
2025-12-29,CPU Interactive,Startup,2059
2025-12-29,CPU Interactive,Research/Academic,2651
2025-12-30,GPU Training,Enterprise,23599
2025-12-30,GPU Training,Mid-Market,8787
2025-12-30,GPU Training,Startup,4716
2025-12-30,GPU Training,Research/Academic,4368
2025-12-30,GPU Inference,Enterprise,21562
2025-12-30,GPU Inference,Mid-Market,11562
2025-12-30,GPU Inference,Startup,12193
2025-12-30,GPU Inference,Research/Academic,1488
2025-12-30,CPU Batch,Enterprise,6554
2025-12-30,CPU Batch,Mid-Market,4112
2025-12-30,CPU Batch,Startup,984
2025-12-30,CPU Batch,Research/Academic,1451
2025-12-30,CPU Interactive,Enterprise,5271
2025-12-30,CPU Interactive,Mid-Market,2956
2025-12-30,CPU Interactive,Startup,1943
2025-12-30,CPU Interactive,Research/Academic,2798
2025-12-31,GPU Training,Enterprise,24522
2025-12-31,GPU Training,Mid-Market,10243
2025-12-31,GPU Training,Startup,4755
2025-12-31,GPU Training,Research/Academic,5006
2025-12-31,GPU Inference,Enterprise,21492
2025-12-31,GPU Inference,Mid-Market,11386
2025-12-31,GPU Inference,Startup,14428
2025-12-31,GPU Inference,Research/Academic,1647
2025-12-31,CPU Batch,Enterprise,7245
2025-12-31,CPU Batch,Mid-Market,3967
2025-12-31,CPU Batch,Startup,1238
2025-12-31,CPU Batch,Research/Academic,1553
2025-12-31,CPU Interactive,Enterprise,5393
2025-12-31,CPU Interactive,Mid-Market,3316
2025-12-31,CPU Interactive,Startup,2427
2025-12-31,CPU Interactive,Research/Academic,3072
2026-01-01,GPU Training,Enterprise,14834
2026-01-01,GPU Training,Mid-Market,6046
2026-01-01,GPU Training,Startup,3411
2026-01-01,GPU Training,Research/Academic,2502
2026-01-01,GPU Inference,Enterprise,12614
2026-01-01,GPU Inference,Mid-Market,8053
2026-01-01,GPU Inference,Startup,8764
2026-01-01,GPU Inference,Research/Academic,789
2026-01-01,CPU Batch,Enterprise,4171
2026-01-01,CPU Batch,Mid-Market,2418
2026-01-01,CPU Batch,Startup,949
2026-01-01,CPU Batch,Research/Academic,731
2026-01-01,CPU Interactive,Enterprise,3236
2026-01-01,CPU Interactive,Mid-Market,1882
2026-01-01,CPU Interactive,Startup,1736
2026-01-01,CPU Interactive,Research/Academic,1434
2026-01-02,GPU Training,Enterprise,25846
2026-01-02,GPU Training,Mid-Market,9237
2026-01-02,GPU Training,Startup,3902
2026-01-02,GPU Training,Research/Academic,4636
2026-01-02,GPU Inference,Enterprise,23220
2026-01-02,GPU Inference,Mid-Market,12404
2026-01-02,GPU Inference,Startup,10926
2026-01-02,GPU Inference,Research/Academic,1444
2026-01-02,CPU Batch,Enterprise,7729
2026-01-02,CPU Batch,Mid-Market,3867
2026-01-02,CPU Batch,Startup,939
2026-01-02,CPU Batch,Research/Academic,1557
2026-01-02,CPU Interactive,Enterprise,5679
2026-01-02,CPU Interactive,Mid-Market,3057
2026-01-02,CPU Interactive,Startup,1944
2026-01-02,CPU Interactive,Research/Academic,2443
2026-01-03,GPU Training,Enterprise,17645
2026-01-03,GPU Training,Mid-Market,7979
2026-01-03,GPU Training,Startup,3808
2026-01-03,GPU Training,Research/Academic,2763
2026-01-03,GPU Inference,Enterprise,16207
2026-01-03,GPU Inference,Mid-Market,8850
2026-01-03,GPU Inference,Startup,7641
2026-01-03,GPU Inference,Research/Academic,1004
2026-01-03,CPU Batch,Enterprise,4571
2026-01-03,CPU Batch,Mid-Market,2772
2026-01-03,CPU Batch,Startup,795
2026-01-03,CPU Batch,Research/Academic,1051
2026-01-03,CPU Interactive,Enterprise,3020
2026-01-03,CPU Interactive,Mid-Market,1710
2026-01-03,CPU Interactive,Startup,1132
2026-01-03,CPU Interactive,Research/Academic,1437
2026-01-04,GPU Training,Enterprise,17991
2026-01-04,GPU Training,Mid-Market,7431
2026-01-04,GPU Training,Startup,3114
2026-01-04,GPU Training,Research/Academic,2914
2026-01-04,GPU Inference,Enterprise,14917
2026-01-04,GPU Inference,Mid-Market,9038
2026-01-04,GPU Inference,Startup,9033
2026-01-04,GPU Inference,Research/Academic,923
2026-01-04,CPU Batch,Enterprise,4303
2026-01-04,CPU Batch,Mid-Market,2212
2026-01-04,CPU Batch,Startup,750
2026-01-04,CPU Batch,Research/Academic,923
2026-01-04,CPU Interactive,Enterprise,2452
2026-01-04,CPU Interactive,Mid-Market,1498
2026-01-04,CPU Interactive,Startup,1165
2026-01-04,CPU Interactive,Research/Academic,1257
2026-01-05,GPU Training,Enterprise,22687
2026-01-05,GPU Training,Mid-Market,8047
2026-01-05,GPU Training,Startup,5225
2026-01-05,GPU Training,Research/Academic,4019
2026-01-05,GPU Inference,Enterprise,21411
2026-01-05,GPU Inference,Mid-Market,11930
2026-01-05,GPU Inference,Startup,11454
2026-01-05,GPU Inference,Research/Academic,1448
2026-01-05,CPU Batch,Enterprise,6954
2026-01-05,CPU Batch,Mid-Market,3315
2026-01-05,CPU Batch,Startup,1323
2026-01-05,CPU Batch,Research/Academic,1476
2026-01-05,CPU Interactive,Enterprise,4938
2026-01-05,CPU Interactive,Mid-Market,2428
2026-01-05,CPU Interactive,Startup,2339
2026-01-05,CPU Interactive,Research/Academic,2634
2026-01-06,GPU Training,Enterprise,24278
2026-01-06,GPU Training,Mid-Market,10028
2026-01-06,GPU Training,Startup,5611
2026-01-06,GPU Training,Research/Academic,4216
2026-01-06,GPU Inference,Enterprise,23116
2026-01-06,GPU Inference,Mid-Market,12465
2026-01-06,GPU Inference,Startup,12441
2026-01-06,GPU Inference,Research/Academic,1778
2026-01-06,CPU Batch,Enterprise,7131
2026-01-06,CPU Batch,Mid-Market,4278
2026-01-06,CPU Batch,Startup,1212
2026-01-06,CPU Batch,Research/Academic,1564
2026-01-06,CPU Interactive,Enterprise,6138
2026-01-06,CPU Interactive,Mid-Market,3499
2026-01-06,CPU Interactive,Startup,2733
2026-01-06,CPU Interactive,Research/Academic,2553
2026-01-07,GPU Training,Enterprise,27551
2026-01-07,GPU Training,Mid-Market,9842
2026-01-07,GPU Training,Startup,5165
2026-01-07,GPU Training,Research/Academic,3659
2026-01-07,GPU Inference,Enterprise,24361
2026-01-07,GPU Inference,Mid-Market,12254
2026-01-07,GPU Inference,Startup,12802
2026-01-07,GPU Inference,Research/Academic,1491
2026-01-07,CPU Batch,Enterprise,7916
2026-01-07,CPU Batch,Mid-Market,4126
2026-01-07,CPU Batch,Startup,1568
2026-01-07,CPU Batch,Research/Academic,1438
2026-01-07,CPU Interactive,Enterprise,6154
2026-01-07,CPU Interactive,Mid-Market,2851
2026-01-07,CPU Interactive,Startup,2377
2026-01-07,CPU Interactive,Research/Academic,2683
2026-01-08,GPU Training,Enterprise,24807
2026-01-08,GPU Training,Mid-Market,9555
2026-01-08,GPU Training,Startup,4761
2026-01-08,GPU Training,Research/Academic,3933
2026-01-08,GPU Inference,Enterprise,23650
2026-01-08,GPU Inference,Mid-Market,13346
2026-01-08,GPU Inference,Startup,14043
2026-01-08,GPU Inference,Research/Academic,1676
2026-01-08,CPU Batch,Enterprise,7721
2026-01-08,CPU Batch,Mid-Market,3581
2026-01-08,CPU Batch,Startup,1133
2026-01-08,CPU Batch,Research/Academic,1652
2026-01-08,CPU Interactive,Enterprise,6024
2026-01-08,CPU Interactive,Mid-Market,3128
2026-01-08,CPU Interactive,Startup,2665
2026-01-08,CPU Interactive,Research/Academic,2778
2026-01-09,GPU Training,Enterprise,23386
2026-01-09,GPU Training,Mid-Market,9793
2026-01-09,GPU Training,Startup,5082
2026-01-09,GPU Training,Research/Academic,3984
2026-01-09,GPU Inference,Enterprise,22476
2026-01-09,GPU Inference,Mid-Market,11731
2026-01-09,GPU Inference,Startup,11129
2026-01-09,GPU Inference,Research/Academic,1705
2026-01-09,CPU Batch,Enterprise,7237
2026-01-09,CPU Batch,Mid-Market,4130
2026-01-09,CPU Batch,Startup,1235
2026-01-09,CPU Batch,Research/Academic,1445
2026-01-09,CPU Interactive,Enterprise,5081
2026-01-09,CPU Interactive,Mid-Market,2845
2026-01-09,CPU Interactive,Startup,2009
2026-01-09,CPU Interactive,Research/Academic,2493
2026-01-10,GPU Training,Enterprise,19129
2026-01-10,GPU Training,Mid-Market,7726
2026-01-10,GPU Training,Startup,5052
2026-01-10,GPU Training,Research/Academic,2978
2026-01-10,GPU Inference,Enterprise,17144
2026-01-10,GPU Inference,Mid-Market,9893
2026-01-10,GPU Inference,Startup,7949
2026-01-10,GPU Inference,Research/Academic,1134
2026-01-10,CPU Batch,Enterprise,5022
2026-01-10,CPU Batch,Mid-Market,2565
2026-01-10,CPU Batch,Startup,762
2026-01-10,CPU Batch,Research/Academic,962
2026-01-10,CPU Interactive,Enterprise,2729
2026-01-10,CPU Interactive,Mid-Market,1686
2026-01-10,CPU Interactive,Startup,1105
2026-01-10,CPU Interactive,Research/Academic,1342
2026-01-11,GPU Training,Enterprise,17549
2026-01-11,GPU Training,Mid-Market,6119
2026-01-11,GPU Training,Startup,4006
2026-01-11,GPU Training,Research/Academic,3085
2026-01-11,GPU Inference,Enterprise,14305
2026-01-11,GPU Inference,Mid-Market,7966
2026-01-11,GPU Inference,Startup,6409
2026-01-11,GPU Inference,Research/Academic,1047
2026-01-11,CPU Batch,Enterprise,4128
2026-01-11,CPU Batch,Mid-Market,2250
2026-01-11,CPU Batch,Startup,705
2026-01-11,CPU Batch,Research/Academic,824
2026-01-11,CPU Interactive,Enterprise,2434
2026-01-11,CPU Interactive,Mid-Market,1547
2026-01-11,CPU Interactive,Startup,1128
2026-01-11,CPU Interactive,Research/Academic,1208
2026-01-12,GPU Training,Enterprise,23403
2026-01-12,GPU Training,Mid-Market,9871
2026-01-12,GPU Training,Startup,5565
2026-01-12,GPU Training,Research/Academic,3784
2026-01-12,GPU Inference,Enterprise,21093
2026-01-12,GPU Inference,Mid-Market,11241
2026-01-12,GPU Inference,Startup,10977
2026-01-12,GPU Inference,Research/Academic,1706
2026-01-12,CPU Batch,Enterprise,6767
2026-01-12,CPU Batch,Mid-Market,3603
2026-01-12,CPU Batch,Startup,1049
2026-01-12,CPU Batch,Research/Academic,1413
2026-01-12,CPU Interactive,Enterprise,5173
2026-01-12,CPU Interactive,Mid-Market,2647
2026-01-12,CPU Interactive,Startup,2367
2026-01-12,CPU Interactive,Research/Academic,2493
2026-01-13,GPU Training,Enterprise,26713
2026-01-13,GPU Training,Mid-Market,8750
2026-01-13,GPU Training,Startup,6176
2026-01-13,GPU Training,Research/Academic,4647
2026-01-13,GPU Inference,Enterprise,23148
2026-01-13,GPU Inference,Mid-Market,12608
2026-01-13,GPU Inference,Startup,10733
2026-01-13,GPU Inference,Research/Academic,1483
2026-01-13,CPU Batch,Enterprise,7174
2026-01-13,CPU Batch,Mid-Market,3874
2026-01-13,CPU Batch,Startup,960
2026-01-13,CPU Batch,Research/Academic,1824
2026-01-13,CPU Interactive,Enterprise,5534
2026-01-13,CPU Interactive,Mid-Market,3143
2026-01-13,CPU Interactive,Startup,2083
2026-01-13,CPU Interactive,Research/Academic,2667
2026-01-14,GPU Training,Enterprise,25000
2026-01-14,GPU Training,Mid-Market,9958
2026-01-14,GPU Training,Startup,5343
2026-01-14,GPU Training,Research/Academic,4647
2026-01-14,GPU Inference,Enterprise,24452
2026-01-14,GPU Inference,Mid-Market,14025
2026-01-14,GPU Inference,Startup,12339
2026-01-14,GPU Inference,Research/Academic,1671
2026-01-14,CPU Batch,Enterprise,7310
2026-01-14,CPU Batch,Mid-Market,4269
2026-01-14,CPU Batch,Startup,1244
2026-01-14,CPU Batch,Research/Academic,1542
2026-01-14,CPU Interactive,Enterprise,5758
2026-01-14,CPU Interactive,Mid-Market,3222
2026-01-14,CPU Interactive,Startup,2339
2026-01-14,CPU Interactive,Research/Academic,2813
2026-01-15,GPU Training,Enterprise,24817
2026-01-15,GPU Training,Mid-Market,10517
2026-01-15,GPU Training,Startup,5919
2026-01-15,GPU Training,Research/Academic,5026
2026-01-15,GPU Inference,Enterprise,23679
2026-01-15,GPU Inference,Mid-Market,14008
2026-01-15,GPU Inference,Startup,9843
2026-01-15,GPU Inference,Research/Academic,1754
2026-01-15,CPU Batch,Enterprise,6965
2026-01-15,CPU Batch,Mid-Market,3716
2026-01-15,CPU Batch,Startup,1246
2026-01-15,CPU Batch,Research/Academic,1486
2026-01-15,CPU Interactive,Enterprise,5781
2026-01-15,CPU Interactive,Mid-Market,3224
2026-01-15,CPU Interactive,Startup,2614
2026-01-15,CPU Interactive,Research/Academic,2693
2026-01-16,GPU Training,Enterprise,24189
2026-01-16,GPU Training,Mid-Market,9275
2026-01-16,GPU Training,Startup,5651
2026-01-16,GPU Training,Research/Academic,4453
2026-01-16,GPU Inference,Enterprise,21521
2026-01-16,GPU Inference,Mid-Market,13738
2026-01-16,GPU Inference,Startup,10991
2026-01-16,GPU Inference,Research/Academic,1596
2026-01-16,CPU Batch,Enterprise,6915
2026-01-16,CPU Batch,Mid-Market,3974
2026-01-16,CPU Batch,Startup,1582
2026-01-16,CPU Batch,Research/Academic,1534
2026-01-16,CPU Interactive,Enterprise,5344
2026-01-16,CPU Interactive,Mid-Market,2998
2026-01-16,CPU Interactive,Startup,1835
2026-01-16,CPU Interactive,Research/Academic,2975
2026-01-17,GPU Training,Enterprise,18715
2026-01-17,GPU Training,Mid-Market,6749
2026-01-17,GPU Training,Startup,3458
2026-01-17,GPU Training,Research/Academic,3175
2026-01-17,GPU Inference,Enterprise,16823
2026-01-17,GPU Inference,Mid-Market,8246
2026-01-17,GPU Inference,Startup,9468
2026-01-17,GPU Inference,Research/Academic,1087
2026-01-17,CPU Batch,Enterprise,4613
2026-01-17,CPU Batch,Mid-Market,2499
2026-01-17,CPU Batch,Startup,958
2026-01-17,CPU Batch,Research/Academic,906
2026-01-17,CPU Interactive,Enterprise,2921
2026-01-17,CPU Interactive,Mid-Market,1800
2026-01-17,CPU Interactive,Startup,1241
2026-01-17,CPU Interactive,Research/Academic,1374
2026-01-18,GPU Training,Enterprise,18021
2026-01-18,GPU Training,Mid-Market,7316
2026-01-18,GPU Training,Startup,3816
2026-01-18,GPU Training,Research/Academic,2831
2026-01-18,GPU Inference,Enterprise,14382
2026-01-18,GPU Inference,Mid-Market,8243
2026-01-18,GPU Inference,Startup,6401
2026-01-18,GPU Inference,Research/Academic,1100
2026-01-18,CPU Batch,Enterprise,4394
2026-01-18,CPU Batch,Mid-Market,2178
2026-01-18,CPU Batch,Startup,695
2026-01-18,CPU Batch,Research/Academic,954
2026-01-18,CPU Interactive,Enterprise,2805
2026-01-18,CPU Interactive,Mid-Market,1620
2026-01-18,CPU Interactive,Startup,847
2026-01-18,CPU Interactive,Research/Academic,1231
2026-01-19,GPU Training,Enterprise,12981
2026-01-19,GPU Training,Mid-Market,5272
2026-01-19,GPU Training,Startup,4547
2026-01-19,GPU Training,Research/Academic,2259
2026-01-19,GPU Inference,Enterprise,12009
2026-01-19,GPU Inference,Mid-Market,7385
2026-01-19,GPU Inference,Startup,7917
2026-01-19,GPU Inference,Research/Academic,749
2026-01-19,CPU Batch,Enterprise,3805
2026-01-19,CPU Batch,Mid-Market,2415
2026-01-19,CPU Batch,Startup,764
2026-01-19,CPU Batch,Research/Academic,599
2026-01-19,CPU Interactive,Enterprise,2677
2026-01-19,CPU Interactive,Mid-Market,1623
2026-01-19,CPU Interactive,Startup,1448
2026-01-19,CPU Interactive,Research/Academic,1281
2026-01-20,GPU Training,Enterprise,23281
2026-01-20,GPU Training,Mid-Market,8782
2026-01-20,GPU Training,Startup,4603
2026-01-20,GPU Training,Research/Academic,3809
2026-01-20,GPU Inference,Enterprise,23193
2026-01-20,GPU Inference,Mid-Market,12554
2026-01-20,GPU Inference,Startup,13197
2026-01-20,GPU Inference,Research/Academic,1477
2026-01-20,CPU Batch,Enterprise,7086
2026-01-20,CPU Batch,Mid-Market,3733
2026-01-20,CPU Batch,Startup,1286
2026-01-20,CPU Batch,Research/Academic,1501
2026-01-20,CPU Interactive,Enterprise,5849
2026-01-20,CPU Interactive,Mid-Market,2897
2026-01-20,CPU Interactive,Startup,2244
2026-01-20,CPU Interactive,Research/Academic,2604
2026-01-21,GPU Training,Enterprise,24264
2026-01-21,GPU Training,Mid-Market,9975
2026-01-21,GPU Training,Startup,6646
2026-01-21,GPU Training,Research/Academic,4076
2026-01-21,GPU Inference,Enterprise,24294
2026-01-21,GPU Inference,Mid-Market,12300
2026-01-21,GPU Inference,Startup,10509
2026-01-21,GPU Inference,Research/Academic,1545
2026-01-21,CPU Batch,Enterprise,7264
2026-01-21,CPU Batch,Mid-Market,3878
2026-01-21,CPU Batch,Startup,1169
2026-01-21,CPU Batch,Research/Academic,1370
2026-01-21,CPU Interactive,Enterprise,5674
2026-01-21,CPU Interactive,Mid-Market,3375
2026-01-21,CPU Interactive,Startup,1990
2026-01-21,CPU Interactive,Research/Academic,2749
2026-01-22,GPU Training,Enterprise,25801
2026-01-22,GPU Training,Mid-Market,9497
2026-01-22,GPU Training,Startup,5631
2026-01-22,GPU Training,Research/Academic,3865
2026-01-22,GPU Inference,Enterprise,25329
2026-01-22,GPU Inference,Mid-Market,13853
2026-01-22,GPU Inference,Startup,12629
2026-01-22,GPU Inference,Research/Academic,1801
2026-01-22,CPU Batch,Enterprise,7301
2026-01-22,CPU Batch,Mid-Market,3822
2026-01-22,CPU Batch,Startup,1417
2026-01-22,CPU Batch,Research/Academic,1811
2026-01-22,CPU Interactive,Enterprise,5813
2026-01-22,CPU Interactive,Mid-Market,3321
2026-01-22,CPU Interactive,Startup,2729
2026-01-22,CPU Interactive,Research/Academic,2886
2026-01-23,GPU Training,Enterprise,24945
2026-01-23,GPU Training,Mid-Market,10122
2026-01-23,GPU Training,Startup,4828
2026-01-23,GPU Training,Research/Academic,4310
2026-01-23,GPU Inference,Enterprise,23333
2026-01-23,GPU Inference,Mid-Market,11843
2026-01-23,GPU Inference,Startup,10645
2026-01-23,GPU Inference,Research/Academic,1490
2026-01-23,CPU Batch,Enterprise,7466
2026-01-23,CPU Batch,Mid-Market,4152
2026-01-23,CPU Batch,Startup,1279
2026-01-23,CPU Batch,Research/Academic,1574
2026-01-23,CPU Interactive,Enterprise,5550
2026-01-23,CPU Interactive,Mid-Market,3118
2026-01-23,CPU Interactive,Startup,2310
2026-01-23,CPU Interactive,Research/Academic,2755
2026-01-24,GPU Training,Enterprise,17557
2026-01-24,GPU Training,Mid-Market,6915
2026-01-24,GPU Training,Startup,3483
2026-01-24,GPU Training,Research/Academic,3471
2026-01-24,GPU Inference,Enterprise,17450
2026-01-24,GPU Inference,Mid-Market,7756
2026-01-24,GPU Inference,Startup,10129
2026-01-24,GPU Inference,Research/Academic,1106
2026-01-24,CPU Batch,Enterprise,4996
2026-01-24,CPU Batch,Mid-Market,2682
2026-01-24,CPU Batch,Startup,927
2026-01-24,CPU Batch,Research/Academic,1030
2026-01-24,CPU Interactive,Enterprise,2857
2026-01-24,CPU Interactive,Mid-Market,1678
2026-01-24,CPU Interactive,Startup,1293
2026-01-24,CPU Interactive,Research/Academic,1440
2026-01-25,GPU Training,Enterprise,17888
2026-01-25,GPU Training,Mid-Market,6827
2026-01-25,GPU Training,Startup,3443
2026-01-25,GPU Training,Research/Academic,2731
2026-01-25,GPU Inference,Enterprise,14531
2026-01-25,GPU Inference,Mid-Market,8279
2026-01-25,GPU Inference,Startup,6002
2026-01-25,GPU Inference,Research/Academic,932
2026-01-25,CPU Batch,Enterprise,3797
2026-01-25,CPU Batch,Mid-Market,2126
2026-01-25,CPU Batch,Startup,772
2026-01-25,CPU Batch,Research/Academic,790
2026-01-25,CPU Interactive,Enterprise,2676
2026-01-25,CPU Interactive,Mid-Market,1780
2026-01-25,CPU Interactive,Startup,1249
2026-01-25,CPU Interactive,Research/Academic,1277
2026-01-26,GPU Training,Enterprise,24059
2026-01-26,GPU Training,Mid-Market,8315
2026-01-26,GPU Training,Startup,4088
2026-01-26,GPU Training,Research/Academic,3982
2026-01-26,GPU Inference,Enterprise,23099
2026-01-26,GPU Inference,Mid-Market,13575
2026-01-26,GPU Inference,Startup,10933
2026-01-26,GPU Inference,Research/Academic,1550
2026-01-26,CPU Batch,Enterprise,7039
2026-01-26,CPU Batch,Mid-Market,3740
2026-01-26,CPU Batch,Startup,1127
2026-01-26,CPU Batch,Research/Academic,1379
2026-01-26,CPU Interactive,Enterprise,5264
2026-01-26,CPU Interactive,Mid-Market,2957
2026-01-26,CPU Interactive,Startup,1991
2026-01-26,CPU Interactive,Research/Academic,2665
2026-01-27,GPU Training,Enterprise,25451
2026-01-27,GPU Training,Mid-Market,10085
2026-01-27,GPU Training,Startup,4580
2026-01-27,GPU Training,Research/Academic,4205
2026-01-27,GPU Inference,Enterprise,23041
2026-01-27,GPU Inference,Mid-Market,13310
2026-01-27,GPU Inference,Startup,11043
2026-01-27,GPU Inference,Research/Academic,1776
2026-01-27,CPU Batch,Enterprise,7431
2026-01-27,CPU Batch,Mid-Market,4214
2026-01-27,CPU Batch,Startup,1329
2026-01-27,CPU Batch,Research/Academic,1488
2026-01-27,CPU Interactive,Enterprise,5529
2026-01-27,CPU Interactive,Mid-Market,3561
2026-01-27,CPU Interactive,Startup,2224
2026-01-27,CPU Interactive,Research/Academic,2449
2026-01-28,GPU Training,Enterprise,26660
2026-01-28,GPU Training,Mid-Market,10187
2026-01-28,GPU Training,Startup,6522
2026-01-28,GPU Training,Research/Academic,4458
2026-01-28,GPU Inference,Enterprise,24587
2026-01-28,GPU Inference,Mid-Market,15153
2026-01-28,GPU Inference,Startup,10550
2026-01-28,GPU Inference,Research/Academic,1574
2026-01-28,CPU Batch,Enterprise,7152
2026-01-28,CPU Batch,Mid-Market,3430
2026-01-28,CPU Batch,Startup,1338
2026-01-28,CPU Batch,Research/Academic,1496
2026-01-28,CPU Interactive,Enterprise,6050
2026-01-28,CPU Interactive,Mid-Market,3361
2026-01-28,CPU Interactive,Startup,2533
2026-01-28,CPU Interactive,Research/Academic,2730
2026-01-29,GPU Training,Enterprise,24853
2026-01-29,GPU Training,Mid-Market,10158
2026-01-29,GPU Training,Startup,6086
2026-01-29,GPU Training,Research/Academic,4355
2026-01-29,GPU Inference,Enterprise,23951
2026-01-29,GPU Inference,Mid-Market,12539
2026-01-29,GPU Inference,Startup,13029
2026-01-29,GPU Inference,Research/Academic,1579
2026-01-29,CPU Batch,Enterprise,7391
2026-01-29,CPU Batch,Mid-Market,3935
2026-01-29,CPU Batch,Startup,1143
2026-01-29,CPU Batch,Research/Academic,1601
2026-01-29,CPU Interactive,Enterprise,6128
2026-01-29,CPU Interactive,Mid-Market,3856
2026-01-29,CPU Interactive,Startup,2650
2026-01-29,CPU Interactive,Research/Academic,3303
2026-01-30,GPU Training,Enterprise,23688
2026-01-30,GPU Training,Mid-Market,8622
2026-01-30,GPU Training,Startup,5200
2026-01-30,GPU Training,Research/Academic,4472
2026-01-30,GPU Inference,Enterprise,24188
2026-01-30,GPU Inference,Mid-Market,14177
2026-01-30,GPU Inference,Startup,8960
2026-01-30,GPU Inference,Research/Academic,1741
2026-01-30,CPU Batch,Enterprise,7305
2026-01-30,CPU Batch,Mid-Market,3493
2026-01-30,CPU Batch,Startup,1279
2026-01-30,CPU Batch,Research/Academic,1542
2026-01-30,CPU Interactive,Enterprise,5559
2026-01-30,CPU Interactive,Mid-Market,3292
2026-01-30,CPU Interactive,Startup,2328
2026-01-30,CPU Interactive,Research/Academic,2360
2026-01-31,GPU Training,Enterprise,18555
2026-01-31,GPU Training,Mid-Market,6567
2026-01-31,GPU Training,Startup,4296
2026-01-31,GPU Training,Research/Academic,3558
2026-01-31,GPU Inference,Enterprise,15661
2026-01-31,GPU Inference,Mid-Market,8699
2026-01-31,GPU Inference,Startup,7654
2026-01-31,GPU Inference,Research/Academic,1062
2026-01-31,CPU Batch,Enterprise,4887
2026-01-31,CPU Batch,Mid-Market,2516
2026-01-31,CPU Batch,Startup,846
2026-01-31,CPU Batch,Research/Academic,1104
2026-01-31,CPU Interactive,Enterprise,3162
2026-01-31,CPU Interactive,Mid-Market,1569
2026-01-31,CPU Interactive,Startup,1443
2026-01-31,CPU Interactive,Research/Academic,1649
2026-02-01,GPU Training,Enterprise,20111
2026-02-01,GPU Training,Mid-Market,7368
2026-02-01,GPU Training,Startup,3679
2026-02-01,GPU Training,Research/Academic,2977
2026-02-01,GPU Inference,Enterprise,15366
2026-02-01,GPU Inference,Mid-Market,8905
2026-02-01,GPU Inference,Startup,9198
2026-02-01,GPU Inference,Research/Academic,1192
2026-02-01,CPU Batch,Enterprise,4363
2026-02-01,CPU Batch,Mid-Market,2396
2026-02-01,CPU Batch,Startup,715
2026-02-01,CPU Batch,Research/Academic,892
2026-02-01,CPU Interactive,Enterprise,2901
2026-02-01,CPU Interactive,Mid-Market,1620
2026-02-01,CPU Interactive,Startup,1158
2026-02-01,CPU Interactive,Research/Academic,1405
2026-02-02,GPU Training,Enterprise,25846
2026-02-02,GPU Training,Mid-Market,10372
2026-02-02,GPU Training,Startup,4861
2026-02-02,GPU Training,Research/Academic,4615
2026-02-02,GPU Inference,Enterprise,24985
2026-02-02,GPU Inference,Mid-Market,13298
2026-02-02,GPU Inference,Startup,13171
2026-02-02,GPU Inference,Research/Academic,1698
2026-02-02,CPU Batch,Enterprise,7900
2026-02-02,CPU Batch,Mid-Market,3797
2026-02-02,CPU Batch,Startup,1444
2026-02-02,CPU Batch,Research/Academic,1598
2026-02-02,CPU Interactive,Enterprise,5523
2026-02-02,CPU Interactive,Mid-Market,3045
2026-02-02,CPU Interactive,Startup,2020
2026-02-02,CPU Interactive,Research/Academic,2376
2026-02-03,GPU Training,Enterprise,27225
2026-02-03,GPU Training,Mid-Market,12002
2026-02-03,GPU Training,Startup,4654
2026-02-03,GPU Training,Research/Academic,4181
2026-02-03,GPU Inference,Enterprise,26790
2026-02-03,GPU Inference,Mid-Market,14368
2026-02-03,GPU Inference,Startup,14891
2026-02-03,GPU Inference,Research/Academic,1721
2026-02-03,CPU Batch,Enterprise,7611
2026-02-03,CPU Batch,Mid-Market,4141
2026-02-03,CPU Batch,Startup,953
2026-02-03,CPU Batch,Research/Academic,1499
2026-02-03,CPU Interactive,Enterprise,6325
2026-02-03,CPU Interactive,Mid-Market,3713
2026-02-03,CPU Interactive,Startup,2914
2026-02-03,CPU Interactive,Research/Academic,3056
2026-02-04,GPU Training,Enterprise,25381
2026-02-04,GPU Training,Mid-Market,10479
2026-02-04,GPU Training,Startup,6948
2026-02-04,GPU Training,Research/Academic,5383
2026-02-04,GPU Inference,Enterprise,28268
2026-02-04,GPU Inference,Mid-Market,14604
2026-02-04,GPU Inference,Startup,11869
2026-02-04,GPU Inference,Research/Academic,1780
2026-02-04,CPU Batch,Enterprise,8020
2026-02-04,CPU Batch,Mid-Market,4830
2026-02-04,CPU Batch,Startup,1342
2026-02-04,CPU Batch,Research/Academic,1692
2026-02-04,CPU Interactive,Enterprise,6336
2026-02-04,CPU Interactive,Mid-Market,3645
2026-02-04,CPU Interactive,Startup,2754
2026-02-04,CPU Interactive,Research/Academic,2887
2026-02-05,GPU Training,Enterprise,26646
2026-02-05,GPU Training,Mid-Market,12070
2026-02-05,GPU Training,Startup,4873
2026-02-05,GPU Training,Research/Academic,5391
2026-02-05,GPU Inference,Enterprise,24826
2026-02-05,GPU Inference,Mid-Market,14272
2026-02-05,GPU Inference,Startup,15631
2026-02-05,GPU Inference,Research/Academic,1787
2026-02-05,CPU Batch,Enterprise,7606
2026-02-05,CPU Batch,Mid-Market,4462
2026-02-05,CPU Batch,Startup,1317
2026-02-05,CPU Batch,Research/Academic,1661
2026-02-05,CPU Interactive,Enterprise,6329
2026-02-05,CPU Interactive,Mid-Market,3633
2026-02-05,CPU Interactive,Startup,2448
2026-02-05,CPU Interactive,Research/Academic,3818
2026-02-06,GPU Training,Enterprise,26298
2026-02-06,GPU Training,Mid-Market,10206
2026-02-06,GPU Training,Startup,5314
2026-02-06,GPU Training,Research/Academic,5205
2026-02-06,GPU Inference,Enterprise,23962
2026-02-06,GPU Inference,Mid-Market,14562
2026-02-06,GPU Inference,Startup,12916
2026-02-06,GPU Inference,Research/Academic,1521
2026-02-06,CPU Batch,Enterprise,7545
2026-02-06,CPU Batch,Mid-Market,4306
2026-02-06,CPU Batch,Startup,1145
2026-02-06,CPU Batch,Research/Academic,1678
2026-02-06,CPU Interactive,Enterprise,6352
2026-02-06,CPU Interactive,Mid-Market,3366
2026-02-06,CPU Interactive,Startup,2015
2026-02-06,CPU Interactive,Research/Academic,2681
2026-02-07,GPU Training,Enterprise,20014
2026-02-07,GPU Training,Mid-Market,7795
2026-02-07,GPU Training,Startup,4406
2026-02-07,GPU Training,Research/Academic,3528
2026-02-07,GPU Inference,Enterprise,19188
2026-02-07,GPU Inference,Mid-Market,9938
2026-02-07,GPU Inference,Startup,8107
2026-02-07,GPU Inference,Research/Academic,1307
2026-02-07,CPU Batch,Enterprise,5469
2026-02-07,CPU Batch,Mid-Market,2855
2026-02-07,CPU Batch,Startup,823
2026-02-07,CPU Batch,Research/Academic,1151
2026-02-07,CPU Interactive,Enterprise,3248
2026-02-07,CPU Interactive,Mid-Market,1592
2026-02-07,CPU Interactive,Startup,1419
2026-02-07,CPU Interactive,Research/Academic,1702
2026-02-08,GPU Training,Enterprise,20119
2026-02-08,GPU Training,Mid-Market,7123
2026-02-08,GPU Training,Startup,4172
2026-02-08,GPU Training,Research/Academic,3291
2026-02-08,GPU Inference,Enterprise,16237
2026-02-08,GPU Inference,Mid-Market,9059
2026-02-08,GPU Inference,Startup,8458
2026-02-08,GPU Inference,Research/Academic,1095
2026-02-08,CPU Batch,Enterprise,4592
2026-02-08,CPU Batch,Mid-Market,2623
2026-02-08,CPU Batch,Startup,664
2026-02-08,CPU Batch,Research/Academic,926
2026-02-08,CPU Interactive,Enterprise,2778
2026-02-08,CPU Interactive,Mid-Market,1524
2026-02-08,CPU Interactive,Startup,942
2026-02-08,CPU Interactive,Research/Academic,1369
2026-02-09,GPU Training,Enterprise,25830
2026-02-09,GPU Training,Mid-Market,9896
2026-02-09,GPU Training,Startup,5415
2026-02-09,GPU Training,Research/Academic,4450
2026-02-09,GPU Inference,Enterprise,26370
2026-02-09,GPU Inference,Mid-Market,13444
2026-02-09,GPU Inference,Startup,11277
2026-02-09,GPU Inference,Research/Academic,1645
2026-02-09,CPU Batch,Enterprise,8173
2026-02-09,CPU Batch,Mid-Market,3776
2026-02-09,CPU Batch,Startup,1336
2026-02-09,CPU Batch,Research/Academic,1752
2026-02-09,CPU Interactive,Enterprise,5142
2026-02-09,CPU Interactive,Mid-Market,3266
2026-02-09,CPU Interactive,Startup,2462
2026-02-09,CPU Interactive,Research/Academic,2676
2026-02-10,GPU Training,Enterprise,25946
2026-02-10,GPU Training,Mid-Market,10088
2026-02-10,GPU Training,Startup,5478
2026-02-10,GPU Training,Research/Academic,4412
2026-02-10,GPU Inference,Enterprise,25688
2026-02-10,GPU Inference,Mid-Market,14211
2026-02-10,GPU Inference,Startup,15751
2026-02-10,GPU Inference,Research/Academic,1579
2026-02-10,CPU Batch,Enterprise,7278
2026-02-10,CPU Batch,Mid-Market,4590
2026-02-10,CPU Batch,Startup,1244
2026-02-10,CPU Batch,Research/Academic,1593
2026-02-10,CPU Interactive,Enterprise,6080
2026-02-10,CPU Interactive,Mid-Market,3480
2026-02-10,CPU Interactive,Startup,2324
2026-02-10,CPU Interactive,Research/Academic,3075
2026-02-11,GPU Training,Enterprise,26858
2026-02-11,GPU Training,Mid-Market,10794
2026-02-11,GPU Training,Startup,4582
2026-02-11,GPU Training,Research/Academic,5201
2026-02-11,GPU Inference,Enterprise,26786
2026-02-11,GPU Inference,Mid-Market,15715
2026-02-11,GPU Inference,Startup,14899
2026-02-11,GPU Inference,Research/Academic,1871
2026-02-11,CPU Batch,Enterprise,8028
2026-02-11,CPU Batch,Mid-Market,4459
2026-02-11,CPU Batch,Startup,1167
2026-02-11,CPU Batch,Research/Academic,1540
2026-02-11,CPU Interactive,Enterprise,6310
2026-02-11,CPU Interactive,Mid-Market,3393
2026-02-11,CPU Interactive,Startup,3047
2026-02-11,CPU Interactive,Research/Academic,3156
2026-02-12,GPU Training,Enterprise,27143
2026-02-12,GPU Training,Mid-Market,10826
2026-02-12,GPU Training,Startup,6081
2026-02-12,GPU Training,Research/Academic,4711
2026-02-12,GPU Inference,Enterprise,27300
2026-02-12,GPU Inference,Mid-Market,15089
2026-02-12,GPU Inference,Startup,11931
2026-02-12,GPU Inference,Research/Academic,1508
2026-02-12,CPU Batch,Enterprise,7914
2026-02-12,CPU Batch,Mid-Market,4515
2026-02-12,CPU Batch,Startup,1255
2026-02-12,CPU Batch,Research/Academic,1867
2026-02-12,CPU Interactive,Enterprise,6496
2026-02-12,CPU Interactive,Mid-Market,4019
2026-02-12,CPU Interactive,Startup,3030
2026-02-12,CPU Interactive,Research/Academic,3421
2026-02-13,GPU Training,Enterprise,25427
2026-02-13,GPU Training,Mid-Market,10555
2026-02-13,GPU Training,Startup,6623
2026-02-13,GPU Training,Research/Academic,4622
2026-02-13,GPU Inference,Enterprise,26361
2026-02-13,GPU Inference,Mid-Market,13014
2026-02-13,GPU Inference,Startup,16959
2026-02-13,GPU Inference,Research/Academic,1604
2026-02-13,CPU Batch,Enterprise,7213
2026-02-13,CPU Batch,Mid-Market,4120
2026-02-13,CPU Batch,Startup,950
2026-02-13,CPU Batch,Research/Academic,1507
2026-02-13,CPU Interactive,Enterprise,6585
2026-02-13,CPU Interactive,Mid-Market,3251
2026-02-13,CPU Interactive,Startup,2031
2026-02-13,CPU Interactive,Research/Academic,2878
2026-02-14,GPU Training,Enterprise,19624
2026-02-14,GPU Training,Mid-Market,8541
2026-02-14,GPU Training,Startup,3921
2026-02-14,GPU Training,Research/Academic,3522
2026-02-14,GPU Inference,Enterprise,17234
2026-02-14,GPU Inference,Mid-Market,12042
2026-02-14,GPU Inference,Startup,10023
2026-02-14,GPU Inference,Research/Academic,1181
2026-02-14,CPU Batch,Enterprise,5149
2026-02-14,CPU Batch,Mid-Market,2709
2026-02-14,CPU Batch,Startup,776
2026-02-14,CPU Batch,Research/Academic,1029
2026-02-14,CPU Interactive,Enterprise,3513
2026-02-14,CPU Interactive,Mid-Market,1775
2026-02-14,CPU Interactive,Startup,1032
2026-02-14,CPU Interactive,Research/Academic,1445
2026-02-15,GPU Training,Enterprise,19805
2026-02-15,GPU Training,Mid-Market,7411
2026-02-15,GPU Training,Startup,4030
2026-02-15,GPU Training,Research/Academic,3549
2026-02-15,GPU Inference,Enterprise,15808
2026-02-15,GPU Inference,Mid-Market,9487
2026-02-15,GPU Inference,Startup,7877
2026-02-15,GPU Inference,Research/Academic,1130
2026-02-15,CPU Batch,Enterprise,4397
2026-02-15,CPU Batch,Mid-Market,2374
2026-02-15,CPU Batch,Startup,805
2026-02-15,CPU Batch,Research/Academic,998
2026-02-15,CPU Interactive,Enterprise,2815
2026-02-15,CPU Interactive,Mid-Market,1540
2026-02-15,CPU Interactive,Startup,1393
2026-02-15,CPU Interactive,Research/Academic,1434
2026-02-16,GPU Training,Enterprise,13787
2026-02-16,GPU Training,Mid-Market,5770
2026-02-16,GPU Training,Startup,4637
2026-02-16,GPU Training,Research/Academic,2175
2026-02-16,GPU Inference,Enterprise,13723
2026-02-16,GPU Inference,Mid-Market,8458
2026-02-16,GPU Inference,Startup,10274
2026-02-16,GPU Inference,Research/Academic,827
2026-02-16,CPU Batch,Enterprise,4383
2026-02-16,CPU Batch,Mid-Market,2691
2026-02-16,CPU Batch,Startup,992
2026-02-16,CPU Batch,Research/Academic,892
2026-02-16,CPU Interactive,Enterprise,3119
2026-02-16,CPU Interactive,Mid-Market,2006
2026-02-16,CPU Interactive,Startup,1947
2026-02-16,CPU Interactive,Research/Academic,1485
2026-02-17,GPU Training,Enterprise,27753
2026-02-17,GPU Training,Mid-Market,11058
2026-02-17,GPU Training,Startup,7269
2026-02-17,GPU Training,Research/Academic,4336
2026-02-17,GPU Inference,Enterprise,26236
2026-02-17,GPU Inference,Mid-Market,14484
2026-02-17,GPU Inference,Startup,13240
2026-02-17,GPU Inference,Research/Academic,1488
2026-02-17,CPU Batch,Enterprise,8263
2026-02-17,CPU Batch,Mid-Market,3935
2026-02-17,CPU Batch,Startup,1304
2026-02-17,CPU Batch,Research/Academic,1468
2026-02-17,CPU Interactive,Enterprise,6279
2026-02-17,CPU Interactive,Mid-Market,3258
2026-02-17,CPU Interactive,Startup,2170
2026-02-17,CPU Interactive,Research/Academic,3002
2026-02-18,GPU Training,Enterprise,27272
2026-02-18,GPU Training,Mid-Market,10656
2026-02-18,GPU Training,Startup,6154
2026-02-18,GPU Training,Research/Academic,5058
2026-02-18,GPU Inference,Enterprise,26308
2026-02-18,GPU Inference,Mid-Market,14129
2026-02-18,GPU Inference,Startup,14301
2026-02-18,GPU Inference,Research/Academic,1875
2026-02-18,CPU Batch,Enterprise,8531
2026-02-18,CPU Batch,Mid-Market,4037
2026-02-18,CPU Batch,Startup,1265
2026-02-18,CPU Batch,Research/Academic,1859
2026-02-18,CPU Interactive,Enterprise,6876
2026-02-18,CPU Interactive,Mid-Market,3331
2026-02-18,CPU Interactive,Startup,2362
2026-02-18,CPU Interactive,Research/Academic,3161
2026-02-19,GPU Training,Enterprise,27426
2026-02-19,GPU Training,Mid-Market,10528
2026-02-19,GPU Training,Startup,6215
2026-02-19,GPU Training,Research/Academic,5371
2026-02-19,GPU Inference,Enterprise,25825
2026-02-19,GPU Inference,Mid-Market,16843
2026-02-19,GPU Inference,Startup,13336
2026-02-19,GPU Inference,Research/Academic,1847
2026-02-19,CPU Batch,Enterprise,8577
2026-02-19,CPU Batch,Mid-Market,4453
2026-02-19,CPU Batch,Startup,1269
2026-02-19,CPU Batch,Research/Academic,1792
2026-02-19,CPU Interactive,Enterprise,6482
2026-02-19,CPU Interactive,Mid-Market,3805
2026-02-19,CPU Interactive,Startup,2588
2026-02-19,CPU Interactive,Research/Academic,3373
2026-02-20,GPU Training,Enterprise,25356
2026-02-20,GPU Training,Mid-Market,9881
2026-02-20,GPU Training,Startup,4871
2026-02-20,GPU Training,Research/Academic,4510
2026-02-20,GPU Inference,Enterprise,24440
2026-02-20,GPU Inference,Mid-Market,13799
2026-02-20,GPU Inference,Startup,11954
2026-02-20,GPU Inference,Research/Academic,1929
2026-02-20,CPU Batch,Enterprise,7523
2026-02-20,CPU Batch,Mid-Market,3868
2026-02-20,CPU Batch,Startup,1318
2026-02-20,CPU Batch,Research/Academic,1883
2026-02-20,CPU Interactive,Enterprise,5935
2026-02-20,CPU Interactive,Mid-Market,3343
2026-02-20,CPU Interactive,Startup,2829
2026-02-20,CPU Interactive,Research/Academic,3084
2026-02-21,GPU Training,Enterprise,20791
2026-02-21,GPU Training,Mid-Market,7766
2026-02-21,GPU Training,Startup,4648
2026-02-21,GPU Training,Research/Academic,3097
2026-02-21,GPU Inference,Enterprise,17734
2026-02-21,GPU Inference,Mid-Market,11208
2026-02-21,GPU Inference,Startup,11179
2026-02-21,GPU Inference,Research/Academic,1241
2026-02-21,CPU Batch,Enterprise,4832
2026-02-21,CPU Batch,Mid-Market,2594
2026-02-21,CPU Batch,Startup,786
2026-02-21,CPU Batch,Research/Academic,1082
2026-02-21,CPU Interactive,Enterprise,3134
2026-02-21,CPU Interactive,Mid-Market,1821
2026-02-21,CPU Interactive,Startup,1656
2026-02-21,CPU Interactive,Research/Academic,1640
2026-02-22,GPU Training,Enterprise,19345
2026-02-22,GPU Training,Mid-Market,7069
2026-02-22,GPU Training,Startup,3393
2026-02-22,GPU Training,Research/Academic,2935
2026-02-22,GPU Inference,Enterprise,15365
2026-02-22,GPU Inference,Mid-Market,9215
2026-02-22,GPU Inference,Startup,9057
2026-02-22,GPU Inference,Research/Academic,1002
2026-02-22,CPU Batch,Enterprise,4502
2026-02-22,CPU Batch,Mid-Market,2683
2026-02-22,CPU Batch,Startup,926
2026-02-22,CPU Batch,Research/Academic,1000
2026-02-22,CPU Interactive,Enterprise,2822
2026-02-22,CPU Interactive,Mid-Market,1682
2026-02-22,CPU Interactive,Startup,1359
2026-02-22,CPU Interactive,Research/Academic,1166
2026-02-23,GPU Training,Enterprise,27149
2026-02-23,GPU Training,Mid-Market,9751
2026-02-23,GPU Training,Startup,5171
2026-02-23,GPU Training,Research/Academic,4197
2026-02-23,GPU Inference,Enterprise,25635
2026-02-23,GPU Inference,Mid-Market,13065
2026-02-23,GPU Inference,Startup,12884
2026-02-23,GPU Inference,Research/Academic,1737
2026-02-23,CPU Batch,Enterprise,7677
2026-02-23,CPU Batch,Mid-Market,4228
2026-02-23,CPU Batch,Startup,1197
2026-02-23,CPU Batch,Research/Academic,1690
2026-02-23,CPU Interactive,Enterprise,5931
2026-02-23,CPU Interactive,Mid-Market,3428
2026-02-23,CPU Interactive,Startup,2435
2026-02-23,CPU Interactive,Research/Academic,2953
2026-02-24,GPU Training,Enterprise,27837
2026-02-24,GPU Training,Mid-Market,12839
2026-02-24,GPU Training,Startup,6708
2026-02-24,GPU Training,Research/Academic,4503
2026-02-24,GPU Inference,Enterprise,25651
2026-02-24,GPU Inference,Mid-Market,14580
2026-02-24,GPU Inference,Startup,13477
2026-02-24,GPU Inference,Research/Academic,1823
2026-02-24,CPU Batch,Enterprise,7619
2026-02-24,CPU Batch,Mid-Market,4608
2026-02-24,CPU Batch,Startup,1085
2026-02-24,CPU Batch,Research/Academic,1444
2026-02-24,CPU Interactive,Enterprise,6110
2026-02-24,CPU Interactive,Mid-Market,3257
2026-02-24,CPU Interactive,Startup,2150
2026-02-24,CPU Interactive,Research/Academic,2812
2026-02-25,GPU Training,Enterprise,27338
2026-02-25,GPU Training,Mid-Market,11171
2026-02-25,GPU Training,Startup,5643
2026-02-25,GPU Training,Research/Academic,4552
2026-02-25,GPU Inference,Enterprise,27388
2026-02-25,GPU Inference,Mid-Market,16420
2026-02-25,GPU Inference,Startup,17243
2026-02-25,GPU Inference,Research/Academic,1822
2026-02-25,CPU Batch,Enterprise,8135
2026-02-25,CPU Batch,Mid-Market,4306
2026-02-25,CPU Batch,Startup,1398
2026-02-25,CPU Batch,Research/Academic,1747
2026-02-25,CPU Interactive,Enterprise,6720
2026-02-25,CPU Interactive,Mid-Market,3141
2026-02-25,CPU Interactive,Startup,2523
2026-02-25,CPU Interactive,Research/Academic,3154
2026-02-26,GPU Training,Enterprise,28174
2026-02-26,GPU Training,Mid-Market,10462
2026-02-26,GPU Training,Startup,5208
2026-02-26,GPU Training,Research/Academic,5070
2026-02-26,GPU Inference,Enterprise,26606
2026-02-26,GPU Inference,Mid-Market,13546
2026-02-26,GPU Inference,Startup,16049
2026-02-26,GPU Inference,Research/Academic,1869
2026-02-26,CPU Batch,Enterprise,8027
2026-02-26,CPU Batch,Mid-Market,4093
2026-02-26,CPU Batch,Startup,1302
2026-02-26,CPU Batch,Research/Academic,1866
2026-02-26,CPU Interactive,Enterprise,6137
2026-02-26,CPU Interactive,Mid-Market,3301
2026-02-26,CPU Interactive,Startup,2472
2026-02-26,CPU Interactive,Research/Academic,3145
2026-02-27,GPU Training,Enterprise,26410
2026-02-27,GPU Training,Mid-Market,11166
2026-02-27,GPU Training,Startup,6629
2026-02-27,GPU Training,Research/Academic,4641
2026-02-27,GPU Inference,Enterprise,26776
2026-02-27,GPU Inference,Mid-Market,14909
2026-02-27,GPU Inference,Startup,13853
2026-02-27,GPU Inference,Research/Academic,1550
2026-02-27,CPU Batch,Enterprise,7526
2026-02-27,CPU Batch,Mid-Market,3861
2026-02-27,CPU Batch,Startup,1261
2026-02-27,CPU Batch,Research/Academic,1677
2026-02-27,CPU Interactive,Enterprise,5643
2026-02-27,CPU Interactive,Mid-Market,3381
2026-02-27,CPU Interactive,Startup,2193
2026-02-27,CPU Interactive,Research/Academic,2642
2026-02-28,GPU Training,Enterprise,20032
2026-02-28,GPU Training,Mid-Market,7526
2026-02-28,GPU Training,Startup,4773
2026-02-28,GPU Training,Research/Academic,3412
2026-02-28,GPU Inference,Enterprise,18930
2026-02-28,GPU Inference,Mid-Market,9927
2026-02-28,GPU Inference,Startup,9231
2026-02-28,GPU Inference,Research/Academic,1396
2026-02-28,CPU Batch,Enterprise,4901
2026-02-28,CPU Batch,Mid-Market,3096
2026-02-28,CPU Batch,Startup,1044
2026-02-28,CPU Batch,Research/Academic,1167
2026-02-28,CPU Interactive,Enterprise,3261
2026-02-28,CPU Interactive,Mid-Market,2055
2026-02-28,CPU Interactive,Startup,1296
2026-02-28,CPU Interactive,Research/Academic,1503
2026-03-01,GPU Training,Enterprise,21569
2026-03-01,GPU Training,Mid-Market,8344
2026-03-01,GPU Training,Startup,4227
2026-03-01,GPU Training,Research/Academic,4030
2026-03-01,GPU Inference,Enterprise,18252
2026-03-01,GPU Inference,Mid-Market,10503
2026-03-01,GPU Inference,Startup,8380
2026-03-01,GPU Inference,Research/Academic,1237
2026-03-01,CPU Batch,Enterprise,4867
2026-03-01,CPU Batch,Mid-Market,2540
2026-03-01,CPU Batch,Startup,824
2026-03-01,CPU Batch,Research/Academic,1164
2026-03-01,CPU Interactive,Enterprise,3297
2026-03-01,CPU Interactive,Mid-Market,1889
2026-03-01,CPU Interactive,Startup,1300
2026-03-01,CPU Interactive,Research/Academic,1517
2026-03-02,GPU Training,Enterprise,30168
2026-03-02,GPU Training,Mid-Market,11140
2026-03-02,GPU Training,Startup,6987
2026-03-02,GPU Training,Research/Academic,5428
2026-03-02,GPU Inference,Enterprise,28034
2026-03-02,GPU Inference,Mid-Market,15445
2026-03-02,GPU Inference,Startup,14387
2026-03-02,GPU Inference,Research/Academic,1689
2026-03-02,CPU Batch,Enterprise,8507
2026-03-02,CPU Batch,Mid-Market,5139
2026-03-02,CPU Batch,Startup,1252
2026-03-02,CPU Batch,Research/Academic,2022
2026-03-02,CPU Interactive,Enterprise,6371
2026-03-02,CPU Interactive,Mid-Market,4230
2026-03-02,CPU Interactive,Startup,2436
2026-03-02,CPU Interactive,Research/Academic,3082
2026-03-03,GPU Training,Enterprise,29613
2026-03-03,GPU Training,Mid-Market,11606
2026-03-03,GPU Training,Startup,7803
2026-03-03,GPU Training,Research/Academic,5364
2026-03-03,GPU Inference,Enterprise,31758
2026-03-03,GPU Inference,Mid-Market,15549
2026-03-03,GPU Inference,Startup,17480
2026-03-03,GPU Inference,Research/Academic,1846
2026-03-03,CPU Batch,Enterprise,8460
2026-03-03,CPU Batch,Mid-Market,4913
2026-03-03,CPU Batch,Startup,1503
2026-03-03,CPU Batch,Research/Academic,1880
2026-03-03,CPU Interactive,Enterprise,7208
2026-03-03,CPU Interactive,Mid-Market,4191
2026-03-03,CPU Interactive,Startup,3408
2026-03-03,CPU Interactive,Research/Academic,3062
2026-03-04,GPU Training,Enterprise,34189
2026-03-04,GPU Training,Mid-Market,14568
2026-03-04,GPU Training,Startup,6670
2026-03-04,GPU Training,Research/Academic,4736
2026-03-04,GPU Inference,Enterprise,29693
2026-03-04,GPU Inference,Mid-Market,17002
2026-03-04,GPU Inference,Startup,21206
2026-03-04,GPU Inference,Research/Academic,2055
2026-03-04,CPU Batch,Enterprise,8959
2026-03-04,CPU Batch,Mid-Market,4738
2026-03-04,CPU Batch,Startup,1284
2026-03-04,CPU Batch,Research/Academic,2066
2026-03-04,CPU Interactive,Enterprise,7239
2026-03-04,CPU Interactive,Mid-Market,4738
2026-03-04,CPU Interactive,Startup,3197
2026-03-04,CPU Interactive,Research/Academic,3733
2026-03-05,GPU Training,Enterprise,31907
2026-03-05,GPU Training,Mid-Market,11841
2026-03-05,GPU Training,Startup,6284
2026-03-05,GPU Training,Research/Academic,4851
2026-03-05,GPU Inference,Enterprise,32582
2026-03-05,GPU Inference,Mid-Market,17118
2026-03-05,GPU Inference,Startup,18705
2026-03-05,GPU Inference,Research/Academic,2076
2026-03-05,CPU Batch,Enterprise,9079
2026-03-05,CPU Batch,Mid-Market,4582
2026-03-05,CPU Batch,Startup,1561
2026-03-05,CPU Batch,Research/Academic,1893
2026-03-05,CPU Interactive,Enterprise,7738
2026-03-05,CPU Interactive,Mid-Market,3997
2026-03-05,CPU Interactive,Startup,3280
2026-03-05,CPU Interactive,Research/Academic,4090
2026-03-06,GPU Training,Enterprise,31112
2026-03-06,GPU Training,Mid-Market,12901
2026-03-06,GPU Training,Startup,7143
2026-03-06,GPU Training,Research/Academic,6016
2026-03-06,GPU Inference,Enterprise,30444
2026-03-06,GPU Inference,Mid-Market,17639
2026-03-06,GPU Inference,Startup,15873
2026-03-06,GPU Inference,Research/Academic,1841
2026-03-06,CPU Batch,Enterprise,8511
2026-03-06,CPU Batch,Mid-Market,5285
2026-03-06,CPU Batch,Startup,1298
2026-03-06,CPU Batch,Research/Academic,1988
2026-03-06,CPU Interactive,Enterprise,6932
2026-03-06,CPU Interactive,Mid-Market,4094
2026-03-06,CPU Interactive,Startup,2617
2026-03-06,CPU Interactive,Research/Academic,3075
2026-03-07,GPU Training,Enterprise,23821
2026-03-07,GPU Training,Mid-Market,9123
2026-03-07,GPU Training,Startup,4389
2026-03-07,GPU Training,Research/Academic,4599
2026-03-07,GPU Inference,Enterprise,20337
2026-03-07,GPU Inference,Mid-Market,10967
2026-03-07,GPU Inference,Startup,10846
2026-03-07,GPU Inference,Research/Academic,1514
2026-03-07,CPU Batch,Enterprise,5462
2026-03-07,CPU Batch,Mid-Market,3501
2026-03-07,CPU Batch,Startup,876
2026-03-07,CPU Batch,Research/Academic,1276
2026-03-07,CPU Interactive,Enterprise,3667
2026-03-07,CPU Interactive,Mid-Market,2439
2026-03-07,CPU Interactive,Startup,1562
2026-03-07,CPU Interactive,Research/Academic,1710
2026-03-08,GPU Training,Enterprise,21749
2026-03-08,GPU Training,Mid-Market,8793
2026-03-08,GPU Training,Startup,4878
2026-03-08,GPU Training,Research/Academic,3825
2026-03-08,GPU Inference,Enterprise,18970
2026-03-08,GPU Inference,Mid-Market,9652
2026-03-08,GPU Inference,Startup,9695
2026-03-08,GPU Inference,Research/Academic,1299
2026-03-08,CPU Batch,Enterprise,4972
2026-03-08,CPU Batch,Mid-Market,2899
2026-03-08,CPU Batch,Startup,841
2026-03-08,CPU Batch,Research/Academic,1052
2026-03-08,CPU Interactive,Enterprise,3408
2026-03-08,CPU Interactive,Mid-Market,1620
2026-03-08,CPU Interactive,Startup,1224
2026-03-08,CPU Interactive,Research/Academic,1722
2026-03-09,GPU Training,Enterprise,31601
2026-03-09,GPU Training,Mid-Market,13684
2026-03-09,GPU Training,Startup,6414
2026-03-09,GPU Training,Research/Academic,5110
2026-03-09,GPU Inference,Enterprise,30189
2026-03-09,GPU Inference,Mid-Market,17904
2026-03-09,GPU Inference,Startup,16163
2026-03-09,GPU Inference,Research/Academic,2051
2026-03-09,CPU Batch,Enterprise,8846
2026-03-09,CPU Batch,Mid-Market,4879
2026-03-09,CPU Batch,Startup,1276
2026-03-09,CPU Batch,Research/Academic,1773
2026-03-09,CPU Interactive,Enterprise,6367
2026-03-09,CPU Interactive,Mid-Market,3370
2026-03-09,CPU Interactive,Startup,2179
2026-03-09,CPU Interactive,Research/Academic,3017
2026-03-10,GPU Training,Enterprise,30536
2026-03-10,GPU Training,Mid-Market,12345
2026-03-10,GPU Training,Startup,7164
2026-03-10,GPU Training,Research/Academic,5252
2026-03-10,GPU Inference,Enterprise,30398
2026-03-10,GPU Inference,Mid-Market,16150
2026-03-10,GPU Inference,Startup,18195
2026-03-10,GPU Inference,Research/Academic,1984
2026-03-10,CPU Batch,Enterprise,8789
2026-03-10,CPU Batch,Mid-Market,4781
2026-03-10,CPU Batch,Startup,1344
2026-03-10,CPU Batch,Research/Academic,1796
2026-03-10,CPU Interactive,Enterprise,6868
2026-03-10,CPU Interactive,Mid-Market,3878
2026-03-10,CPU Interactive,Startup,3106
2026-03-10,CPU Interactive,Research/Academic,3483
2026-03-11,GPU Training,Enterprise,34417
2026-03-11,GPU Training,Mid-Market,13987
2026-03-11,GPU Training,Startup,8890
2026-03-11,GPU Training,Research/Academic,5669
2026-03-11,GPU Inference,Enterprise,32319
2026-03-11,GPU Inference,Mid-Market,17141
2026-03-11,GPU Inference,Startup,18636
2026-03-11,GPU Inference,Research/Academic,1953
2026-03-11,CPU Batch,Enterprise,8675
2026-03-11,CPU Batch,Mid-Market,5546
2026-03-11,CPU Batch,Startup,1300
2026-03-11,CPU Batch,Research/Academic,1996
2026-03-11,CPU Interactive,Enterprise,7035
2026-03-11,CPU Interactive,Mid-Market,4443
2026-03-11,CPU Interactive,Startup,3468
2026-03-11,CPU Interactive,Research/Academic,3648
2026-03-12,GPU Training,Enterprise,34029
2026-03-12,GPU Training,Mid-Market,12868
2026-03-12,GPU Training,Startup,9202
2026-03-12,GPU Training,Research/Academic,5756
2026-03-12,GPU Inference,Enterprise,30539
2026-03-12,GPU Inference,Mid-Market,17848
2026-03-12,GPU Inference,Startup,16603
2026-03-12,GPU Inference,Research/Academic,2018
2026-03-12,CPU Batch,Enterprise,8613
2026-03-12,CPU Batch,Mid-Market,5122
2026-03-12,CPU Batch,Startup,1279
2026-03-12,CPU Batch,Research/Academic,1575
2026-03-12,CPU Interactive,Enterprise,7383
2026-03-12,CPU Interactive,Mid-Market,4001
2026-03-12,CPU Interactive,Startup,2761
2026-03-12,CPU Interactive,Research/Academic,2801
2026-03-13,GPU Training,Enterprise,29889
2026-03-13,GPU Training,Mid-Market,12139
2026-03-13,GPU Training,Startup,6233
2026-03-13,GPU Training,Research/Academic,5340
2026-03-13,GPU Inference,Enterprise,31958
2026-03-13,GPU Inference,Mid-Market,17587
2026-03-13,GPU Inference,Startup,18276
2026-03-13,GPU Inference,Research/Academic,2147
2026-03-13,CPU Batch,Enterprise,8593
2026-03-13,CPU Batch,Mid-Market,5000
2026-03-13,CPU Batch,Startup,1656
2026-03-13,CPU Batch,Research/Academic,1810
2026-03-13,CPU Interactive,Enterprise,6625
2026-03-13,CPU Interactive,Mid-Market,3999
2026-03-13,CPU Interactive,Startup,2342
2026-03-13,CPU Interactive,Research/Academic,3005
2026-03-14,GPU Training,Enterprise,22957
2026-03-14,GPU Training,Mid-Market,9670
2026-03-14,GPU Training,Startup,5267
2026-03-14,GPU Training,Research/Academic,4285
2026-03-14,GPU Inference,Enterprise,20387
2026-03-14,GPU Inference,Mid-Market,11090
2026-03-14,GPU Inference,Startup,12051
2026-03-14,GPU Inference,Research/Academic,1289
2026-03-14,CPU Batch,Enterprise,5826
2026-03-14,CPU Batch,Mid-Market,2840
2026-03-14,CPU Batch,Startup,1015
2026-03-14,CPU Batch,Research/Academic,1414
2026-03-14,CPU Interactive,Enterprise,3626
2026-03-14,CPU Interactive,Mid-Market,2288
2026-03-14,CPU Interactive,Startup,1536
2026-03-14,CPU Interactive,Research/Academic,1573
2026-03-15,GPU Training,Enterprise,21341
2026-03-15,GPU Training,Mid-Market,8223
2026-03-15,GPU Training,Startup,4637
2026-03-15,GPU Training,Research/Academic,3826
2026-03-15,GPU Inference,Enterprise,20585
2026-03-15,GPU Inference,Mid-Market,9712
2026-03-15,GPU Inference,Startup,9657
2026-03-15,GPU Inference,Research/Academic,1155
2026-03-15,CPU Batch,Enterprise,4864
2026-03-15,CPU Batch,Mid-Market,2791
2026-03-15,CPU Batch,Startup,841
2026-03-15,CPU Batch,Research/Academic,927
2026-03-15,CPU Interactive,Enterprise,3261
2026-03-15,CPU Interactive,Mid-Market,1688
2026-03-15,CPU Interactive,Startup,1336
2026-03-15,CPU Interactive,Research/Academic,1729
2026-03-16,GPU Training,Enterprise,30064
2026-03-16,GPU Training,Mid-Market,11880
2026-03-16,GPU Training,Startup,6034
2026-03-16,GPU Training,Research/Academic,4961
2026-03-16,GPU Inference,Enterprise,30114
2026-03-16,GPU Inference,Mid-Market,17085
2026-03-16,GPU Inference,Startup,15591
2026-03-16,GPU Inference,Research/Academic,1943
2026-03-16,CPU Batch,Enterprise,8255
2026-03-16,CPU Batch,Mid-Market,4479
2026-03-16,CPU Batch,Startup,1556
2026-03-16,CPU Batch,Research/Academic,1948
2026-03-16,CPU Interactive,Enterprise,6545
2026-03-16,CPU Interactive,Mid-Market,4077
2026-03-16,CPU Interactive,Startup,2838
2026-03-16,CPU Interactive,Research/Academic,3066
2026-03-17,GPU Training,Enterprise,29533
2026-03-17,GPU Training,Mid-Market,13638
2026-03-17,GPU Training,Startup,7413
2026-03-17,GPU Training,Research/Academic,5984
2026-03-17,GPU Inference,Enterprise,33752
2026-03-17,GPU Inference,Mid-Market,15892
2026-03-17,GPU Inference,Startup,14227
2026-03-17,GPU Inference,Research/Academic,1595
2026-03-17,CPU Batch,Enterprise,9295
2026-03-17,CPU Batch,Mid-Market,5084
2026-03-17,CPU Batch,Startup,1490
2026-03-17,CPU Batch,Research/Academic,1700
2026-03-17,CPU Interactive,Enterprise,7020
2026-03-17,CPU Interactive,Mid-Market,4024
2026-03-17,CPU Interactive,Startup,3170
2026-03-17,CPU Interactive,Research/Academic,3449
2026-03-18,GPU Training,Enterprise,33383
2026-03-18,GPU Training,Mid-Market,12818
2026-03-18,GPU Training,Startup,8169
2026-03-18,GPU Training,Research/Academic,5712
2026-03-18,GPU Inference,Enterprise,30391
2026-03-18,GPU Inference,Mid-Market,19742
2026-03-18,GPU Inference,Startup,19815
2026-03-18,GPU Inference,Research/Academic,2142
2026-03-18,CPU Batch,Enterprise,9323
2026-03-18,CPU Batch,Mid-Market,5611
2026-03-18,CPU Batch,Startup,1245
2026-03-18,CPU Batch,Research/Academic,2130
2026-03-18,CPU Interactive,Enterprise,7171
2026-03-18,CPU Interactive,Mid-Market,4450
2026-03-18,CPU Interactive,Startup,3039
2026-03-18,CPU Interactive,Research/Academic,3169
2026-03-19,GPU Training,Enterprise,31891
2026-03-19,GPU Training,Mid-Market,13901
2026-03-19,GPU Training,Startup,6921
2026-03-19,GPU Training,Research/Academic,5168
2026-03-19,GPU Inference,Enterprise,31112
2026-03-19,GPU Inference,Mid-Market,18762
2026-03-19,GPU Inference,Startup,21144
2026-03-19,GPU Inference,Research/Academic,1740
2026-03-19,CPU Batch,Enterprise,10314
2026-03-19,CPU Batch,Mid-Market,5070
2026-03-19,CPU Batch,Startup,1625
2026-03-19,CPU Batch,Research/Academic,1863
2026-03-19,CPU Interactive,Enterprise,7506
2026-03-19,CPU Interactive,Mid-Market,4292
2026-03-19,CPU Interactive,Startup,2714
2026-03-19,CPU Interactive,Research/Academic,3370
2026-03-20,GPU Training,Enterprise,32582
2026-03-20,GPU Training,Mid-Market,11091
2026-03-20,GPU Training,Startup,7152
2026-03-20,GPU Training,Research/Academic,5035
2026-03-20,GPU Inference,Enterprise,29312
2026-03-20,GPU Inference,Mid-Market,19667
2026-03-20,GPU Inference,Startup,14603
2026-03-20,GPU Inference,Research/Academic,1800
2026-03-20,CPU Batch,Enterprise,8901
2026-03-20,CPU Batch,Mid-Market,4606
2026-03-20,CPU Batch,Startup,1476
2026-03-20,CPU Batch,Research/Academic,1899
2026-03-20,CPU Interactive,Enterprise,6922
2026-03-20,CPU Interactive,Mid-Market,3835
2026-03-20,CPU Interactive,Startup,2585
2026-03-20,CPU Interactive,Research/Academic,3456
2026-03-21,GPU Training,Enterprise,25473
2026-03-21,GPU Training,Mid-Market,9836
2026-03-21,GPU Training,Startup,6675
2026-03-21,GPU Training,Research/Academic,4227
2026-03-21,GPU Inference,Enterprise,24049
2026-03-21,GPU Inference,Mid-Market,14113
2026-03-21,GPU Inference,Startup,14456
2026-03-21,GPU Inference,Research/Academic,1572
2026-03-21,CPU Batch,Enterprise,6458
2026-03-21,CPU Batch,Mid-Market,3486
2026-03-21,CPU Batch,Startup,1031
2026-03-21,CPU Batch,Research/Academic,1136
2026-03-21,CPU Interactive,Enterprise,4212
2026-03-21,CPU Interactive,Mid-Market,2349
2026-03-21,CPU Interactive,Startup,1854
2026-03-21,CPU Interactive,Research/Academic,1940
2026-03-22,GPU Training,Enterprise,24651
2026-03-22,GPU Training,Mid-Market,8677
2026-03-22,GPU Training,Startup,4559
2026-03-22,GPU Training,Research/Academic,3283
2026-03-22,GPU Inference,Enterprise,20694
2026-03-22,GPU Inference,Mid-Market,11093
2026-03-22,GPU Inference,Startup,10053
2026-03-22,GPU Inference,Research/Academic,1380
2026-03-22,CPU Batch,Enterprise,5444
2026-03-22,CPU Batch,Mid-Market,2716
2026-03-22,CPU Batch,Startup,1236
2026-03-22,CPU Batch,Research/Academic,1154
2026-03-22,CPU Interactive,Enterprise,3380
2026-03-22,CPU Interactive,Mid-Market,1900
2026-03-22,CPU Interactive,Startup,1419
2026-03-22,CPU Interactive,Research/Academic,1665
2026-03-23,GPU Training,Enterprise,33740
2026-03-23,GPU Training,Mid-Market,12681
2026-03-23,GPU Training,Startup,8749
2026-03-23,GPU Training,Research/Academic,5157
2026-03-23,GPU Inference,Enterprise,32595
2026-03-23,GPU Inference,Mid-Market,19377
2026-03-23,GPU Inference,Startup,19933
2026-03-23,GPU Inference,Research/Academic,2297
2026-03-23,CPU Batch,Enterprise,9314
2026-03-23,CPU Batch,Mid-Market,5103
2026-03-23,CPU Batch,Startup,1151
2026-03-23,CPU Batch,Research/Academic,1938
2026-03-23,CPU Interactive,Enterprise,7377
2026-03-23,CPU Interactive,Mid-Market,4243
2026-03-23,CPU Interactive,Startup,2869
2026-03-23,CPU Interactive,Research/Academic,3869
2026-03-24,GPU Training,Enterprise,33140
2026-03-24,GPU Training,Mid-Market,12746
2026-03-24,GPU Training,Startup,6959
2026-03-24,GPU Training,Research/Academic,5125
2026-03-24,GPU Inference,Enterprise,34532
2026-03-24,GPU Inference,Mid-Market,19355
2026-03-24,GPU Inference,Startup,19547
2026-03-24,GPU Inference,Research/Academic,2101
2026-03-24,CPU Batch,Enterprise,9673
2026-03-24,CPU Batch,Mid-Market,4514
2026-03-24,CPU Batch,Startup,1669
2026-03-24,CPU Batch,Research/Academic,2043
2026-03-24,CPU Interactive,Enterprise,7302
2026-03-24,CPU Interactive,Mid-Market,4275
2026-03-24,CPU Interactive,Startup,3038
2026-03-24,CPU Interactive,Research/Academic,4201
2026-03-25,GPU Training,Enterprise,33813
2026-03-25,GPU Training,Mid-Market,14382
2026-03-25,GPU Training,Startup,6774
2026-03-25,GPU Training,Research/Academic,5618
2026-03-25,GPU Inference,Enterprise,35070
2026-03-25,GPU Inference,Mid-Market,19251
2026-03-25,GPU Inference,Startup,18709
2026-03-25,GPU Inference,Research/Academic,2295
2026-03-25,CPU Batch,Enterprise,9781
2026-03-25,CPU Batch,Mid-Market,5755
2026-03-25,CPU Batch,Startup,1583
2026-03-25,CPU Batch,Research/Academic,2068
2026-03-25,CPU Interactive,Enterprise,8032
2026-03-25,CPU Interactive,Mid-Market,4540
2026-03-25,CPU Interactive,Startup,3513
2026-03-25,CPU Interactive,Research/Academic,3881
2026-03-26,GPU Training,Enterprise,35972
2026-03-26,GPU Training,Mid-Market,13748
2026-03-26,GPU Training,Startup,6800
2026-03-26,GPU Training,Research/Academic,5242
2026-03-26,GPU Inference,Enterprise,32477
2026-03-26,GPU Inference,Mid-Market,22135
2026-03-26,GPU Inference,Startup,14384
2026-03-26,GPU Inference,Research/Academic,2460
2026-03-26,CPU Batch,Enterprise,9656
2026-03-26,CPU Batch,Mid-Market,5880
2026-03-26,CPU Batch,Startup,1261
2026-03-26,CPU Batch,Research/Academic,2046
2026-03-26,CPU Interactive,Enterprise,8619
2026-03-26,CPU Interactive,Mid-Market,4825
2026-03-26,CPU Interactive,Startup,3208
2026-03-26,CPU Interactive,Research/Academic,3326
2026-03-27,GPU Training,Enterprise,31985
2026-03-27,GPU Training,Mid-Market,14809
2026-03-27,GPU Training,Startup,7086
2026-03-27,GPU Training,Research/Academic,5578
2026-03-27,GPU Inference,Enterprise,33529
2026-03-27,GPU Inference,Mid-Market,17057
2026-03-27,GPU Inference,Startup,18822
2026-03-27,GPU Inference,Research/Academic,2063
2026-03-27,CPU Batch,Enterprise,9819
2026-03-27,CPU Batch,Mid-Market,5054
2026-03-27,CPU Batch,Startup,1323
2026-03-27,CPU Batch,Research/Academic,1959
2026-03-27,CPU Interactive,Enterprise,7621
2026-03-27,CPU Interactive,Mid-Market,4311
2026-03-27,CPU Interactive,Startup,3064
2026-03-27,CPU Interactive,Research/Academic,3813
2026-03-28,GPU Training,Enterprise,25502
2026-03-28,GPU Training,Mid-Market,10287
2026-03-28,GPU Training,Startup,5321
2026-03-28,GPU Training,Research/Academic,4616
2026-03-28,GPU Inference,Enterprise,23471
2026-03-28,GPU Inference,Mid-Market,12580
2026-03-28,GPU Inference,Startup,10500
2026-03-28,GPU Inference,Research/Academic,1630
2026-03-28,CPU Batch,Enterprise,6281
2026-03-28,CPU Batch,Mid-Market,3528
2026-03-28,CPU Batch,Startup,1413
2026-03-28,CPU Batch,Research/Academic,1441
2026-03-28,CPU Interactive,Enterprise,4378
2026-03-28,CPU Interactive,Mid-Market,2232
2026-03-28,CPU Interactive,Startup,1919
2026-03-28,CPU Interactive,Research/Academic,1965
2026-03-29,GPU Training,Enterprise,24476
2026-03-29,GPU Training,Mid-Market,11076
2026-03-29,GPU Training,Startup,5116
2026-03-29,GPU Training,Research/Academic,4016
2026-03-29,GPU Inference,Enterprise,20222
2026-03-29,GPU Inference,Mid-Market,12584
2026-03-29,GPU Inference,Startup,10616
2026-03-29,GPU Inference,Research/Academic,1462
2026-03-29,CPU Batch,Enterprise,5194
2026-03-29,CPU Batch,Mid-Market,3127
2026-03-29,CPU Batch,Startup,846
2026-03-29,CPU Batch,Research/Academic,1228
2026-03-29,CPU Interactive,Enterprise,3538
2026-03-29,CPU Interactive,Mid-Market,1925
2026-03-29,CPU Interactive,Startup,1390
2026-03-29,CPU Interactive,Research/Academic,1579
2026-03-30,GPU Training,Enterprise,33280
2026-03-30,GPU Training,Mid-Market,11923
2026-03-30,GPU Training,Startup,6839
2026-03-30,GPU Training,Research/Academic,5497
2026-03-30,GPU Inference,Enterprise,34444
2026-03-30,GPU Inference,Mid-Market,18207
2026-03-30,GPU Inference,Startup,17000
2026-03-30,GPU Inference,Research/Academic,2120
2026-03-30,CPU Batch,Enterprise,8684
2026-03-30,CPU Batch,Mid-Market,4706
2026-03-30,CPU Batch,Startup,1486
2026-03-30,CPU Batch,Research/Academic,1861
2026-03-30,CPU Interactive,Enterprise,6644
2026-03-30,CPU Interactive,Mid-Market,4248
2026-03-30,CPU Interactive,Startup,3006
2026-03-30,CPU Interactive,Research/Academic,3419
2026-03-31,GPU Training,Enterprise,32890
2026-03-31,GPU Training,Mid-Market,13560
2026-03-31,GPU Training,Startup,7897
2026-03-31,GPU Training,Research/Academic,5498
2026-03-31,GPU Inference,Enterprise,34552
2026-03-31,GPU Inference,Mid-Market,18119
2026-03-31,GPU Inference,Startup,18630
2026-03-31,GPU Inference,Research/Academic,2387
2026-03-31,CPU Batch,Enterprise,10205
2026-03-31,CPU Batch,Mid-Market,5784
2026-03-31,CPU Batch,Startup,1657
2026-03-31,CPU Batch,Research/Academic,2033
2026-03-31,CPU Interactive,Enterprise,7516
2026-03-31,CPU Interactive,Mid-Market,3809
2026-03-31,CPU Interactive,Startup,2680
2026-03-31,CPU Interactive,Research/Academic,3603
2026-04-01,GPU Training,Enterprise,29656
2026-04-01,GPU Training,Mid-Market,13114
2026-04-01,GPU Training,Startup,7661
2026-04-01,GPU Training,Research/Academic,4680
2026-04-01,GPU Inference,Enterprise,30343
2026-04-01,GPU Inference,Mid-Market,16034
2026-04-01,GPU Inference,Startup,17304
2026-04-01,GPU Inference,Research/Academic,2009
2026-04-01,CPU Batch,Enterprise,8826
2026-04-01,CPU Batch,Mid-Market,4402
2026-04-01,CPU Batch,Startup,1563
2026-04-01,CPU Batch,Research/Academic,1509
2026-04-01,CPU Interactive,Enterprise,7026
2026-04-01,CPU Interactive,Mid-Market,3762
2026-04-01,CPU Interactive,Startup,2745
2026-04-01,CPU Interactive,Research/Academic,2704
2026-04-02,GPU Training,Enterprise,29346
2026-04-02,GPU Training,Mid-Market,13074
2026-04-02,GPU Training,Startup,6224
2026-04-02,GPU Training,Research/Academic,5236
2026-04-02,GPU Inference,Enterprise,29439
2026-04-02,GPU Inference,Mid-Market,17884
2026-04-02,GPU Inference,Startup,16345
2026-04-02,GPU Inference,Research/Academic,1748
2026-04-02,CPU Batch,Enterprise,8419
2026-04-02,CPU Batch,Mid-Market,5099
2026-04-02,CPU Batch,Startup,1470
2026-04-02,CPU Batch,Research/Academic,1737
2026-04-02,CPU Interactive,Enterprise,7499
2026-04-02,CPU Interactive,Mid-Market,4198
2026-04-02,CPU Interactive,Startup,3112
2026-04-02,CPU Interactive,Research/Academic,3352
2026-04-03,GPU Training,Enterprise,29315
2026-04-03,GPU Training,Mid-Market,11983
2026-04-03,GPU Training,Startup,4818
2026-04-03,GPU Training,Research/Academic,4874
2026-04-03,GPU Inference,Enterprise,27888
2026-04-03,GPU Inference,Mid-Market,15311
2026-04-03,GPU Inference,Startup,14909
2026-04-03,GPU Inference,Research/Academic,1587
2026-04-03,CPU Batch,Enterprise,7600
2026-04-03,CPU Batch,Mid-Market,4837
2026-04-03,CPU Batch,Startup,1424
2026-04-03,CPU Batch,Research/Academic,1405
2026-04-03,CPU Interactive,Enterprise,6116
2026-04-03,CPU Interactive,Mid-Market,3761
2026-04-03,CPU Interactive,Startup,2493
2026-04-03,CPU Interactive,Research/Academic,3297
2026-04-04,GPU Training,Enterprise,22638
2026-04-04,GPU Training,Mid-Market,7878
2026-04-04,GPU Training,Startup,4694
2026-04-04,GPU Training,Research/Academic,3472
2026-04-04,GPU Inference,Enterprise,18580
2026-04-04,GPU Inference,Mid-Market,10025
2026-04-04,GPU Inference,Startup,9704
2026-04-04,GPU Inference,Research/Academic,1194
2026-04-04,CPU Batch,Enterprise,5510
2026-04-04,CPU Batch,Mid-Market,3181
2026-04-04,CPU Batch,Startup,956
2026-04-04,CPU Batch,Research/Academic,1207
2026-04-04,CPU Interactive,Enterprise,3422
2026-04-04,CPU Interactive,Mid-Market,2039
2026-04-04,CPU Interactive,Startup,1400
2026-04-04,CPU Interactive,Research/Academic,1592
2026-04-05,GPU Training,Enterprise,21970
2026-04-05,GPU Training,Mid-Market,6905
2026-04-05,GPU Training,Startup,3580
2026-04-05,GPU Training,Research/Academic,3479
2026-04-05,GPU Inference,Enterprise,17565
2026-04-05,GPU Inference,Mid-Market,9074
2026-04-05,GPU Inference,Startup,8520
2026-04-05,GPU Inference,Research/Academic,1054
2026-04-05,CPU Batch,Enterprise,4840
2026-04-05,CPU Batch,Mid-Market,2760
2026-04-05,CPU Batch,Startup,938
2026-04-05,CPU Batch,Research/Academic,858
2026-04-05,CPU Interactive,Enterprise,2824
2026-04-05,CPU Interactive,Mid-Market,1525
2026-04-05,CPU Interactive,Startup,1435
2026-04-05,CPU Interactive,Research/Academic,1470
2026-04-06,GPU Training,Enterprise,27258
2026-04-06,GPU Training,Mid-Market,11024
2026-04-06,GPU Training,Startup,5943
2026-04-06,GPU Training,Research/Academic,4114
2026-04-06,GPU Inference,Enterprise,27907
2026-04-06,GPU Inference,Mid-Market,15260
2026-04-06,GPU Inference,Startup,12905
2026-04-06,GPU Inference,Research/Academic,1829
2026-04-06,CPU Batch,Enterprise,7808
2026-04-06,CPU Batch,Mid-Market,4380
2026-04-06,CPU Batch,Startup,1291
2026-04-06,CPU Batch,Research/Academic,1778
2026-04-06,CPU Interactive,Enterprise,6021
2026-04-06,CPU Interactive,Mid-Market,3171
2026-04-06,CPU Interactive,Startup,2558
2026-04-06,CPU Interactive,Research/Academic,2925
2026-04-07,GPU Training,Enterprise,29139
2026-04-07,GPU Training,Mid-Market,12258
2026-04-07,GPU Training,Startup,5842
2026-04-07,GPU Training,Research/Academic,4986
2026-04-07,GPU Inference,Enterprise,26823
2026-04-07,GPU Inference,Mid-Market,16120
2026-04-07,GPU Inference,Startup,15171
2026-04-07,GPU Inference,Research/Academic,2060
2026-04-07,CPU Batch,Enterprise,8127
2026-04-07,CPU Batch,Mid-Market,4633
2026-04-07,CPU Batch,Startup,1093
2026-04-07,CPU Batch,Research/Academic,1658
2026-04-07,CPU Interactive,Enterprise,6234
2026-04-07,CPU Interactive,Mid-Market,4335
2026-04-07,CPU Interactive,Startup,2455
2026-04-07,CPU Interactive,Research/Academic,3090
2026-04-08,GPU Training,Enterprise,30081
2026-04-08,GPU Training,Mid-Market,10696
2026-04-08,GPU Training,Startup,6195
2026-04-08,GPU Training,Research/Academic,5116
2026-04-08,GPU Inference,Enterprise,29694
2026-04-08,GPU Inference,Mid-Market,14253
2026-04-08,GPU Inference,Startup,15095
2026-04-08,GPU Inference,Research/Academic,2049
2026-04-08,CPU Batch,Enterprise,8614
2026-04-08,CPU Batch,Mid-Market,4975
2026-04-08,CPU Batch,Startup,1234
2026-04-08,CPU Batch,Research/Academic,1943
2026-04-08,CPU Interactive,Enterprise,6678
2026-04-08,CPU Interactive,Mid-Market,4228
2026-04-08,CPU Interactive,Startup,2761
2026-04-08,CPU Interactive,Research/Academic,2704
2026-04-09,GPU Training,Enterprise,30985
2026-04-09,GPU Training,Mid-Market,11599
2026-04-09,GPU Training,Startup,6315
2026-04-09,GPU Training,Research/Academic,4411
2026-04-09,GPU Inference,Enterprise,31611
2026-04-09,GPU Inference,Mid-Market,16167
2026-04-09,GPU Inference,Startup,19557
2026-04-09,GPU Inference,Research/Academic,1825
2026-04-09,CPU Batch,Enterprise,8110
2026-04-09,CPU Batch,Mid-Market,5012
2026-04-09,CPU Batch,Startup,1378
2026-04-09,CPU Batch,Research/Academic,1745
2026-04-09,CPU Interactive,Enterprise,6529
2026-04-09,CPU Interactive,Mid-Market,3763
2026-04-09,CPU Interactive,Startup,2986
2026-04-09,CPU Interactive,Research/Academic,2949
2026-04-10,GPU Training,Enterprise,27998
2026-04-10,GPU Training,Mid-Market,11100
2026-04-10,GPU Training,Startup,6364
2026-04-10,GPU Training,Research/Academic,5325
2026-04-10,GPU Inference,Enterprise,27947
2026-04-10,GPU Inference,Mid-Market,15258
2026-04-10,GPU Inference,Startup,21507
2026-04-10,GPU Inference,Research/Academic,1741
2026-04-10,CPU Batch,Enterprise,8123
2026-04-10,CPU Batch,Mid-Market,4334
2026-04-10,CPU Batch,Startup,1308
2026-04-10,CPU Batch,Research/Academic,1716
2026-04-10,CPU Interactive,Enterprise,6513
2026-04-10,CPU Interactive,Mid-Market,3652
2026-04-10,CPU Interactive,Startup,2949
2026-04-10,CPU Interactive,Research/Academic,3248
2026-04-11,GPU Training,Enterprise,21995
2026-04-11,GPU Training,Mid-Market,8950
2026-04-11,GPU Training,Startup,5502
2026-04-11,GPU Training,Research/Academic,3298
2026-04-11,GPU Inference,Enterprise,21874
2026-04-11,GPU Inference,Mid-Market,10815
2026-04-11,GPU Inference,Startup,10387
2026-04-11,GPU Inference,Research/Academic,1144
2026-04-11,CPU Batch,Enterprise,5206
2026-04-11,CPU Batch,Mid-Market,3173
2026-04-11,CPU Batch,Startup,1184
2026-04-11,CPU Batch,Research/Academic,1087
2026-04-11,CPU Interactive,Enterprise,3517
2026-04-11,CPU Interactive,Mid-Market,1992
2026-04-11,CPU Interactive,Startup,1615
2026-04-11,CPU Interactive,Research/Academic,1971
2026-04-12,GPU Training,Enterprise,21747
2026-04-12,GPU Training,Mid-Market,8044
2026-04-12,GPU Training,Startup,4817
2026-04-12,GPU Training,Research/Academic,3555
2026-04-12,GPU Inference,Enterprise,17874
2026-04-12,GPU Inference,Mid-Market,9386
2026-04-12,GPU Inference,Startup,8904
2026-04-12,GPU Inference,Research/Academic,1248
2026-04-12,CPU Batch,Enterprise,4920
2026-04-12,CPU Batch,Mid-Market,2505
2026-04-12,CPU Batch,Startup,798
2026-04-12,CPU Batch,Research/Academic,1073
2026-04-12,CPU Interactive,Enterprise,2794
2026-04-12,CPU Interactive,Mid-Market,1640
2026-04-12,CPU Interactive,Startup,1574
2026-04-12,CPU Interactive,Research/Academic,1458
2026-04-13,GPU Training,Enterprise,26097
2026-04-13,GPU Training,Mid-Market,11006
2026-04-13,GPU Training,Startup,6822
2026-04-13,GPU Training,Research/Academic,3677
2026-04-13,GPU Inference,Enterprise,27746
2026-04-13,GPU Inference,Mid-Market,15212
2026-04-13,GPU Inference,Startup,12403
2026-04-13,GPU Inference,Research/Academic,1763
2026-04-13,CPU Batch,Enterprise,7914
2026-04-13,CPU Batch,Mid-Market,4315
2026-04-13,CPU Batch,Startup,1261
2026-04-13,CPU Batch,Research/Academic,1527
2026-04-13,CPU Interactive,Enterprise,5647
2026-04-13,CPU Interactive,Mid-Market,3226
2026-04-13,CPU Interactive,Startup,2742
2026-04-13,CPU Interactive,Research/Academic,2900
2026-04-14,GPU Training,Enterprise,28609
2026-04-14,GPU Training,Mid-Market,10667
2026-04-14,GPU Training,Startup,6066
2026-04-14,GPU Training,Research/Academic,5022
2026-04-14,GPU Inference,Enterprise,29552
2026-04-14,GPU Inference,Mid-Market,15878
2026-04-14,GPU Inference,Startup,11616
2026-04-14,GPU Inference,Research/Academic,1743
2026-04-14,CPU Batch,Enterprise,8037
2026-04-14,CPU Batch,Mid-Market,4177
2026-04-14,CPU Batch,Startup,1289
2026-04-14,CPU Batch,Research/Academic,1821
2026-04-14,CPU Interactive,Enterprise,6458
2026-04-14,CPU Interactive,Mid-Market,3922
2026-04-14,CPU Interactive,Startup,2230
2026-04-14,CPU Interactive,Research/Academic,3001
2026-04-15,GPU Training,Enterprise,27830
2026-04-15,GPU Training,Mid-Market,11675
2026-04-15,GPU Training,Startup,5870
2026-04-15,GPU Training,Research/Academic,5497
2026-04-15,GPU Inference,Enterprise,30314
2026-04-15,GPU Inference,Mid-Market,18155
2026-04-15,GPU Inference,Startup,15554
2026-04-15,GPU Inference,Research/Academic,1745
2026-04-15,CPU Batch,Enterprise,8083
2026-04-15,CPU Batch,Mid-Market,4665
2026-04-15,CPU Batch,Startup,1732
2026-04-15,CPU Batch,Research/Academic,1814
2026-04-15,CPU Interactive,Enterprise,6610
2026-04-15,CPU Interactive,Mid-Market,3747
2026-04-15,CPU Interactive,Startup,2764
2026-04-15,CPU Interactive,Research/Academic,3750
2026-04-16,GPU Training,Enterprise,31618
2026-04-16,GPU Training,Mid-Market,12261
2026-04-16,GPU Training,Startup,6751
2026-04-16,GPU Training,Research/Academic,5083
2026-04-16,GPU Inference,Enterprise,30450
2026-04-16,GPU Inference,Mid-Market,16452
2026-04-16,GPU Inference,Startup,14827
2026-04-16,GPU Inference,Research/Academic,2057
2026-04-16,CPU Batch,Enterprise,8440
2026-04-16,CPU Batch,Mid-Market,4896
2026-04-16,CPU Batch,Startup,1699
2026-04-16,CPU Batch,Research/Academic,1830
2026-04-16,CPU Interactive,Enterprise,6992
2026-04-16,CPU Interactive,Mid-Market,4880
2026-04-16,CPU Interactive,Startup,2922
2026-04-16,CPU Interactive,Research/Academic,3001
2026-04-17,GPU Training,Enterprise,28426
2026-04-17,GPU Training,Mid-Market,12823
2026-04-17,GPU Training,Startup,5451
2026-04-17,GPU Training,Research/Academic,4462
2026-04-17,GPU Inference,Enterprise,29793
2026-04-17,GPU Inference,Mid-Market,15869
2026-04-17,GPU Inference,Startup,15472
2026-04-17,GPU Inference,Research/Academic,1969
2026-04-17,CPU Batch,Enterprise,7969
2026-04-17,CPU Batch,Mid-Market,4020
2026-04-17,CPU Batch,Startup,1148
2026-04-17,CPU Batch,Research/Academic,1788
2026-04-17,CPU Interactive,Enterprise,6361
2026-04-17,CPU Interactive,Mid-Market,3395
2026-04-17,CPU Interactive,Startup,2266
2026-04-17,CPU Interactive,Research/Academic,2927
2026-04-18,GPU Training,Enterprise,22919
2026-04-18,GPU Training,Mid-Market,8273
2026-04-18,GPU Training,Startup,4486
2026-04-18,GPU Training,Research/Academic,3283
2026-04-18,GPU Inference,Enterprise,19655
2026-04-18,GPU Inference,Mid-Market,11593
2026-04-18,GPU Inference,Startup,14153
2026-04-18,GPU Inference,Research/Academic,1286
2026-04-18,CPU Batch,Enterprise,5457
2026-04-18,CPU Batch,Mid-Market,3156
2026-04-18,CPU Batch,Startup,984
2026-04-18,CPU Batch,Research/Academic,1086
2026-04-18,CPU Interactive,Enterprise,3815
2026-04-18,CPU Interactive,Mid-Market,1966
2026-04-18,CPU Interactive,Startup,1481
2026-04-18,CPU Interactive,Research/Academic,1727
2026-04-19,GPU Training,Enterprise,20849
2026-04-19,GPU Training,Mid-Market,9159
2026-04-19,GPU Training,Startup,4247
2026-04-19,GPU Training,Research/Academic,3605
2026-04-19,GPU Inference,Enterprise,18146
2026-04-19,GPU Inference,Mid-Market,10964
2026-04-19,GPU Inference,Startup,9679
2026-04-19,GPU Inference,Research/Academic,1110
2026-04-19,CPU Batch,Enterprise,4828
2026-04-19,CPU Batch,Mid-Market,2612
2026-04-19,CPU Batch,Startup,703
2026-04-19,CPU Batch,Research/Academic,1086
2026-04-19,CPU Interactive,Enterprise,3090
2026-04-19,CPU Interactive,Mid-Market,1690
2026-04-19,CPU Interactive,Startup,1174
2026-04-19,CPU Interactive,Research/Academic,1467
2026-04-20,GPU Training,Enterprise,28170
2026-04-20,GPU Training,Mid-Market,9825
2026-04-20,GPU Training,Startup,6367
2026-04-20,GPU Training,Research/Academic,4758
2026-04-20,GPU Inference,Enterprise,25271
2026-04-20,GPU Inference,Mid-Market,15987
2026-04-20,GPU Inference,Startup,16639
2026-04-20,GPU Inference,Research/Academic,1840
2026-04-20,CPU Batch,Enterprise,8233
2026-04-20,CPU Batch,Mid-Market,4235
2026-04-20,CPU Batch,Startup,1165
2026-04-20,CPU Batch,Research/Academic,1436
2026-04-20,CPU Interactive,Enterprise,6271
2026-04-20,CPU Interactive,Mid-Market,3570
2026-04-20,CPU Interactive,Startup,2860
2026-04-20,CPU Interactive,Research/Academic,2689
2026-04-21,GPU Training,Enterprise,29769
2026-04-21,GPU Training,Mid-Market,10391
2026-04-21,GPU Training,Startup,5764
2026-04-21,GPU Training,Research/Academic,4791
2026-04-21,GPU Inference,Enterprise,29969
2026-04-21,GPU Inference,Mid-Market,18649
2026-04-21,GPU Inference,Startup,15648
2026-04-21,GPU Inference,Research/Academic,1722
2026-04-21,CPU Batch,Enterprise,7914
2026-04-21,CPU Batch,Mid-Market,4252
2026-04-21,CPU Batch,Startup,1774
2026-04-21,CPU Batch,Research/Academic,1814
2026-04-21,CPU Interactive,Enterprise,6781
2026-04-21,CPU Interactive,Mid-Market,3612
2026-04-21,CPU Interactive,Startup,2686
2026-04-21,CPU Interactive,Research/Academic,3255
2026-04-22,GPU Training,Enterprise,29615
2026-04-22,GPU Training,Mid-Market,11860
2026-04-22,GPU Training,Startup,6189
2026-04-22,GPU Training,Research/Academic,4795
2026-04-22,GPU Inference,Enterprise,30110
2026-04-22,GPU Inference,Mid-Market,16124
2026-04-22,GPU Inference,Startup,17176
2026-04-22,GPU Inference,Research/Academic,1942
2026-04-22,CPU Batch,Enterprise,8387
2026-04-22,CPU Batch,Mid-Market,4333
2026-04-22,CPU Batch,Startup,1416
2026-04-22,CPU Batch,Research/Academic,1687
2026-04-22,CPU Interactive,Enterprise,6742
2026-04-22,CPU Interactive,Mid-Market,4115
2026-04-22,CPU Interactive,Startup,2399
2026-04-22,CPU Interactive,Research/Academic,3799
2026-04-23,GPU Training,Enterprise,30154
2026-04-23,GPU Training,Mid-Market,12470
2026-04-23,GPU Training,Startup,6139
2026-04-23,GPU Training,Research/Academic,5447
2026-04-23,GPU Inference,Enterprise,29933
2026-04-23,GPU Inference,Mid-Market,16637
2026-04-23,GPU Inference,Startup,15519
2026-04-23,GPU Inference,Research/Academic,1859
2026-04-23,CPU Batch,Enterprise,8592
2026-04-23,CPU Batch,Mid-Market,4649
2026-04-23,CPU Batch,Startup,1393
2026-04-23,CPU Batch,Research/Academic,1659
2026-04-23,CPU Interactive,Enterprise,6703
2026-04-23,CPU Interactive,Mid-Market,3791
2026-04-23,CPU Interactive,Startup,3028
2026-04-23,CPU Interactive,Research/Academic,3457
2026-04-24,GPU Training,Enterprise,29822
2026-04-24,GPU Training,Mid-Market,11574
2026-04-24,GPU Training,Startup,6724
2026-04-24,GPU Training,Research/Academic,4683
2026-04-24,GPU Inference,Enterprise,26789
2026-04-24,GPU Inference,Mid-Market,16089
2026-04-24,GPU Inference,Startup,15189
2026-04-24,GPU Inference,Research/Academic,1668
2026-04-24,CPU Batch,Enterprise,8032
2026-04-24,CPU Batch,Mid-Market,4509
2026-04-24,CPU Batch,Startup,1188
2026-04-24,CPU Batch,Research/Academic,1613
2026-04-24,CPU Interactive,Enterprise,6717
2026-04-24,CPU Interactive,Mid-Market,3197
2026-04-24,CPU Interactive,Startup,2561
2026-04-24,CPU Interactive,Research/Academic,2727
2026-04-25,GPU Training,Enterprise,21372
2026-04-25,GPU Training,Mid-Market,8705
2026-04-25,GPU Training,Startup,4351
2026-04-25,GPU Training,Research/Academic,3787
2026-04-25,GPU Inference,Enterprise,21216
2026-04-25,GPU Inference,Mid-Market,12128
2026-04-25,GPU Inference,Startup,12584
2026-04-25,GPU Inference,Research/Academic,1135
2026-04-25,CPU Batch,Enterprise,5426
2026-04-25,CPU Batch,Mid-Market,3078
2026-04-25,CPU Batch,Startup,1008
2026-04-25,CPU Batch,Research/Academic,1310
2026-04-25,CPU Interactive,Enterprise,3642
2026-04-25,CPU Interactive,Mid-Market,2105
2026-04-25,CPU Interactive,Startup,1985
2026-04-25,CPU Interactive,Research/Academic,1667
2026-04-26,GPU Training,Enterprise,20424
2026-04-26,GPU Training,Mid-Market,8386
2026-04-26,GPU Training,Startup,4120
2026-04-26,GPU Training,Research/Academic,3410
2026-04-26,GPU Inference,Enterprise,16954
2026-04-26,GPU Inference,Mid-Market,9961
2026-04-26,GPU Inference,Startup,9927
2026-04-26,GPU Inference,Research/Academic,1235
2026-04-26,CPU Batch,Enterprise,4911
2026-04-26,CPU Batch,Mid-Market,2388
2026-04-26,CPU Batch,Startup,999
2026-04-26,CPU Batch,Research/Academic,988
2026-04-26,CPU Interactive,Enterprise,3038
2026-04-26,CPU Interactive,Mid-Market,1522
2026-04-26,CPU Interactive,Startup,1159
2026-04-26,CPU Interactive,Research/Academic,1551
2026-04-27,GPU Training,Enterprise,27756
2026-04-27,GPU Training,Mid-Market,11137
2026-04-27,GPU Training,Startup,6307
2026-04-27,GPU Training,Research/Academic,4031
2026-04-27,GPU Inference,Enterprise,27871
2026-04-27,GPU Inference,Mid-Market,17576
2026-04-27,GPU Inference,Startup,17676
2026-04-27,GPU Inference,Research/Academic,1744
2026-04-27,CPU Batch,Enterprise,8504
2026-04-27,CPU Batch,Mid-Market,3977
2026-04-27,CPU Batch,Startup,1178
2026-04-27,CPU Batch,Research/Academic,1926
2026-04-27,CPU Interactive,Enterprise,6162
2026-04-27,CPU Interactive,Mid-Market,3343
2026-04-27,CPU Interactive,Startup,2482
2026-04-27,CPU Interactive,Research/Academic,2674
2026-04-28,GPU Training,Enterprise,29289
2026-04-28,GPU Training,Mid-Market,11778
2026-04-28,GPU Training,Startup,6468
2026-04-28,GPU Training,Research/Academic,4330
2026-04-28,GPU Inference,Enterprise,29723
2026-04-28,GPU Inference,Mid-Market,16136
2026-04-28,GPU Inference,Startup,14501
2026-04-28,GPU Inference,Research/Academic,2048
2026-04-28,CPU Batch,Enterprise,8972
2026-04-28,CPU Batch,Mid-Market,5125
2026-04-28,CPU Batch,Startup,1474
2026-04-28,CPU Batch,Research/Academic,1673
2026-04-28,CPU Interactive,Enterprise,6487
2026-04-28,CPU Interactive,Mid-Market,3793
2026-04-28,CPU Interactive,Startup,2568
2026-04-28,CPU Interactive,Research/Academic,3424
2026-04-29,GPU Training,Enterprise,27992
2026-04-29,GPU Training,Mid-Market,11931
2026-04-29,GPU Training,Startup,7451
2026-04-29,GPU Training,Research/Academic,4653
2026-04-29,GPU Inference,Enterprise,29994
2026-04-29,GPU Inference,Mid-Market,17980
2026-04-29,GPU Inference,Startup,20182
2026-04-29,GPU Inference,Research/Academic,1717
2026-04-29,CPU Batch,Enterprise,8013
2026-04-29,CPU Batch,Mid-Market,4308
2026-04-29,CPU Batch,Startup,1167
2026-04-29,CPU Batch,Research/Academic,1563
2026-04-29,CPU Interactive,Enterprise,6491
2026-04-29,CPU Interactive,Mid-Market,4170
2026-04-29,CPU Interactive,Startup,2700
2026-04-29,CPU Interactive,Research/Academic,3204
2026-04-30,GPU Training,Enterprise,29248
2026-04-30,GPU Training,Mid-Market,12744
2026-04-30,GPU Training,Startup,8487
2026-04-30,GPU Training,Research/Academic,4638
2026-04-30,GPU Inference,Enterprise,32482
2026-04-30,GPU Inference,Mid-Market,17719
2026-04-30,GPU Inference,Startup,16887
2026-04-30,GPU Inference,Research/Academic,1967
2026-04-30,CPU Batch,Enterprise,8599
2026-04-30,CPU Batch,Mid-Market,5243
2026-04-30,CPU Batch,Startup,1494
2026-04-30,CPU Batch,Research/Academic,1835
2026-04-30,CPU Interactive,Enterprise,6817
2026-04-30,CPU Interactive,Mid-Market,4168
2026-04-30,CPU Interactive,Startup,2567
2026-04-30,CPU Interactive,Research/Academic,3310
2026-05-01,GPU Training,Enterprise,33240
2026-05-01,GPU Training,Mid-Market,9974
2026-05-01,GPU Training,Startup,6796
2026-05-01,GPU Training,Research/Academic,4958
2026-05-01,GPU Inference,Enterprise,29267
2026-05-01,GPU Inference,Mid-Market,16594
2026-05-01,GPU Inference,Startup,16613
2026-05-01,GPU Inference,Research/Academic,1817
2026-05-01,CPU Batch,Enterprise,8476
2026-05-01,CPU Batch,Mid-Market,4416
2026-05-01,CPU Batch,Startup,1776
2026-05-01,CPU Batch,Research/Academic,1709
2026-05-01,CPU Interactive,Enterprise,6610
2026-05-01,CPU Interactive,Mid-Market,3496
2026-05-01,CPU Interactive,Startup,3003
2026-05-01,CPU Interactive,Research/Academic,3243
2026-05-02,GPU Training,Enterprise,22964
2026-05-02,GPU Training,Mid-Market,8434
2026-05-02,GPU Training,Startup,4606
2026-05-02,GPU Training,Research/Academic,4231
2026-05-02,GPU Inference,Enterprise,20047
2026-05-02,GPU Inference,Mid-Market,12324
2026-05-02,GPU Inference,Startup,10275
2026-05-02,GPU Inference,Research/Academic,1406
2026-05-02,CPU Batch,Enterprise,5450
2026-05-02,CPU Batch,Mid-Market,2849
2026-05-02,CPU Batch,Startup,853
2026-05-02,CPU Batch,Research/Academic,1112
2026-05-02,CPU Interactive,Enterprise,3629
2026-05-02,CPU Interactive,Mid-Market,2035
2026-05-02,CPU Interactive,Startup,1301
2026-05-02,CPU Interactive,Research/Academic,1686
2026-05-03,GPU Training,Enterprise,20238
2026-05-03,GPU Training,Mid-Market,8896
2026-05-03,GPU Training,Startup,5225
2026-05-03,GPU Training,Research/Academic,3461
2026-05-03,GPU Inference,Enterprise,18884
2026-05-03,GPU Inference,Mid-Market,12043
2026-05-03,GPU Inference,Startup,10215
2026-05-03,GPU Inference,Research/Academic,1086
2026-05-03,CPU Batch,Enterprise,4916
2026-05-03,CPU Batch,Mid-Market,2414
2026-05-03,CPU Batch,Startup,777
2026-05-03,CPU Batch,Research/Academic,950
2026-05-03,CPU Interactive,Enterprise,2994
2026-05-03,CPU Interactive,Mid-Market,1716
2026-05-03,CPU Interactive,Startup,1426
2026-05-03,CPU Interactive,Research/Academic,1591
2026-05-04,GPU Training,Enterprise,29334
2026-05-04,GPU Training,Mid-Market,11620
2026-05-04,GPU Training,Startup,6124
2026-05-04,GPU Training,Research/Academic,3829
2026-05-04,GPU Inference,Enterprise,29196
2026-05-04,GPU Inference,Mid-Market,13992
2026-05-04,GPU Inference,Startup,12738
2026-05-04,GPU Inference,Research/Academic,1779
2026-05-04,CPU Batch,Enterprise,8255
2026-05-04,CPU Batch,Mid-Market,4305
2026-05-04,CPU Batch,Startup,1630
2026-05-04,CPU Batch,Research/Academic,1758
2026-05-04,CPU Interactive,Enterprise,6100
2026-05-04,CPU Interactive,Mid-Market,3851
2026-05-04,CPU Interactive,Startup,3092
2026-05-04,CPU Interactive,Research/Academic,3036
2026-05-05,GPU Training,Enterprise,28794
2026-05-05,GPU Training,Mid-Market,11477
2026-05-05,GPU Training,Startup,5582
2026-05-05,GPU Training,Research/Academic,4840
2026-05-05,GPU Inference,Enterprise,28998
2026-05-05,GPU Inference,Mid-Market,16865
2026-05-05,GPU Inference,Startup,17416
2026-05-05,GPU Inference,Research/Academic,1615
2026-05-05,CPU Batch,Enterprise,7996
2026-05-05,CPU Batch,Mid-Market,4416
2026-05-05,CPU Batch,Startup,1388
2026-05-05,CPU Batch,Research/Academic,1677
2026-05-05,CPU Interactive,Enterprise,6586
2026-05-05,CPU Interactive,Mid-Market,3594
2026-05-05,CPU Interactive,Startup,2328
2026-05-05,CPU Interactive,Research/Academic,3015
2026-05-06,GPU Training,Enterprise,30872
2026-05-06,GPU Training,Mid-Market,12238
2026-05-06,GPU Training,Startup,7059
2026-05-06,GPU Training,Research/Academic,5262
2026-05-06,GPU Inference,Enterprise,32001
2026-05-06,GPU Inference,Mid-Market,17005
2026-05-06,GPU Inference,Startup,14398
2026-05-06,GPU Inference,Research/Academic,2157
2026-05-06,CPU Batch,Enterprise,8787
2026-05-06,CPU Batch,Mid-Market,4404
2026-05-06,CPU Batch,Startup,1486
2026-05-06,CPU Batch,Research/Academic,1955
2026-05-06,CPU Interactive,Enterprise,7401
2026-05-06,CPU Interactive,Mid-Market,3987
2026-05-06,CPU Interactive,Startup,3264
2026-05-06,CPU Interactive,Research/Academic,2963
2026-05-07,GPU Training,Enterprise,31114
2026-05-07,GPU Training,Mid-Market,12228
2026-05-07,GPU Training,Startup,7266
2026-05-07,GPU Training,Research/Academic,5790
2026-05-07,GPU Inference,Enterprise,31487
2026-05-07,GPU Inference,Mid-Market,16670
2026-05-07,GPU Inference,Startup,14977
2026-05-07,GPU Inference,Research/Academic,2223
2026-05-07,CPU Batch,Enterprise,8835
2026-05-07,CPU Batch,Mid-Market,4860
2026-05-07,CPU Batch,Startup,1380
2026-05-07,CPU Batch,Research/Academic,1834
2026-05-07,CPU Interactive,Enterprise,6820
2026-05-07,CPU Interactive,Mid-Market,4136
2026-05-07,CPU Interactive,Startup,2565
2026-05-07,CPU Interactive,Research/Academic,3257
2026-05-08,GPU Training,Enterprise,29007
2026-05-08,GPU Training,Mid-Market,9521
2026-05-08,GPU Training,Startup,6393
2026-05-08,GPU Training,Research/Academic,4523
2026-05-08,GPU Inference,Enterprise,29514
2026-05-08,GPU Inference,Mid-Market,17003
2026-05-08,GPU Inference,Startup,20590
2026-05-08,GPU Inference,Research/Academic,1905
2026-05-08,CPU Batch,Enterprise,8531
2026-05-08,CPU Batch,Mid-Market,4743
2026-05-08,CPU Batch,Startup,1553
2026-05-08,CPU Batch,Research/Academic,1810
2026-05-08,CPU Interactive,Enterprise,6554
2026-05-08,CPU Interactive,Mid-Market,3865
2026-05-08,CPU Interactive,Startup,2017
2026-05-08,CPU Interactive,Research/Academic,3618
2026-05-09,GPU Training,Enterprise,24182
2026-05-09,GPU Training,Mid-Market,9260
2026-05-09,GPU Training,Startup,4291
2026-05-09,GPU Training,Research/Academic,4080
2026-05-09,GPU Inference,Enterprise,20258
2026-05-09,GPU Inference,Mid-Market,12354
2026-05-09,GPU Inference,Startup,10000
2026-05-09,GPU Inference,Research/Academic,1554
2026-05-09,CPU Batch,Enterprise,5298
2026-05-09,CPU Batch,Mid-Market,3070
2026-05-09,CPU Batch,Startup,723
2026-05-09,CPU Batch,Research/Academic,1160
2026-05-09,CPU Interactive,Enterprise,3521
2026-05-09,CPU Interactive,Mid-Market,2201
2026-05-09,CPU Interactive,Startup,1418
2026-05-09,CPU Interactive,Research/Academic,1852
2026-05-10,GPU Training,Enterprise,20434
2026-05-10,GPU Training,Mid-Market,8390
2026-05-10,GPU Training,Startup,4624
2026-05-10,GPU Training,Research/Academic,3614
2026-05-10,GPU Inference,Enterprise,19103
2026-05-10,GPU Inference,Mid-Market,11317
2026-05-10,GPU Inference,Startup,10893
2026-05-10,GPU Inference,Research/Academic,1238
2026-05-10,CPU Batch,Enterprise,4643
2026-05-10,CPU Batch,Mid-Market,2692
2026-05-10,CPU Batch,Startup,970
2026-05-10,CPU Batch,Research/Academic,872
2026-05-10,CPU Interactive,Enterprise,3149
2026-05-10,CPU Interactive,Mid-Market,1838
2026-05-10,CPU Interactive,Startup,1534
2026-05-10,CPU Interactive,Research/Academic,1545
2026-05-11,GPU Training,Enterprise,28518
2026-05-11,GPU Training,Mid-Market,11769
2026-05-11,GPU Training,Startup,5832
2026-05-11,GPU Training,Research/Academic,4490
2026-05-11,GPU Inference,Enterprise,27483
2026-05-11,GPU Inference,Mid-Market,18394
2026-05-11,GPU Inference,Startup,17164
2026-05-11,GPU Inference,Research/Academic,1680
2026-05-11,CPU Batch,Enterprise,8273
2026-05-11,CPU Batch,Mid-Market,4831
2026-05-11,CPU Batch,Startup,1533
2026-05-11,CPU Batch,Research/Academic,1574
2026-05-11,CPU Interactive,Enterprise,5451
2026-05-11,CPU Interactive,Mid-Market,3606
2026-05-11,CPU Interactive,Startup,2316
2026-05-11,CPU Interactive,Research/Academic,3066
2026-05-12,GPU Training,Enterprise,31001
2026-05-12,GPU Training,Mid-Market,12975
2026-05-12,GPU Training,Startup,8256
2026-05-12,GPU Training,Research/Academic,5371
2026-05-12,GPU Inference,Enterprise,32684
2026-05-12,GPU Inference,Mid-Market,19196
2026-05-12,GPU Inference,Startup,20399
2026-05-12,GPU Inference,Research/Academic,1892
2026-05-12,CPU Batch,Enterprise,8003
2026-05-12,CPU Batch,Mid-Market,5458
2026-05-12,CPU Batch,Startup,1412
2026-05-12,CPU Batch,Research/Academic,1926
2026-05-12,CPU Interactive,Enterprise,6531
2026-05-12,CPU Interactive,Mid-Market,4055
2026-05-12,CPU Interactive,Startup,2076
2026-05-12,CPU Interactive,Research/Academic,3049
2026-05-13,GPU Training,Enterprise,31165
2026-05-13,GPU Training,Mid-Market,12999
2026-05-13,GPU Training,Startup,7988
2026-05-13,GPU Training,Research/Academic,4670
2026-05-13,GPU Inference,Enterprise,32219
2026-05-13,GPU Inference,Mid-Market,19562
2026-05-13,GPU Inference,Startup,23362
2026-05-13,GPU Inference,Research/Academic,2067
2026-05-13,CPU Batch,Enterprise,8512
2026-05-13,CPU Batch,Mid-Market,4318
2026-05-13,CPU Batch,Startup,1796
2026-05-13,CPU Batch,Research/Academic,1905
2026-05-13,CPU Interactive,Enterprise,6921
2026-05-13,CPU Interactive,Mid-Market,3511
2026-05-13,CPU Interactive,Startup,2584
2026-05-13,CPU Interactive,Research/Academic,3437
2026-05-14,GPU Training,Enterprise,31756
2026-05-14,GPU Training,Mid-Market,10992
2026-05-14,GPU Training,Startup,7587
2026-05-14,GPU Training,Research/Academic,4498
2026-05-14,GPU Inference,Enterprise,33163
2026-05-14,GPU Inference,Mid-Market,18242
2026-05-14,GPU Inference,Startup,16708
2026-05-14,GPU Inference,Research/Academic,2115
2026-05-14,CPU Batch,Enterprise,8796
2026-05-14,CPU Batch,Mid-Market,5181
2026-05-14,CPU Batch,Startup,1457
2026-05-14,CPU Batch,Research/Academic,1816
2026-05-14,CPU Interactive,Enterprise,7035
2026-05-14,CPU Interactive,Mid-Market,4115
2026-05-14,CPU Interactive,Startup,3640
2026-05-14,CPU Interactive,Research/Academic,3223
2026-05-15,GPU Training,Enterprise,30692
2026-05-15,GPU Training,Mid-Market,11315
2026-05-15,GPU Training,Startup,5245
2026-05-15,GPU Training,Research/Academic,4950
2026-05-15,GPU Inference,Enterprise,30441
2026-05-15,GPU Inference,Mid-Market,17038
2026-05-15,GPU Inference,Startup,14105
2026-05-15,GPU Inference,Research/Academic,1910
2026-05-15,CPU Batch,Enterprise,8524
2026-05-15,CPU Batch,Mid-Market,4315
2026-05-15,CPU Batch,Startup,1193
2026-05-15,CPU Batch,Research/Academic,1711
2026-05-15,CPU Interactive,Enterprise,6671
2026-05-15,CPU Interactive,Mid-Market,3800
2026-05-15,CPU Interactive,Startup,2440
2026-05-15,CPU Interactive,Research/Academic,3098
2026-05-16,GPU Training,Enterprise,23626
2026-05-16,GPU Training,Mid-Market,8454
2026-05-16,GPU Training,Startup,5166
2026-05-16,GPU Training,Research/Academic,4130
2026-05-16,GPU Inference,Enterprise,19946
2026-05-16,GPU Inference,Mid-Market,13032
2026-05-16,GPU Inference,Startup,14356
2026-05-16,GPU Inference,Research/Academic,1281
2026-05-16,CPU Batch,Enterprise,5547
2026-05-16,CPU Batch,Mid-Market,3292
2026-05-16,CPU Batch,Startup,915
2026-05-16,CPU Batch,Research/Academic,965
2026-05-16,CPU Interactive,Enterprise,3577
2026-05-16,CPU Interactive,Mid-Market,2108
2026-05-16,CPU Interactive,Startup,1639
2026-05-16,CPU Interactive,Research/Academic,1578
2026-05-17,GPU Training,Enterprise,21162
2026-05-17,GPU Training,Mid-Market,9221
2026-05-17,GPU Training,Startup,4778
2026-05-17,GPU Training,Research/Academic,3079
2026-05-17,GPU Inference,Enterprise,19932
2026-05-17,GPU Inference,Mid-Market,10705
2026-05-17,GPU Inference,Startup,12188
2026-05-17,GPU Inference,Research/Academic,1053
2026-05-17,CPU Batch,Enterprise,4799
2026-05-17,CPU Batch,Mid-Market,2722
2026-05-17,CPU Batch,Startup,794
2026-05-17,CPU Batch,Research/Academic,908
2026-05-17,CPU Interactive,Enterprise,2815
2026-05-17,CPU Interactive,Mid-Market,1958
2026-05-17,CPU Interactive,Startup,1333
2026-05-17,CPU Interactive,Research/Academic,1602
2026-05-18,GPU Training,Enterprise,29622
2026-05-18,GPU Training,Mid-Market,11982
2026-05-18,GPU Training,Startup,6181
2026-05-18,GPU Training,Research/Academic,4825
2026-05-18,GPU Inference,Enterprise,30939
2026-05-18,GPU Inference,Mid-Market,16838
2026-05-18,GPU Inference,Startup,20706
2026-05-18,GPU Inference,Research/Academic,1607
2026-05-18,CPU Batch,Enterprise,7689
2026-05-18,CPU Batch,Mid-Market,4786
2026-05-18,CPU Batch,Startup,1237
2026-05-18,CPU Batch,Research/Academic,1998
2026-05-18,CPU Interactive,Enterprise,6538
2026-05-18,CPU Interactive,Mid-Market,3935
2026-05-18,CPU Interactive,Startup,2879
2026-05-18,CPU Interactive,Research/Academic,2712
2026-05-19,GPU Training,Enterprise,28064
2026-05-19,GPU Training,Mid-Market,13410
2026-05-19,GPU Training,Startup,5641
2026-05-19,GPU Training,Research/Academic,5532
2026-05-19,GPU Inference,Enterprise,31544
2026-05-19,GPU Inference,Mid-Market,17509
2026-05-19,GPU Inference,Startup,18283
2026-05-19,GPU Inference,Research/Academic,1976
2026-05-19,CPU Batch,Enterprise,8375
2026-05-19,CPU Batch,Mid-Market,5082
2026-05-19,CPU Batch,Startup,1661
2026-05-19,CPU Batch,Research/Academic,1769
2026-05-19,CPU Interactive,Enterprise,6537
2026-05-19,CPU Interactive,Mid-Market,4169
2026-05-19,CPU Interactive,Startup,2195
2026-05-19,CPU Interactive,Research/Academic,3268
2026-05-20,GPU Training,Enterprise,32383
2026-05-20,GPU Training,Mid-Market,11950
2026-05-20,GPU Training,Startup,7962
2026-05-20,GPU Training,Research/Academic,5096
2026-05-20,GPU Inference,Enterprise,30939
2026-05-20,GPU Inference,Mid-Market,19396
2026-05-20,GPU Inference,Startup,15685
2026-05-20,GPU Inference,Research/Academic,2100
2026-05-20,CPU Batch,Enterprise,8025
2026-05-20,CPU Batch,Mid-Market,4828
2026-05-20,CPU Batch,Startup,1454
2026-05-20,CPU Batch,Research/Academic,1721
2026-05-20,CPU Interactive,Enterprise,7056
2026-05-20,CPU Interactive,Mid-Market,3926
2026-05-20,CPU Interactive,Startup,3296
2026-05-20,CPU Interactive,Research/Academic,3421
2026-05-21,GPU Training,Enterprise,32036
2026-05-21,GPU Training,Mid-Market,12936
2026-05-21,GPU Training,Startup,6702
2026-05-21,GPU Training,Research/Academic,4986
2026-05-21,GPU Inference,Enterprise,31973
2026-05-21,GPU Inference,Mid-Market,17938
2026-05-21,GPU Inference,Startup,20456
2026-05-21,GPU Inference,Research/Academic,1974
2026-05-21,CPU Batch,Enterprise,8821
2026-05-21,CPU Batch,Mid-Market,4291
2026-05-21,CPU Batch,Startup,1621
2026-05-21,CPU Batch,Research/Academic,1716
2026-05-21,CPU Interactive,Enterprise,6845
2026-05-21,CPU Interactive,Mid-Market,4551
2026-05-21,CPU Interactive,Startup,3245
2026-05-21,CPU Interactive,Research/Academic,3632
2026-05-22,GPU Training,Enterprise,30603
2026-05-22,GPU Training,Mid-Market,12031
2026-05-22,GPU Training,Startup,6554
2026-05-22,GPU Training,Research/Academic,5190
2026-05-22,GPU Inference,Enterprise,31625
2026-05-22,GPU Inference,Mid-Market,17258
2026-05-22,GPU Inference,Startup,21936
2026-05-22,GPU Inference,Research/Academic,1840
2026-05-22,CPU Batch,Enterprise,7992
2026-05-22,CPU Batch,Mid-Market,4081
2026-05-22,CPU Batch,Startup,1150
2026-05-22,CPU Batch,Research/Academic,1691
2026-05-22,CPU Interactive,Enterprise,6458
2026-05-22,CPU Interactive,Mid-Market,3886
2026-05-22,CPU Interactive,Startup,2717
2026-05-22,CPU Interactive,Research/Academic,3282
2026-05-23,GPU Training,Enterprise,22954
2026-05-23,GPU Training,Mid-Market,9243
2026-05-23,GPU Training,Startup,4824
2026-05-23,GPU Training,Research/Academic,4165
2026-05-23,GPU Inference,Enterprise,19894
2026-05-23,GPU Inference,Mid-Market,12398
2026-05-23,GPU Inference,Startup,11722
2026-05-23,GPU Inference,Research/Academic,1392
2026-05-23,CPU Batch,Enterprise,5630
2026-05-23,CPU Batch,Mid-Market,3072
2026-05-23,CPU Batch,Startup,910
2026-05-23,CPU Batch,Research/Academic,1302
2026-05-23,CPU Interactive,Enterprise,3602
2026-05-23,CPU Interactive,Mid-Market,2350
2026-05-23,CPU Interactive,Startup,1557
2026-05-23,CPU Interactive,Research/Academic,1698
2026-05-24,GPU Training,Enterprise,21371
2026-05-24,GPU Training,Mid-Market,9014
2026-05-24,GPU Training,Startup,4522
2026-05-24,GPU Training,Research/Academic,3526
2026-05-24,GPU Inference,Enterprise,19122
2026-05-24,GPU Inference,Mid-Market,11227
2026-05-24,GPU Inference,Startup,11301
2026-05-24,GPU Inference,Research/Academic,1219
2026-05-24,CPU Batch,Enterprise,4850
2026-05-24,CPU Batch,Mid-Market,2938
2026-05-24,CPU Batch,Startup,847
2026-05-24,CPU Batch,Research/Academic,1230
2026-05-24,CPU Interactive,Enterprise,3113
2026-05-24,CPU Interactive,Mid-Market,1889
2026-05-24,CPU Interactive,Startup,1192
2026-05-24,CPU Interactive,Research/Academic,1634
2026-05-25,GPU Training,Enterprise,15336
2026-05-25,GPU Training,Mid-Market,7163
2026-05-25,GPU Training,Startup,4707
2026-05-25,GPU Training,Research/Academic,2410
2026-05-25,GPU Inference,Enterprise,16041
2026-05-25,GPU Inference,Mid-Market,9599
2026-05-25,GPU Inference,Startup,12126
2026-05-25,GPU Inference,Research/Academic,1028
2026-05-25,CPU Batch,Enterprise,4604
2026-05-25,CPU Batch,Mid-Market,2455
2026-05-25,CPU Batch,Startup,1172
2026-05-25,CPU Batch,Research/Academic,791
2026-05-25,CPU Interactive,Enterprise,3522
2026-05-25,CPU Interactive,Mid-Market,2204
2026-05-25,CPU Interactive,Startup,2102
2026-05-25,CPU Interactive,Research/Academic,1695
2026-05-26,GPU Training,Enterprise,29153
2026-05-26,GPU Training,Mid-Market,12684
2026-05-26,GPU Training,Startup,7922
2026-05-26,GPU Training,Research/Academic,4637
2026-05-26,GPU Inference,Enterprise,30038
2026-05-26,GPU Inference,Mid-Market,17424
2026-05-26,GPU Inference,Startup,18271
2026-05-26,GPU Inference,Research/Academic,1705
2026-05-26,CPU Batch,Enterprise,8648
2026-05-26,CPU Batch,Mid-Market,4178
2026-05-26,CPU Batch,Startup,1648
2026-05-26,CPU Batch,Research/Academic,1822
2026-05-26,CPU Interactive,Enterprise,7250
2026-05-26,CPU Interactive,Mid-Market,4002
2026-05-26,CPU Interactive,Startup,2712
2026-05-26,CPU Interactive,Research/Academic,2962
2026-05-27,GPU Training,Enterprise,31895
2026-05-27,GPU Training,Mid-Market,12716
2026-05-27,GPU Training,Startup,8237
2026-05-27,GPU Training,Research/Academic,4749
2026-05-27,GPU Inference,Enterprise,34549
2026-05-27,GPU Inference,Mid-Market,20021
2026-05-27,GPU Inference,Startup,17672
2026-05-27,GPU Inference,Research/Academic,2268
2026-05-27,CPU Batch,Enterprise,8435
2026-05-27,CPU Batch,Mid-Market,4813
2026-05-27,CPU Batch,Startup,1246
2026-05-27,CPU Batch,Research/Academic,2085
2026-05-27,CPU Interactive,Enterprise,6523
2026-05-27,CPU Interactive,Mid-Market,3583
2026-05-27,CPU Interactive,Startup,2705
2026-05-27,CPU Interactive,Research/Academic,3640
2026-05-28,GPU Training,Enterprise,32844
2026-05-28,GPU Training,Mid-Market,12864
2026-05-28,GPU Training,Startup,8083
2026-05-28,GPU Training,Research/Academic,5070
2026-05-28,GPU Inference,Enterprise,32445
2026-05-28,GPU Inference,Mid-Market,20585
2026-05-28,GPU Inference,Startup,17615
2026-05-28,GPU Inference,Research/Academic,1848
2026-05-28,CPU Batch,Enterprise,8871
2026-05-28,CPU Batch,Mid-Market,4998
2026-05-28,CPU Batch,Startup,1472
2026-05-28,CPU Batch,Research/Academic,1949
2026-05-28,CPU Interactive,Enterprise,7099
2026-05-28,CPU Interactive,Mid-Market,4107
2026-05-28,CPU Interactive,Startup,3137
2026-05-28,CPU Interactive,Research/Academic,3441
2026-05-29,GPU Training,Enterprise,32210
2026-05-29,GPU Training,Mid-Market,12505
2026-05-29,GPU Training,Startup,6591
2026-05-29,GPU Training,Research/Academic,5096
2026-05-29,GPU Inference,Enterprise,31712
2026-05-29,GPU Inference,Mid-Market,18489
2026-05-29,GPU Inference,Startup,18899
2026-05-29,GPU Inference,Research/Academic,1663
2026-05-29,CPU Batch,Enterprise,7663
2026-05-29,CPU Batch,Mid-Market,5047
2026-05-29,CPU Batch,Startup,1489
2026-05-29,CPU Batch,Research/Academic,1746
2026-05-29,CPU Interactive,Enterprise,6721
2026-05-29,CPU Interactive,Mid-Market,4256
2026-05-29,CPU Interactive,Startup,3247
2026-05-29,CPU Interactive,Research/Academic,3316
2026-05-30,GPU Training,Enterprise,22221
2026-05-30,GPU Training,Mid-Market,8813
2026-05-30,GPU Training,Startup,3916
2026-05-30,GPU Training,Research/Academic,3916
2026-05-30,GPU Inference,Enterprise,22281
2026-05-30,GPU Inference,Mid-Market,13325
2026-05-30,GPU Inference,Startup,13167
2026-05-30,GPU Inference,Research/Academic,1295
2026-05-30,CPU Batch,Enterprise,5520
2026-05-30,CPU Batch,Mid-Market,2905
2026-05-30,CPU Batch,Startup,924
2026-05-30,CPU Batch,Research/Academic,1078
2026-05-30,CPU Interactive,Enterprise,3875
2026-05-30,CPU Interactive,Mid-Market,1876
2026-05-30,CPU Interactive,Startup,1479
2026-05-30,CPU Interactive,Research/Academic,1453
2026-05-31,GPU Training,Enterprise,21857
2026-05-31,GPU Training,Mid-Market,8718
2026-05-31,GPU Training,Startup,4689
2026-05-31,GPU Training,Research/Academic,3240
2026-05-31,GPU Inference,Enterprise,19265
2026-05-31,GPU Inference,Mid-Market,10669
2026-05-31,GPU Inference,Startup,10804
2026-05-31,GPU Inference,Research/Academic,1385
2026-05-31,CPU Batch,Enterprise,4874
2026-05-31,CPU Batch,Mid-Market,2740
2026-05-31,CPU Batch,Startup,764
2026-05-31,CPU Batch,Research/Academic,939
2026-05-31,CPU Interactive,Enterprise,3113
2026-05-31,CPU Interactive,Mid-Market,2112
2026-05-31,CPU Interactive,Startup,1263
2026-05-31,CPU Interactive,Research/Academic,1506
2026-06-01,GPU Training,Enterprise,29553
2026-06-01,GPU Training,Mid-Market,10171
2026-06-01,GPU Training,Startup,6300
2026-06-01,GPU Training,Research/Academic,5971
2026-06-01,GPU Inference,Enterprise,32206
2026-06-01,GPU Inference,Mid-Market,20303
2026-06-01,GPU Inference,Startup,17211
2026-06-01,GPU Inference,Research/Academic,1600
2026-06-01,CPU Batch,Enterprise,8347
2026-06-01,CPU Batch,Mid-Market,4892
2026-06-01,CPU Batch,Startup,1499
2026-06-01,CPU Batch,Research/Academic,1800
2026-06-01,CPU Interactive,Enterprise,6469
2026-06-01,CPU Interactive,Mid-Market,4016
2026-06-01,CPU Interactive,Startup,2611
2026-06-01,CPU Interactive,Research/Academic,3179
2026-06-02,GPU Training,Enterprise,32350
2026-06-02,GPU Training,Mid-Market,12632
2026-06-02,GPU Training,Startup,6550
2026-06-02,GPU Training,Research/Academic,5009
2026-06-02,GPU Inference,Enterprise,35630
2026-06-02,GPU Inference,Mid-Market,20573
2026-06-02,GPU Inference,Startup,21337
2026-06-02,GPU Inference,Research/Academic,1905
2026-06-02,CPU Batch,Enterprise,8482
2026-06-02,CPU Batch,Mid-Market,5290
2026-06-02,CPU Batch,Startup,1673
2026-06-02,CPU Batch,Research/Academic,1875
2026-06-02,CPU Interactive,Enterprise,7034
2026-06-02,CPU Interactive,Mid-Market,3668
2026-06-02,CPU Interactive,Startup,3325
2026-06-02,CPU Interactive,Research/Academic,3683
2026-06-03,GPU Training,Enterprise,32748
2026-06-03,GPU Training,Mid-Market,12885
2026-06-03,GPU Training,Startup,8863
2026-06-03,GPU Training,Research/Academic,5160
2026-06-03,GPU Inference,Enterprise,36550
2026-06-03,GPU Inference,Mid-Market,19455
2026-06-03,GPU Inference,Startup,18573
2026-06-03,GPU Inference,Research/Academic,2095
2026-06-03,CPU Batch,Enterprise,9102
2026-06-03,CPU Batch,Mid-Market,5455
2026-06-03,CPU Batch,Startup,1717
2026-06-03,CPU Batch,Research/Academic,2081
2026-06-03,CPU Interactive,Enterprise,7462
2026-06-03,CPU Interactive,Mid-Market,4084
2026-06-03,CPU Interactive,Startup,3107
2026-06-03,CPU Interactive,Research/Academic,3358
2026-06-04,GPU Training,Enterprise,35707
2026-06-04,GPU Training,Mid-Market,14593
2026-06-04,GPU Training,Startup,7563
2026-06-04,GPU Training,Research/Academic,5045
2026-06-04,GPU Inference,Enterprise,36243
2026-06-04,GPU Inference,Mid-Market,19820
2026-06-04,GPU Inference,Startup,19190
2026-06-04,GPU Inference,Research/Academic,2364
2026-06-04,CPU Batch,Enterprise,9060
2026-06-04,CPU Batch,Mid-Market,4932
2026-06-04,CPU Batch,Startup,1503
2026-06-04,CPU Batch,Research/Academic,1717
2026-06-04,CPU Interactive,Enterprise,7705
2026-06-04,CPU Interactive,Mid-Market,4106
2026-06-04,CPU Interactive,Startup,2984
2026-06-04,CPU Interactive,Research/Academic,3372
2026-06-05,GPU Training,Enterprise,31418
2026-06-05,GPU Training,Mid-Market,12256
2026-06-05,GPU Training,Startup,7528
2026-06-05,GPU Training,Research/Academic,5123
2026-06-05,GPU Inference,Enterprise,32597
2026-06-05,GPU Inference,Mid-Market,22107
2026-06-05,GPU Inference,Startup,18281
2026-06-05,GPU Inference,Research/Academic,2091
2026-06-05,CPU Batch,Enterprise,9254
2026-06-05,CPU Batch,Mid-Market,4883
2026-06-05,CPU Batch,Startup,1553
2026-06-05,CPU Batch,Research/Academic,1858
2026-06-05,CPU Interactive,Enterprise,7006
2026-06-05,CPU Interactive,Mid-Market,3798
2026-06-05,CPU Interactive,Startup,2752
2026-06-05,CPU Interactive,Research/Academic,3263
2026-06-06,GPU Training,Enterprise,22663
2026-06-06,GPU Training,Mid-Market,11006
2026-06-06,GPU Training,Startup,7224
2026-06-06,GPU Training,Research/Academic,4007
2026-06-06,GPU Inference,Enterprise,23382
2026-06-06,GPU Inference,Mid-Market,14156
2026-06-06,GPU Inference,Startup,11127
2026-06-06,GPU Inference,Research/Academic,1501
2026-06-06,CPU Batch,Enterprise,5895
2026-06-06,CPU Batch,Mid-Market,3840
2026-06-06,CPU Batch,Startup,980
2026-06-06,CPU Batch,Research/Academic,1330
2026-06-06,CPU Interactive,Enterprise,3813
2026-06-06,CPU Interactive,Mid-Market,2550
2026-06-06,CPU Interactive,Startup,1518
2026-06-06,CPU Interactive,Research/Academic,1976
2026-06-07,GPU Training,Enterprise,23590
2026-06-07,GPU Training,Mid-Market,9567
2026-06-07,GPU Training,Startup,5378
2026-06-07,GPU Training,Research/Academic,3514
2026-06-07,GPU Inference,Enterprise,18555
2026-06-07,GPU Inference,Mid-Market,12792
2026-06-07,GPU Inference,Startup,11126
2026-06-07,GPU Inference,Research/Academic,1382
2026-06-07,CPU Batch,Enterprise,5214
2026-06-07,CPU Batch,Mid-Market,3051
2026-06-07,CPU Batch,Startup,946
2026-06-07,CPU Batch,Research/Academic,870
2026-06-07,CPU Interactive,Enterprise,3395
2026-06-07,CPU Interactive,Mid-Market,1841
2026-06-07,CPU Interactive,Startup,1601
2026-06-07,CPU Interactive,Research/Academic,1627
2026-06-08,GPU Training,Enterprise,31446
2026-06-08,GPU Training,Mid-Market,12177
2026-06-08,GPU Training,Startup,6260
2026-06-08,GPU Training,Research/Academic,4776
2026-06-08,GPU Inference,Enterprise,29490
2026-06-08,GPU Inference,Mid-Market,17540
2026-06-08,GPU Inference,Startup,15256
2026-06-08,GPU Inference,Research/Academic,1726
2026-06-08,CPU Batch,Enterprise,8783
2026-06-08,CPU Batch,Mid-Market,4952
2026-06-08,CPU Batch,Startup,1456
2026-06-08,CPU Batch,Research/Academic,1732
2026-06-08,CPU Interactive,Enterprise,6381
2026-06-08,CPU Interactive,Mid-Market,3692
2026-06-08,CPU Interactive,Startup,2525
2026-06-08,CPU Interactive,Research/Academic,3089
2026-06-09,GPU Training,Enterprise,30349
2026-06-09,GPU Training,Mid-Market,13700
2026-06-09,GPU Training,Startup,6860
2026-06-09,GPU Training,Research/Academic,5351
2026-06-09,GPU Inference,Enterprise,34516
2026-06-09,GPU Inference,Mid-Market,19668
2026-06-09,GPU Inference,Startup,21058
2026-06-09,GPU Inference,Research/Academic,1724
2026-06-09,CPU Batch,Enterprise,8826
2026-06-09,CPU Batch,Mid-Market,5306
2026-06-09,CPU Batch,Startup,1601
2026-06-09,CPU Batch,Research/Academic,2151
2026-06-09,CPU Interactive,Enterprise,7665
2026-06-09,CPU Interactive,Mid-Market,4165
2026-06-09,CPU Interactive,Startup,2922
2026-06-09,CPU Interactive,Research/Academic,3106
2026-06-10,GPU Training,Enterprise,33175
2026-06-10,GPU Training,Mid-Market,13292
2026-06-10,GPU Training,Startup,7173
2026-06-10,GPU Training,Research/Academic,5055
2026-06-10,GPU Inference,Enterprise,34857
2026-06-10,GPU Inference,Mid-Market,22295
2026-06-10,GPU Inference,Startup,22053
2026-06-10,GPU Inference,Research/Academic,2040
2026-06-10,CPU Batch,Enterprise,9645
2026-06-10,CPU Batch,Mid-Market,5178
2026-06-10,CPU Batch,Startup,1542
2026-06-10,CPU Batch,Research/Academic,1893
2026-06-10,CPU Interactive,Enterprise,7369
2026-06-10,CPU Interactive,Mid-Market,4429
2026-06-10,CPU Interactive,Startup,3179
2026-06-10,CPU Interactive,Research/Academic,3281
2026-06-11,GPU Training,Enterprise,32801
2026-06-11,GPU Training,Mid-Market,13985
2026-06-11,GPU Training,Startup,8118
2026-06-11,GPU Training,Research/Academic,5308
2026-06-11,GPU Inference,Enterprise,32819
2026-06-11,GPU Inference,Mid-Market,21641
2026-06-11,GPU Inference,Startup,22377
2026-06-11,GPU Inference,Research/Academic,1786
2026-06-11,CPU Batch,Enterprise,9774
2026-06-11,CPU Batch,Mid-Market,4982
2026-06-11,CPU Batch,Startup,1586
2026-06-11,CPU Batch,Research/Academic,2091
2026-06-11,CPU Interactive,Enterprise,8152
2026-06-11,CPU Interactive,Mid-Market,4664
2026-06-11,CPU Interactive,Startup,3306
2026-06-11,CPU Interactive,Research/Academic,3199
2026-06-12,GPU Training,Enterprise,29804
2026-06-12,GPU Training,Mid-Market,13908
2026-06-12,GPU Training,Startup,8657
2026-06-12,GPU Training,Research/Academic,4868
2026-06-12,GPU Inference,Enterprise,32434
2026-06-12,GPU Inference,Mid-Market,18211
2026-06-12,GPU Inference,Startup,17599
2026-06-12,GPU Inference,Research/Academic,2178
2026-06-12,CPU Batch,Enterprise,9089
2026-06-12,CPU Batch,Mid-Market,4839
2026-06-12,CPU Batch,Startup,2074
2026-06-12,CPU Batch,Research/Academic,1655
2026-06-12,CPU Interactive,Enterprise,7124
2026-06-12,CPU Interactive,Mid-Market,3691
2026-06-12,CPU Interactive,Startup,2880
2026-06-12,CPU Interactive,Research/Academic,3301
2026-06-13,GPU Training,Enterprise,25489
2026-06-13,GPU Training,Mid-Market,9793
2026-06-13,GPU Training,Startup,5380
2026-06-13,GPU Training,Research/Academic,3872
2026-06-13,GPU Inference,Enterprise,21973
2026-06-13,GPU Inference,Mid-Market,13855
2026-06-13,GPU Inference,Startup,13674
2026-06-13,GPU Inference,Research/Academic,1447
2026-06-13,CPU Batch,Enterprise,5991
2026-06-13,CPU Batch,Mid-Market,3235
2026-06-13,CPU Batch,Startup,1158
2026-06-13,CPU Batch,Research/Academic,1343
2026-06-13,CPU Interactive,Enterprise,4076
2026-06-13,CPU Interactive,Mid-Market,2253
2026-06-13,CPU Interactive,Startup,1908
2026-06-13,CPU Interactive,Research/Academic,1743
2026-06-14,GPU Training,Enterprise,22933
2026-06-14,GPU Training,Mid-Market,10175
2026-06-14,GPU Training,Startup,5839
2026-06-14,GPU Training,Research/Academic,3628
2026-06-14,GPU Inference,Enterprise,19886
2026-06-14,GPU Inference,Mid-Market,11814
2026-06-14,GPU Inference,Startup,11014
2026-06-14,GPU Inference,Research/Academic,1449
2026-06-14,CPU Batch,Enterprise,5310
2026-06-14,CPU Batch,Mid-Market,2665
2026-06-14,CPU Batch,Startup,761
2026-06-14,CPU Batch,Research/Academic,997
2026-06-14,CPU Interactive,Enterprise,3248
2026-06-14,CPU Interactive,Mid-Market,1871
2026-06-14,CPU Interactive,Startup,1600
2026-06-14,CPU Interactive,Research/Academic,1438
2026-06-15,GPU Training,Enterprise,33803
2026-06-15,GPU Training,Mid-Market,11691
2026-06-15,GPU Training,Startup,5948
2026-06-15,GPU Training,Research/Academic,5668
2026-06-15,GPU Inference,Enterprise,33669
2026-06-15,GPU Inference,Mid-Market,18228
2026-06-15,GPU Inference,Startup,19295
2026-06-15,GPU Inference,Research/Academic,2006
2026-06-15,CPU Batch,Enterprise,8807
2026-06-15,CPU Batch,Mid-Market,4367
2026-06-15,CPU Batch,Startup,1089
2026-06-15,CPU Batch,Research/Academic,1686
2026-06-15,CPU Interactive,Enterprise,7147
2026-06-15,CPU Interactive,Mid-Market,4314
2026-06-15,CPU Interactive,Startup,2715
2026-06-15,CPU Interactive,Research/Academic,2878
2026-06-16,GPU Training,Enterprise,32772
2026-06-16,GPU Training,Mid-Market,13535
2026-06-16,GPU Training,Startup,7959
2026-06-16,GPU Training,Research/Academic,4249
2026-06-16,GPU Inference,Enterprise,38089
2026-06-16,GPU Inference,Mid-Market,21014
2026-06-16,GPU Inference,Startup,18936
2026-06-16,GPU Inference,Research/Academic,1926
2026-06-16,CPU Batch,Enterprise,9383
2026-06-16,CPU Batch,Mid-Market,5098
2026-06-16,CPU Batch,Startup,1528
2026-06-16,CPU Batch,Research/Academic,1926
2026-06-16,CPU Interactive,Enterprise,7149
2026-06-16,CPU Interactive,Mid-Market,4211
2026-06-16,CPU Interactive,Startup,3303
2026-06-16,CPU Interactive,Research/Academic,3450
2026-06-17,GPU Training,Enterprise,34374
2026-06-17,GPU Training,Mid-Market,15172
2026-06-17,GPU Training,Startup,6413
2026-06-17,GPU Training,Research/Academic,5113
2026-06-17,GPU Inference,Enterprise,34603
2026-06-17,GPU Inference,Mid-Market,19000
2026-06-17,GPU Inference,Startup,19055
2026-06-17,GPU Inference,Research/Academic,2327
2026-06-17,CPU Batch,Enterprise,9225
2026-06-17,CPU Batch,Mid-Market,4458
2026-06-17,CPU Batch,Startup,1478
2026-06-17,CPU Batch,Research/Academic,1919
2026-06-17,CPU Interactive,Enterprise,7462
2026-06-17,CPU Interactive,Mid-Market,4417
2026-06-17,CPU Interactive,Startup,3326
2026-06-17,CPU Interactive,Research/Academic,3443
2026-06-18,GPU Training,Enterprise,32416
2026-06-18,GPU Training,Mid-Market,13356
2026-06-18,GPU Training,Startup,7217
2026-06-18,GPU Training,Research/Academic,5329
2026-06-18,GPU Inference,Enterprise,35574
2026-06-18,GPU Inference,Mid-Market,20599
2026-06-18,GPU Inference,Startup,22102
2026-06-18,GPU Inference,Research/Academic,2036
2026-06-18,CPU Batch,Enterprise,9860
2026-06-18,CPU Batch,Mid-Market,5313
2026-06-18,CPU Batch,Startup,1577
2026-06-18,CPU Batch,Research/Academic,2005
2026-06-18,CPU Interactive,Enterprise,7449
2026-06-18,CPU Interactive,Mid-Market,3765
2026-06-18,CPU Interactive,Startup,3002
2026-06-18,CPU Interactive,Research/Academic,3796
2026-06-19,GPU Training,Enterprise,32581
2026-06-19,GPU Training,Mid-Market,13035
2026-06-19,GPU Training,Startup,6713
2026-06-19,GPU Training,Research/Academic,4451
2026-06-19,GPU Inference,Enterprise,34976
2026-06-19,GPU Inference,Mid-Market,18848
2026-06-19,GPU Inference,Startup,18170
2026-06-19,GPU Inference,Research/Academic,1899
2026-06-19,CPU Batch,Enterprise,9492
2026-06-19,CPU Batch,Mid-Market,5243
2026-06-19,CPU Batch,Startup,1347
2026-06-19,CPU Batch,Research/Academic,2039
2026-06-19,CPU Interactive,Enterprise,6950
2026-06-19,CPU Interactive,Mid-Market,3820
2026-06-19,CPU Interactive,Startup,2848
2026-06-19,CPU Interactive,Research/Academic,3067
2026-06-20,GPU Training,Enterprise,23487
2026-06-20,GPU Training,Mid-Market,10596
2026-06-20,GPU Training,Startup,5521
2026-06-20,GPU Training,Research/Academic,4167
2026-06-20,GPU Inference,Enterprise,23388
2026-06-20,GPU Inference,Mid-Market,13911
2026-06-20,GPU Inference,Startup,10482
2026-06-20,GPU Inference,Research/Academic,1307
2026-06-20,CPU Batch,Enterprise,6158
2026-06-20,CPU Batch,Mid-Market,3007
2026-06-20,CPU Batch,Startup,1055
2026-06-20,CPU Batch,Research/Academic,1108
2026-06-20,CPU Interactive,Enterprise,3865
2026-06-20,CPU Interactive,Mid-Market,2466
2026-06-20,CPU Interactive,Startup,1789
2026-06-20,CPU Interactive,Research/Academic,1556
2026-06-21,GPU Training,Enterprise,25954
2026-06-21,GPU Training,Mid-Market,11554
2026-06-21,GPU Training,Startup,8040
2026-06-21,GPU Training,Research/Academic,4173
2026-06-21,GPU Inference,Enterprise,21368
2026-06-21,GPU Inference,Mid-Market,13475
2026-06-21,GPU Inference,Startup,15852
2026-06-21,GPU Inference,Research/Academic,1346
2026-06-21,CPU Batch,Enterprise,5812
2026-06-21,CPU Batch,Mid-Market,2871
2026-06-21,CPU Batch,Startup,977
2026-06-21,CPU Batch,Research/Academic,939
2026-06-21,CPU Interactive,Enterprise,3464
2026-06-21,CPU Interactive,Mid-Market,2052
2026-06-21,CPU Interactive,Startup,1454
2026-06-21,CPU Interactive,Research/Academic,1514
2026-06-22,GPU Training,Enterprise,32812
2026-06-22,GPU Training,Mid-Market,13890
2026-06-22,GPU Training,Startup,7593
2026-06-22,GPU Training,Research/Academic,5384
2026-06-22,GPU Inference,Enterprise,35789
2026-06-22,GPU Inference,Mid-Market,19660
2026-06-22,GPU Inference,Startup,23749
2026-06-22,GPU Inference,Research/Academic,1943
2026-06-22,CPU Batch,Enterprise,10239
2026-06-22,CPU Batch,Mid-Market,5597
2026-06-22,CPU Batch,Startup,1523
2026-06-22,CPU Batch,Research/Academic,1905
2026-06-22,CPU Interactive,Enterprise,7259
2026-06-22,CPU Interactive,Mid-Market,4283
2026-06-22,CPU Interactive,Startup,3468
2026-06-22,CPU Interactive,Research/Academic,3018
2026-06-23,GPU Training,Enterprise,35793
2026-06-23,GPU Training,Mid-Market,12300
2026-06-23,GPU Training,Startup,7896
2026-06-23,GPU Training,Research/Academic,6321
2026-06-23,GPU Inference,Enterprise,34521
2026-06-23,GPU Inference,Mid-Market,18932
2026-06-23,GPU Inference,Startup,21794
2026-06-23,GPU Inference,Research/Academic,2469
2026-06-23,CPU Batch,Enterprise,9888
2026-06-23,CPU Batch,Mid-Market,4666
2026-06-23,CPU Batch,Startup,1338
2026-06-23,CPU Batch,Research/Academic,2023
2026-06-23,CPU Interactive,Enterprise,7420
2026-06-23,CPU Interactive,Mid-Market,4481
2026-06-23,CPU Interactive,Startup,3365
2026-06-23,CPU Interactive,Research/Academic,3490
2026-06-24,GPU Training,Enterprise,39649
2026-06-24,GPU Training,Mid-Market,15588
2026-06-24,GPU Training,Startup,9784
2026-06-24,GPU Training,Research/Academic,6347
2026-06-24,GPU Inference,Enterprise,37395
2026-06-24,GPU Inference,Mid-Market,21515
2026-06-24,GPU Inference,Startup,21105
2026-06-24,GPU Inference,Research/Academic,2401
2026-06-24,CPU Batch,Enterprise,9784
2026-06-24,CPU Batch,Mid-Market,6190
2026-06-24,CPU Batch,Startup,1541
2026-06-24,CPU Batch,Research/Academic,2100
2026-06-24,CPU Interactive,Enterprise,7996
2026-06-24,CPU Interactive,Mid-Market,4462
2026-06-24,CPU Interactive,Startup,4426
2026-06-24,CPU Interactive,Research/Academic,3634
2026-06-25,GPU Training,Enterprise,36451
2026-06-25,GPU Training,Mid-Market,14290
2026-06-25,GPU Training,Startup,8512
2026-06-25,GPU Training,Research/Academic,5850
2026-06-25,GPU Inference,Enterprise,36012
2026-06-25,GPU Inference,Mid-Market,21202
2026-06-25,GPU Inference,Startup,23578
2026-06-25,GPU Inference,Research/Academic,2469
2026-06-25,CPU Batch,Enterprise,10054
2026-06-25,CPU Batch,Mid-Market,5511
2026-06-25,CPU Batch,Startup,1614
2026-06-25,CPU Batch,Research/Academic,1983
2026-06-25,CPU Interactive,Enterprise,7990
2026-06-25,CPU Interactive,Mid-Market,4243
2026-06-25,CPU Interactive,Startup,3221
2026-06-25,CPU Interactive,Research/Academic,4155
2026-06-26,GPU Training,Enterprise,34652
2026-06-26,GPU Training,Mid-Market,13960
2026-06-26,GPU Training,Startup,7748
2026-06-26,GPU Training,Research/Academic,6221
2026-06-26,GPU Inference,Enterprise,34646
2026-06-26,GPU Inference,Mid-Market,21268
2026-06-26,GPU Inference,Startup,20769
2026-06-26,GPU Inference,Research/Academic,2182
2026-06-26,CPU Batch,Enterprise,9864
2026-06-26,CPU Batch,Mid-Market,5359
2026-06-26,CPU Batch,Startup,1803
2026-06-26,CPU Batch,Research/Academic,2003
2026-06-26,CPU Interactive,Enterprise,8119
2026-06-26,CPU Interactive,Mid-Market,4335
2026-06-26,CPU Interactive,Startup,2610
2026-06-26,CPU Interactive,Research/Academic,3715
2026-06-27,GPU Training,Enterprise,27297
2026-06-27,GPU Training,Mid-Market,10932
2026-06-27,GPU Training,Startup,5986
2026-06-27,GPU Training,Research/Academic,3624
2026-06-27,GPU Inference,Enterprise,23278
2026-06-27,GPU Inference,Mid-Market,16387
2026-06-27,GPU Inference,Startup,13671
2026-06-27,GPU Inference,Research/Academic,1639
2026-06-27,CPU Batch,Enterprise,6109
2026-06-27,CPU Batch,Mid-Market,3308
2026-06-27,CPU Batch,Startup,1186
2026-06-27,CPU Batch,Research/Academic,1327
2026-06-27,CPU Interactive,Enterprise,4275
2026-06-27,CPU Interactive,Mid-Market,2386
2026-06-27,CPU Interactive,Startup,1727
2026-06-27,CPU Interactive,Research/Academic,1847
2026-06-28,GPU Training,Enterprise,24034
2026-06-28,GPU Training,Mid-Market,11290
2026-06-28,GPU Training,Startup,6996
2026-06-28,GPU Training,Research/Academic,3703
2026-06-28,GPU Inference,Enterprise,21759
2026-06-28,GPU Inference,Mid-Market,12884
2026-06-28,GPU Inference,Startup,13818
2026-06-28,GPU Inference,Research/Academic,1351
2026-06-28,CPU Batch,Enterprise,5698
2026-06-28,CPU Batch,Mid-Market,3042
2026-06-28,CPU Batch,Startup,925
2026-06-28,CPU Batch,Research/Academic,1392
2026-06-28,CPU Interactive,Enterprise,3533
2026-06-28,CPU Interactive,Mid-Market,2311
2026-06-28,CPU Interactive,Startup,1817
2026-06-28,CPU Interactive,Research/Academic,1751
2026-06-29,GPU Training,Enterprise,31142
2026-06-29,GPU Training,Mid-Market,13687
2026-06-29,GPU Training,Startup,7274
2026-06-29,GPU Training,Research/Academic,5376
2026-06-29,GPU Inference,Enterprise,33567
2026-06-29,GPU Inference,Mid-Market,21444
2026-06-29,GPU Inference,Startup,23013
2026-06-29,GPU Inference,Research/Academic,2316
2026-06-29,CPU Batch,Enterprise,9353
2026-06-29,CPU Batch,Mid-Market,4819
2026-06-29,CPU Batch,Startup,1664
2026-06-29,CPU Batch,Research/Academic,2245
2026-06-29,CPU Interactive,Enterprise,7240
2026-06-29,CPU Interactive,Mid-Market,4255
2026-06-29,CPU Interactive,Startup,2971
2026-06-29,CPU Interactive,Research/Academic,3230
2026-06-30,GPU Training,Enterprise,36286
2026-06-30,GPU Training,Mid-Market,14247
2026-06-30,GPU Training,Startup,8538
2026-06-30,GPU Training,Research/Academic,5870
2026-06-30,GPU Inference,Enterprise,37332
2026-06-30,GPU Inference,Mid-Market,22237
2026-06-30,GPU Inference,Startup,19418
2026-06-30,GPU Inference,Research/Academic,2059
2026-06-30,CPU Batch,Enterprise,9762
2026-06-30,CPU Batch,Mid-Market,5338
2026-06-30,CPU Batch,Startup,1543
2026-06-30,CPU Batch,Research/Academic,2047
2026-06-30,CPU Interactive,Enterprise,8089
2026-06-30,CPU Interactive,Mid-Market,4841
2026-06-30,CPU Interactive,Startup,3913
2026-06-30,CPU Interactive,Research/Academic,3270
